problem_id,submission_id,language,code_bytes,BFS,DFS_RECURSIVE,DFS_ITERATIVE,BINARY_SEARCH,DP,GREEDY,DSU,loop_count,max_loop_depth,has_recursion,function_count,subscript_count
p02537,s000396746,cpp,1018,0,0,0,0,0,0,0,2,1,1,4,23
p02537,s000584195,cpp,1245,0,0,0,0,1,0,0,5,1,0,4,11
p02537,s000788252,cpp,7201,0,0,0,0,1,0,0,5,2,1,57,33
p02537,s000820224,cpp,1961,0,0,0,0,1,0,0,3,1,0,6,18
p02537,s001127990,cpp,673,0,0,0,0,0,0,0,2,1,0,3,3
p02537,s001606839,cpp,816,0,1,0,0,0,0,0,1,1,1,3,3
p02537,s003109820,cpp,606,0,0,0,0,0,0,0,0,0,0,4,5
p02537,s003429394,cpp,2880,0,0,0,0,1,0,0,7,1,0,10,16
p02537,s003467530,cpp,3985,0,1,0,0,1,0,0,9,1,1,17,14
p02537,s004639931,cpp,3970,0,1,0,0,1,0,0,4,1,1,10,20
p02537,s004724111,cpp,1379,0,0,0,0,1,0,0,2,1,0,7,9
p02537,s004859823,cpp,2273,0,0,0,0,1,0,0,5,1,0,5,30
p02537,s006163110,cpp,2077,0,0,0,0,0,0,0,0,0,0,5,2
p02537,s007090035,cpp,1503,0,1,0,0,1,0,0,1,1,1,3,5
p02537,s007281977,cpp,3210,0,0,0,0,0,0,0,2,1,1,12,15
p02537,s007554950,cpp,3600,0,0,0,1,1,0,0,3,1,1,20,11
p02537,s007579892,cpp,2365,0,0,0,0,1,0,0,5,1,0,11,11
p02537,s008534166,cpp,1337,0,0,0,0,0,0,0,2,1,1,7,0
p02537,s008651617,cpp,2629,0,0,0,0,0,0,0,2,1,1,15,2
p02537,s010415208,cpp,2149,0,0,0,0,0,0,0,3,1,1,10,6
p02537,s011075452,cpp,559,0,0,0,0,0,0,0,2,1,0,3,4
p02537,s011332085,cpp,3382,0,1,0,0,1,0,0,10,1,1,12,10
p02537,s011704779,cpp,1279,0,0,0,0,1,0,0,2,1,0,5,5
p02537,s011766249,cpp,1657,0,0,0,0,0,0,0,2,1,1,4,28
p02537,s012912662,cpp,22006,0,0,0,0,1,1,0,24,2,0,84,32
p02537,s013254689,cpp,1377,0,1,0,0,1,0,0,2,1,1,3,9
p02537,s013676182,cpp,3667,0,0,0,0,0,1,0,5,1,0,21,18
p02537,s014557734,cpp,1208,0,0,0,0,1,0,0,2,1,0,6,5
p02537,s017509291,cpp,1734,0,0,0,0,0,0,0,1,1,0,7,2
p02537,s018191801,cpp,4860,0,0,0,0,1,0,0,5,1,0,16,24
p02537,s003067542,python,143,0,0,0,0,1,0,0,1,1,0,0,4
p02537,s009704540,python,2055,0,0,0,0,1,0,0,3,1,0,17,6
p02537,s010343308,python,1539,0,0,0,0,1,0,0,6,2,0,6,8
p02537,s012232464,python,1978,0,0,0,0,1,0,0,7,2,0,3,18
p02537,s023286113,python,2553,0,0,0,0,1,0,0,5,1,0,4,11
p02537,s026680882,python,2056,0,0,0,0,1,0,0,6,1,0,6,12
p02537,s026854320,python,1372,0,0,0,1,1,0,0,4,1,0,4,11
p02537,s028432527,python,1005,0,0,0,0,1,0,0,3,1,0,5,7
p02537,s028433645,python,3160,0,0,0,0,1,0,0,11,2,0,9,18
p02537,s032924090,python,2232,0,0,0,0,1,0,0,6,1,0,4,16
p02537,s033886329,python,2389,0,0,0,0,1,0,0,8,1,0,4,22
p02537,s035547653,python,1609,0,0,0,0,1,0,0,4,1,0,7,13
p02537,s044048413,python,2271,0,0,0,0,1,0,0,5,1,0,4,14
p02537,s046530637,python,956,0,0,0,0,1,0,0,3,1,0,2,6
p02537,s049374159,python,5949,0,0,0,0,0,0,0,3,2,0,2,5
p02537,s050068231,python,1210,0,0,0,0,1,0,0,3,1,0,3,6
p02537,s053360316,python,2134,0,0,0,0,0,0,0,2,1,0,1,12
p02537,s053767124,python,1125,0,0,0,0,1,0,0,3,1,0,4,6
p02537,s054718922,python,1887,0,0,0,0,1,0,0,6,1,0,6,12
p02537,s058209678,python,2111,0,0,0,0,1,0,0,6,1,0,4,12
p02537,s059113462,python,2370,0,0,0,0,0,0,0,1,1,0,0,6
p02537,s060770832,python,514,0,0,0,0,0,0,0,4,3,0,0,6
p02537,s070827619,python,3708,0,0,0,0,1,0,0,6,1,0,17,13
p02537,s072031719,python,1963,0,0,0,0,1,0,0,6,1,0,5,19
p02537,s079240935,python,1012,0,0,0,1,1,0,0,4,1,0,3,9
p02537,s079521355,python,2388,0,0,0,0,1,0,0,5,1,0,6,11
p02537,s082390003,python,2750,0,0,0,0,1,0,0,11,2,0,9,19
p02537,s087883792,python,2813,0,0,0,0,1,0,0,5,1,0,10,10
p02537,s091875959,python,1609,0,0,0,0,1,0,0,5,1,0,3,11
p02537,s092486151,python,3005,0,0,0,0,1,0,0,11,2,0,9,18
p02540,s000038207,cpp,2484,0,1,0,0,0,0,0,9,2,1,6,21
p02540,s000778546,cpp,958,0,1,0,0,0,0,0,5,2,1,3,18
p02540,s000994142,cpp,1539,0,0,0,0,0,1,0,1,1,0,7,8
p02540,s001436175,cpp,64186,1,1,0,0,1,0,1,127,3,1,170,353
p02540,s001918701,cpp,2581,0,1,0,0,0,0,0,12,2,1,4,29
p02540,s003128335,cpp,2948,0,1,0,0,1,0,1,2,1,1,11,30
p02540,s003684787,cpp,4454,0,0,0,0,1,0,0,5,2,1,26,21
p02540,s005372445,cpp,874,0,0,0,0,0,0,0,5,2,0,3,8
p02540,s005958718,cpp,3939,0,0,0,0,1,1,0,9,2,0,10,22
p02540,s006353582,cpp,2324,0,0,0,0,1,1,0,1,1,0,13,13
p02540,s006773416,cpp,3755,0,0,0,0,1,1,0,9,1,0,8,49
p02540,s007662322,cpp,1583,1,0,0,0,0,0,0,5,2,1,5,27
p02540,s008561595,cpp,1577,0,0,0,0,1,1,1,6,2,0,6,27
p02540,s011296333,cpp,2263,0,0,0,0,1,1,0,1,1,0,11,25
p02540,s013356573,cpp,4312,0,1,0,0,0,0,0,6,1,1,6,35
p02540,s015476557,cpp,1479,0,0,0,0,0,0,0,2,1,0,6,12
p02540,s016564456,cpp,1730,0,1,0,0,0,0,0,2,1,1,2,19
p02540,s017307098,cpp,3785,0,0,0,0,0,1,0,8,2,0,11,24
p02540,s018039994,cpp,1341,0,1,0,0,0,0,0,3,1,1,2,22
p02540,s021434392,cpp,1466,0,1,0,0,1,0,0,6,2,1,2,18
p02540,s021471976,cpp,1956,0,0,0,0,0,1,1,3,2,0,7,12
p02540,s021942301,cpp,2246,0,0,0,0,1,1,0,1,1,0,10,25
p02540,s022164173,cpp,61283,1,1,0,0,1,0,0,138,3,1,223,398
p02540,s025897750,cpp,1996,0,0,0,0,0,1,0,2,1,0,6,0
p02540,s026997562,cpp,3679,0,0,0,0,1,1,1,5,2,0,14,27
p02540,s031462096,cpp,2826,0,0,0,0,0,1,0,2,1,0,15,27
p02540,s036763626,cpp,12766,1,1,1,1,1,0,0,20,2,1,87,194
p02540,s036882050,cpp,974,0,0,0,0,1,1,0,7,2,0,3,17
p02540,s037386268,cpp,2787,0,1,0,0,1,0,0,4,2,1,3,34
p02540,s039808600,cpp,7035,0,0,0,0,1,0,0,11,1,1,44,42
p02540,s002095264,python,1223,0,0,0,0,0,0,0,6,3,0,4,16
p02540,s031581388,python,7405,1,0,1,0,1,1,1,19,2,0,25,48
p02540,s036338692,python,2786,0,0,0,0,1,0,0,11,2,0,7,35
p02540,s042200441,python,1246,0,0,0,0,1,1,0,3,2,0,5,12
p02540,s046053775,python,443,0,0,0,0,1,0,0,4,1,0,0,9
p02540,s052006295,python,3829,0,0,0,0,1,0,0,4,2,0,9,13
p02540,s056175891,python,836,0,0,0,1,1,0,0,7,2,0,1,17
p02540,s072779149,python,3508,0,0,0,0,1,1,0,10,2,0,10,41
p02540,s085027720,python,1752,0,1,0,0,0,0,1,7,2,1,3,12
p02540,s089478410,python,2116,0,0,0,0,1,1,0,6,1,0,10,44
p02540,s089717676,python,4832,1,0,1,0,1,0,0,13,2,1,27,28
p02540,s153203969,python,998,0,0,0,0,1,1,0,3,2,0,5,15
p02540,s154296273,python,3518,0,0,0,0,1,0,0,13,1,0,10,61
p02540,s178005900,python,955,1,0,0,0,0,1,0,8,2,0,1,25
p02540,s183808194,python,332,0,0,0,0,0,0,0,3,2,0,0,6
p02540,s194052280,python,761,0,0,0,0,1,0,0,4,2,1,3,24
p02540,s195536024,python,524,0,0,0,0,0,0,0,3,1,0,0,7
p02540,s218604986,python,1163,1,0,1,0,1,1,0,5,2,0,3,16
p02540,s223361692,python,1113,1,0,1,0,1,1,0,6,2,0,2,20
p02540,s260963781,python,4791,1,0,1,0,1,0,0,13,2,1,27,28
p02540,s272154145,python,2173,1,0,1,0,1,0,0,6,2,0,9,16
p02540,s272636287,python,2886,0,0,0,0,0,1,0,11,3,0,2,19
p02540,s274550944,python,1014,1,0,0,0,0,1,0,8,2,0,1,25
p02540,s282676559,python,1017,0,0,0,0,1,1,0,2,1,0,5,15
p02540,s282814846,python,1920,0,0,0,0,0,1,0,5,2,0,7,23
p02540,s299900560,python,1295,0,0,0,1,0,1,0,9,3,0,4,11
p02540,s303248108,python,886,0,0,0,0,1,1,0,5,2,0,2,39
p02540,s333695746,python,1010,1,0,0,0,0,0,0,8,2,0,1,26
p02540,s350147244,python,1204,0,0,0,0,1,1,0,3,2,0,6,19
p02540,s350536960,python,8821,0,0,0,0,1,1,0,16,2,0,27,61
p02548,s000039518,cpp,1312,0,0,0,0,0,0,0,3,2,1,3,2
p02548,s000221130,cpp,488,0,0,0,0,0,0,0,1,1,0,1,0
p02548,s000289595,cpp,472,0,0,0,0,0,0,0,2,2,0,1,0
p02548,s000816094,cpp,170,0,0,0,0,0,0,0,1,1,0,1,0
p02548,s001435591,cpp,342,0,0,0,0,0,0,0,1,1,0,2,0
p02548,s001473261,cpp,652,0,0,0,0,0,0,0,2,2,0,1,0
p02548,s002171944,cpp,1630,0,0,0,0,0,0,0,5,2,0,6,5
p02548,s002322964,cpp,1004,0,0,0,0,0,0,0,4,2,1,4,0
p02548,s002696819,cpp,925,0,0,0,0,0,0,0,0,0,0,2,0
p02548,s002855370,cpp,497,0,0,0,0,0,0,0,1,1,0,1,0
p02548,s003173749,cpp,773,0,0,0,0,1,0,0,4,2,0,2,4
p02548,s003312215,cpp,1953,0,0,0,0,0,0,0,2,1,0,6,0
p02548,s003347519,cpp,3773,0,0,0,0,0,0,0,0,0,0,3,0
p02548,s003437497,cpp,4356,0,0,0,0,1,0,1,11,2,1,17,38
p02548,s003793839,cpp,279,0,0,0,0,0,0,0,2,2,0,1,0
p02548,s003874760,cpp,792,0,0,0,0,0,0,0,1,1,0,1,0
p02548,s003894908,cpp,264,0,0,0,0,0,0,0,1,1,0,1,0
p02548,s003911121,cpp,768,0,0,0,0,0,0,0,6,2,0,4,9
p02548,s003972366,cpp,2671,0,0,0,0,0,0,0,3,1,1,20,0
p02548,s004028432,cpp,1029,0,0,0,0,0,0,0,2,1,0,3,0
p02548,s004116706,cpp,250,0,0,0,0,0,0,0,2,2,0,1,0
p02548,s004129118,cpp,3152,0,1,0,0,0,0,0,6,2,1,16,7
p02548,s004688222,cpp,1442,0,0,0,0,0,0,0,2,1,0,3,0
p02548,s004749912,cpp,354,0,0,0,0,0,0,0,2,2,0,1,0
p02548,s004964407,cpp,991,0,0,0,0,0,0,1,6,2,0,4,7
p02548,s004978323,cpp,823,0,0,0,0,0,0,0,1,1,1,3,0
p02548,s005156074,cpp,1060,0,0,0,0,0,0,0,3,2,0,4,0
p02548,s005696599,cpp,331,0,0,0,0,0,0,0,1,1,0,1,0
p02548,s005988286,cpp,201,0,0,0,0,0,0,0,1,1,0,1,0
p02548,s006220204,cpp,385,0,0,0,0,0,0,0,1,1,0,1,0
p02548,s000785640,python,98,0,0,0,0,0,0,0,1,1,0,0,0
p02548,s001850942,python,156,0,0,0,0,0,0,0,1,1,0,0,0
p02548,s002680852,python,71,0,0,0,0,0,0,0,1,1,0,0,0
p02548,s003465278,python,102,0,0,0,0,0,0,0,1,1,0,0,0
p02548,s004628993,python,82,0,0,0,0,0,0,0,1,1,0,0,0
p02548,s005629559,python,91,0,0,0,0,0,0,0,1,1,0,0,0
p02548,s007059907,python,94,0,0,0,0,0,0,0,1,1,0,0,0
p02548,s007455384,python,160,0,0,0,0,0,0,0,2,2,0,0,2
p02548,s007703130,python,88,0,0,0,0,0,0,0,1,1,0,0,0
p02548,s007725554,python,115,0,0,0,0,0,0,0,1,1,0,1,0
p02548,s007829476,python,68,0,0,0,0,0,0,0,1,1,0,0,0
p02548,s008262763,python,112,0,0,0,0,0,0,0,2,2,0,0,0
p02548,s009864985,python,402,0,0,0,0,0,0,0,1,1,0,1,0
p02548,s009888015,python,25670,1,0,1,0,1,1,0,33,3,0,32,84
p02548,s009972591,python,123,0,0,0,0,0,0,0,1,1,0,1,0
p02548,s011571370,python,122,0,0,0,0,0,0,0,1,1,0,0,0
p02548,s012177732,python,480,0,0,0,0,0,0,0,3,2,0,4,2
p02548,s013222337,python,85,0,0,0,0,0,0,0,1,1,0,0,0
p02548,s013249472,python,229,0,0,0,0,0,0,0,1,1,0,1,0
p02548,s013617733,python,1139,0,0,0,0,0,0,0,9,1,0,1,7
p02548,s014339360,python,77,0,0,0,0,0,0,0,1,1,0,0,0
p02548,s014758028,python,218,0,0,0,0,0,0,0,2,2,0,0,0
p02548,s014839218,python,142,0,0,0,0,0,0,0,2,2,0,0,0
p02548,s015667751,python,127,0,0,0,0,0,0,0,2,2,0,0,0
p02548,s015710006,python,138,0,0,0,0,0,0,0,1,1,0,0,0
p02548,s016493747,python,82,0,0,0,0,0,0,0,1,1,0,0,0
p02548,s017796696,python,88,0,0,0,0,0,0,0,1,1,0,0,0
p02548,s017814336,python,256,0,0,0,0,0,0,0,2,2,0,1,1
p02548,s018221257,python,309,0,0,0,1,0,0,0,2,1,0,1,0
p02548,s019327117,python,223,0,0,0,0,0,0,0,1,1,0,1,0
p02549,s000084012,cpp,513,0,0,0,0,1,0,0,3,2,0,1,10
p02549,s001684696,cpp,3550,0,0,0,0,1,0,0,2,1,0,33,15
p02549,s002232096,cpp,1030,0,0,0,0,1,1,0,4,2,0,2,13
p02549,s002486069,cpp,1039,0,0,0,0,1,0,0,1,1,0,4,23
p02549,s003750041,cpp,1395,0,0,0,0,0,1,0,6,2,0,4,5
p02549,s003758634,cpp,1325,0,0,0,0,0,0,0,5,2,0,1,24
p02549,s004087096,cpp,941,0,0,0,0,1,0,0,2,2,0,3,19
p02549,s005238710,cpp,2833,0,0,0,0,1,0,0,4,2,1,16,16
p02549,s005530134,cpp,792,0,0,0,0,1,0,0,3,2,0,1,14
p02549,s006029152,cpp,3024,0,0,0,0,1,0,0,2,1,0,22,25
p02549,s006049338,cpp,1109,0,0,0,0,1,0,0,3,2,0,1,15
p02549,s006916810,cpp,1342,0,0,0,0,1,0,0,3,2,0,2,14
p02549,s007502078,cpp,4033,0,0,0,0,1,0,0,2,2,1,4,15
p02549,s007548388,cpp,1586,0,0,0,0,1,0,0,2,2,0,2,13
p02549,s007824148,cpp,3008,0,1,0,0,1,0,0,4,2,1,13,5
p02549,s007845482,cpp,2224,0,0,0,0,1,0,0,4,2,1,10,10
p02549,s007954510,cpp,2012,0,0,0,0,1,0,0,2,1,0,9,13
p02549,s008094698,cpp,1341,0,0,0,0,0,0,0,4,2,0,2,12
p02549,s008241701,cpp,2014,0,0,0,0,1,0,0,0,0,1,11,23
p02549,s008501619,cpp,2553,0,0,0,0,1,0,0,3,2,0,5,15
p02549,s008595862,cpp,785,0,0,0,0,1,0,0,3,2,0,1,14
p02549,s008681806,cpp,1250,0,0,0,0,1,0,0,4,2,0,2,17
p02549,s009175288,cpp,706,0,0,0,0,1,0,0,3,2,0,1,15
p02549,s009465400,cpp,4883,1,0,0,0,1,0,0,16,3,1,18,61
p02549,s010135689,cpp,1530,0,0,0,0,1,0,0,3,2,0,3,20
p02549,s010620955,cpp,1724,0,0,0,0,0,0,0,3,2,1,6,11
p02549,s010808009,cpp,1713,0,0,0,0,1,0,0,1,1,0,17,13
p02549,s011415601,cpp,45376,0,0,0,0,1,0,0,94,3,1,118,190
p02549,s011600920,cpp,2963,0,0,0,0,1,0,0,4,2,0,27,9
p02549,s011613534,cpp,3951,0,0,0,0,1,0,0,2,1,0,28,22
p02549,s001873994,python,572,0,0,0,0,1,0,0,3,2,0,0,13
p02549,s003019311,python,490,0,0,0,0,1,0,0,3,2,0,0,12
p02549,s004848399,python,548,0,0,0,0,1,0,0,2,2,0,0,10
p02549,s007784393,python,449,0,0,0,0,0,0,0,2,2,0,1,6
p02549,s008004884,python,455,0,0,0,0,0,0,0,4,2,0,2,4
p02549,s009191396,python,612,0,0,0,0,1,0,0,3,2,0,0,20
p02549,s009387707,python,567,0,0,0,0,0,1,0,3,2,0,0,12
p02549,s014850264,python,448,0,0,0,0,1,1,0,3,2,0,0,11
p02549,s015634772,python,397,0,0,0,0,0,0,0,2,2,0,0,6
p02549,s016996778,python,432,0,0,0,0,1,1,0,3,2,0,0,16
p02549,s017734103,python,378,0,0,0,0,1,0,0,2,2,0,0,14
p02549,s018521469,python,397,0,0,0,0,1,0,0,2,2,0,0,12
p02549,s021746667,python,954,0,0,0,0,1,1,0,2,2,0,1,16
p02549,s022935718,python,1663,0,0,0,0,1,0,0,6,2,0,4,15
p02549,s023993994,python,730,0,0,0,0,1,1,0,2,2,0,1,13
p02549,s026598884,python,543,0,0,0,0,1,0,0,3,2,0,0,11
p02549,s027826262,python,832,0,0,0,0,0,0,0,5,2,0,4,2
p02549,s029387836,python,318,0,0,0,0,1,0,0,3,2,0,0,9
p02549,s030473002,python,402,0,0,0,0,1,0,0,2,2,0,0,12
p02549,s032515346,python,383,0,0,0,0,1,0,0,2,2,0,1,8
p02549,s032764029,python,1147,0,0,0,0,0,0,0,3,2,0,1,7
p02549,s033195269,python,457,0,0,0,0,1,0,0,3,2,0,0,14
p02549,s034450215,python,459,0,0,0,0,1,0,0,2,2,0,0,15
p02549,s035262996,python,1754,0,0,0,0,1,0,0,4,2,0,5,12
p02549,s037986796,python,443,0,0,0,0,0,0,0,3,2,0,0,22
p02549,s040886132,python,408,0,0,0,0,1,0,0,2,2,0,0,11
p02549,s047563347,python,3122,0,1,0,0,1,0,0,13,2,1,10,28
p02549,s047746430,python,592,0,0,0,0,1,1,0,2,2,0,4,9
p02549,s052150127,python,296,0,0,0,0,1,0,0,3,2,0,0,9
p02549,s053310157,python,1936,0,0,0,0,1,1,0,8,2,0,4,15
p02557,s000447677,cpp,5593,0,0,0,0,0,0,0,4,2,1,13,12
p02557,s000535945,cpp,1811,0,0,0,0,0,0,0,1,1,1,5,15
p02557,s000714920,cpp,985,0,0,0,0,0,0,0,1,1,0,4,11
p02557,s001281576,cpp,6878,0,0,0,0,0,0,0,10,1,1,38,23
p02557,s003151645,cpp,2970,0,0,0,0,1,0,0,6,2,0,21,25
p02557,s003474439,cpp,545,0,0,0,0,0,0,0,5,2,0,1,10
p02557,s003684825,cpp,4794,0,0,0,0,0,0,0,16,3,0,3,31
p02557,s004009174,cpp,616,0,0,0,0,0,0,0,6,1,0,1,15
p02557,s005497778,cpp,3242,0,0,0,0,0,0,0,5,2,0,8,23
p02557,s005561211,cpp,725,0,0,0,0,0,0,0,1,1,0,2,14
p02557,s006255910,cpp,2063,0,0,0,0,0,0,0,0,0,0,1,29
p02557,s006977292,cpp,1819,0,0,0,0,0,0,0,9,1,1,4,17
p02557,s007986124,cpp,1309,0,0,0,0,0,0,0,8,1,0,2,14
p02557,s008309877,cpp,3894,0,0,0,0,0,0,0,2,1,0,11,7
p02557,s008660782,cpp,7023,1,0,0,0,0,0,0,18,2,1,18,24
p02557,s009133863,cpp,5899,0,0,0,0,0,0,0,8,1,0,16,20
p02557,s009597131,cpp,617,0,0,0,0,0,0,0,7,2,0,1,12
p02557,s010172638,cpp,1334,0,0,0,0,0,0,0,4,1,0,1,48
p02557,s010792909,cpp,2804,0,0,0,0,1,0,0,11,1,1,12,26
p02557,s011953694,cpp,577,0,0,0,0,1,0,0,6,1,0,1,15
p02557,s013990423,cpp,2658,0,1,0,0,0,0,0,2,1,1,9,27
p02557,s014015814,cpp,5149,0,0,0,0,0,0,0,0,0,1,30,30
p02557,s014058083,cpp,4065,0,0,0,0,0,0,0,5,1,1,16,21
p02557,s014363361,cpp,986,0,0,0,0,0,0,0,7,1,0,1,9
p02557,s014500527,cpp,495,0,0,0,0,0,0,0,1,1,0,3,15
p02557,s016530716,cpp,2341,0,0,0,0,0,0,0,17,2,0,1,59
p02557,s018117968,cpp,627,0,0,0,0,0,0,0,5,2,0,1,13
p02557,s018160911,cpp,1243,0,0,0,0,0,1,0,12,2,0,1,16
p02557,s018363191,cpp,1857,0,0,0,0,0,0,0,7,1,0,6,6
p02557,s018392993,cpp,2564,0,0,0,0,0,1,0,20,2,0,1,45
p02557,s005574406,python,1343,0,0,0,0,0,0,0,7,3,0,0,32
p02557,s013505840,python,583,0,0,0,0,0,0,0,2,1,0,1,12
p02557,s013788826,python,1000,0,0,0,0,1,1,0,5,1,0,0,14
p02557,s016381919,python,732,0,0,0,0,0,0,0,3,1,0,0,21
p02557,s016845363,python,1344,0,0,0,0,0,0,0,7,3,0,0,32
p02557,s021473920,python,1305,0,0,0,0,0,1,0,8,2,0,2,6
p02557,s022916268,python,528,0,0,0,0,1,0,0,3,1,0,0,10
p02557,s025380729,python,1192,0,0,0,0,0,0,0,5,2,0,1,11
p02557,s025575680,python,716,0,0,0,0,0,0,0,6,1,0,0,14
p02557,s032262597,python,678,0,0,0,0,0,0,0,3,1,0,1,5
p02557,s032991447,python,17212,0,0,0,1,1,0,0,24,2,1,50,66
p02557,s037735364,python,566,0,0,0,0,0,0,0,2,1,0,0,10
p02557,s046635889,python,870,0,0,0,0,0,0,0,3,2,0,1,6
p02557,s049586849,python,1024,0,0,0,0,0,0,0,3,1,0,0,27
p02557,s051078362,python,550,0,0,0,0,0,0,0,3,1,0,0,7
p02557,s055048637,python,590,0,0,0,0,0,0,0,4,1,0,1,17
p02557,s060515501,python,435,0,0,0,0,0,0,0,4,2,0,0,6
p02557,s060715960,python,1295,0,0,0,0,0,1,0,2,1,0,10,10
p02557,s063019531,python,887,0,0,0,0,1,0,0,8,2,0,1,14
p02557,s072833399,python,624,0,0,0,0,1,0,0,6,1,0,0,12
p02557,s093323713,python,725,0,0,0,0,0,0,0,3,1,0,0,21
p02557,s093497541,python,3066,0,0,0,0,0,0,0,2,1,0,2,3
p02557,s094875402,python,550,0,0,0,0,0,1,0,3,1,0,0,11
p02557,s104956706,python,1711,1,0,0,0,0,1,0,10,2,0,0,33
p02557,s106205773,python,1122,1,0,1,0,0,0,0,4,2,0,0,10
p02557,s106631629,python,515,0,0,0,0,1,0,0,4,1,0,0,12
p02557,s111162913,python,750,0,0,0,0,0,0,0,5,1,0,0,15
p02557,s118234302,python,3900,1,0,1,0,0,0,0,14,2,1,23,21
p02557,s120170862,python,873,0,0,0,0,0,0,0,5,1,0,0,23
p02557,s120708616,python,1594,1,0,1,0,0,1,0,9,2,0,2,17
p02564,s000865713,cpp,2601,0,0,0,0,0,0,0,5,1,1,15,1
p02564,s003074152,cpp,6827,0,0,0,0,1,1,0,11,1,0,39,30
p02564,s008263958,cpp,1743,0,0,0,0,0,0,0,0,0,1,8,0
p02564,s009390230,cpp,3963,0,0,0,0,0,0,0,3,1,1,19,0
p02564,s010427332,cpp,2046,0,0,0,0,0,0,0,2,2,0,7,1
p02564,s011931615,cpp,2833,0,0,0,0,0,1,0,8,2,0,14,31
p02564,s013566935,cpp,193,0,0,0,0,0,0,0,1,1,0,1,0
p02564,s017625283,cpp,4517,0,0,0,0,0,0,0,3,1,0,21,36
p02564,s018384024,cpp,4055,0,0,0,0,0,0,0,12,2,1,15,23
p02564,s023176112,cpp,2081,0,0,0,0,0,0,0,1,1,0,11,8
p02564,s023200368,cpp,1493,0,0,0,0,0,0,0,2,2,0,6,0
p02564,s027358805,cpp,690,0,0,0,0,0,0,0,3,2,0,1,4
p02564,s028092110,cpp,6821,0,0,0,0,1,1,0,11,1,0,39,30
p02564,s031182356,cpp,630,0,0,0,0,0,0,0,3,2,0,1,0
p02564,s032856865,cpp,4004,0,1,1,0,0,0,0,9,2,1,12,33
p02564,s033011201,cpp,6988,0,0,0,0,0,0,0,14,2,1,23,24
p02564,s035325476,cpp,6699,0,0,0,0,1,0,0,11,1,1,39,30
p02564,s038299770,cpp,2251,0,0,0,0,0,0,0,9,2,0,9,21
p02564,s047227238,cpp,1426,0,0,0,0,0,0,0,0,0,0,1,8
p02564,s048982214,cpp,1860,0,0,0,0,0,0,0,8,2,0,6,20
p02564,s052148919,cpp,3729,0,0,0,0,0,0,0,15,2,1,22,45
p02564,s053703813,cpp,689,0,0,0,0,0,0,0,0,0,0,2,4
p02564,s055593903,cpp,6695,0,0,0,0,1,0,0,11,1,1,39,30
p02564,s058197821,cpp,945,0,0,0,0,0,0,0,1,1,0,2,2
p02564,s063033273,cpp,1913,0,0,0,0,0,0,0,2,2,0,4,0
p02564,s064208658,cpp,2363,0,0,0,0,0,0,0,12,2,0,9,29
p02564,s067691223,cpp,60072,1,1,0,0,1,0,0,115,3,1,169,346
p02564,s071024818,cpp,54556,1,1,0,0,1,0,0,123,3,1,188,350
p02564,s071063185,cpp,518,0,0,0,0,0,0,0,3,2,0,1,0
p02564,s071073530,cpp,3542,0,0,0,0,0,0,0,3,1,0,18,2
p02564,s005993738,python,2110,0,0,0,0,0,0,0,2,1,0,1,3
p02564,s017513512,python,1665,0,0,0,0,0,1,0,10,2,0,5,17
p02564,s022479034,python,2162,1,0,1,0,0,0,0,11,2,0,8,23
p02564,s035321980,python,2716,1,0,1,0,1,0,0,11,3,0,5,35
p02564,s035835476,python,2747,1,0,0,0,1,0,0,11,3,0,5,35
p02564,s039489773,python,2713,1,0,0,0,1,0,0,11,3,0,5,35
p02564,s040208363,python,2073,1,0,1,0,0,0,0,10,3,0,1,22
p02564,s041905125,python,606,0,0,0,0,0,0,0,3,1,0,0,0
p02564,s047015990,python,2052,0,1,0,0,1,0,0,10,1,1,4,28
p02564,s097131683,python,1491,1,1,1,0,1,0,0,5,1,1,2,20
p02564,s113598697,python,2702,0,0,0,0,1,0,0,12,2,0,9,32
p02564,s118602356,python,2141,0,0,0,0,1,0,0,9,2,0,7,26
p02564,s134466177,python,4173,0,0,0,0,0,0,0,3,2,0,1,2
p02564,s142491622,python,1508,1,0,1,0,0,0,0,10,3,0,1,17
p02564,s151975704,python,1034,0,0,0,0,0,0,0,0,0,0,0,1
p02564,s169291561,python,837,0,1,0,0,0,0,0,8,2,1,3,24
p02564,s184654602,python,1508,1,0,1,0,0,0,0,10,3,0,1,17
p02564,s200748923,python,2879,1,0,1,0,1,0,0,12,3,0,6,36
p02564,s201617119,python,3011,1,0,1,0,0,0,0,8,3,1,19,14
p02564,s203408639,python,2699,1,0,0,0,1,0,0,11,3,0,5,35
p02564,s219664068,python,44602,1,1,1,0,1,0,0,133,3,1,183,439
p02564,s254614653,python,1665,0,0,0,0,0,1,0,10,2,0,5,17
p02564,s254818095,python,2660,0,0,0,0,1,0,0,12,2,0,8,37
p02564,s270407063,python,3465,0,0,0,0,1,0,0,11,1,1,16,37
p02564,s274350331,python,10042,0,0,0,0,0,0,0,2,1,0,1,1
p02564,s275466644,python,2638,1,0,1,0,1,0,0,11,3,0,5,35
p02564,s276850201,python,3744,0,0,0,0,0,0,0,15,2,0,5,32
p02564,s283862779,python,2115,0,1,0,0,1,0,0,4,1,1,3,37
p02564,s290565836,python,2659,0,0,0,0,0,0,0,8,2,0,4,35
p02564,s301929827,python,2957,1,0,1,0,1,0,0,14,3,0,5,46
p02617,s000913135,cpp,1115,0,0,0,0,0,0,0,4,1,0,1,5
p02617,s001077160,cpp,2529,0,0,0,0,0,0,0,1,1,1,8,0
p02617,s001469716,cpp,1024,0,0,0,0,0,0,0,0,0,1,6,0
p02617,s001869298,cpp,347,0,0,0,0,0,0,0,2,1,0,1,0
p02617,s001886357,cpp,666,0,0,0,0,0,0,0,4,1,0,2,0
p02617,s001917144,cpp,1548,0,0,0,0,0,0,0,0,0,1,6,0
p02617,s002456115,cpp,478,0,0,0,0,0,0,0,1,1,0,1,0
p02617,s002474028,cpp,2404,0,0,0,0,0,0,0,0,0,1,14,4
p02617,s003712932,cpp,924,0,0,0,0,0,0,0,2,1,0,7,0
p02617,s003739635,cpp,1834,0,0,0,0,0,0,0,2,1,1,7,0
p02617,s003906759,cpp,1166,0,0,0,0,0,0,0,1,1,1,4,0
p02617,s004164582,cpp,526,0,0,0,0,0,0,0,2,1,0,1,0
p02617,s005398628,cpp,736,0,0,0,0,0,0,0,3,1,0,1,4
p02617,s005955635,cpp,411,0,0,0,0,0,0,0,2,1,1,2,3
p02617,s006785208,cpp,924,0,0,0,0,0,0,0,2,1,0,1,0
p02617,s006878621,cpp,779,0,0,0,0,0,0,0,4,1,0,1,14
p02617,s007591722,cpp,1017,0,0,0,0,0,0,0,0,0,1,6,0
p02617,s008049287,cpp,7881,0,0,0,0,0,0,0,6,1,1,34,2
p02617,s008159800,cpp,2904,0,0,0,0,0,0,0,4,1,1,16,1
p02617,s008835990,cpp,715,0,0,0,0,0,0,0,3,1,0,1,7
p02617,s009281353,cpp,1391,0,0,0,0,0,0,0,1,1,0,3,0
p02617,s009511547,cpp,1317,0,0,0,0,0,0,0,0,0,0,2,0
p02617,s010574352,cpp,1064,0,0,0,0,0,0,0,2,2,0,2,3
p02617,s011148801,cpp,55013,1,1,0,1,1,0,1,45,2,1,250,365
p02617,s013348674,cpp,390,0,0,0,0,0,0,0,2,1,0,1,0
p02617,s014031428,cpp,1860,0,0,0,0,0,0,0,4,1,0,5,0
p02617,s014888937,cpp,3213,0,0,0,0,0,0,0,0,0,0,1,0
p02617,s015737714,cpp,864,0,0,0,0,0,0,0,0,0,0,2,0
p02617,s016105859,cpp,392,0,0,0,0,0,0,0,2,1,0,1,0
p02617,s016342195,cpp,520,0,0,0,0,0,0,0,2,1,0,2,0
p02617,s002219073,python,644,0,0,0,0,0,0,0,2,1,0,1,0
p02617,s012172163,python,167,0,0,0,0,0,0,0,1,1,0,0,0
p02617,s019308253,python,269,0,0,0,0,0,0,0,2,1,0,0,0
p02617,s019690369,python,210,0,0,0,0,0,0,0,2,1,0,0,0
p02617,s022437836,python,528,0,0,0,0,0,0,0,2,1,0,1,0
p02617,s024776633,python,160,0,0,0,0,0,0,0,1,1,0,0,0
p02617,s024854755,python,260,0,0,0,0,0,0,0,1,1,0,0,0
p02617,s026353497,python,190,0,0,0,0,0,0,0,2,1,0,0,0
p02617,s026927287,python,207,0,0,0,0,0,0,0,1,1,0,0,2
p02617,s027520522,python,162,0,0,0,0,0,0,0,2,1,0,0,0
p02617,s027611982,python,241,0,0,0,0,0,0,0,1,1,0,1,0
p02617,s037450543,python,446,0,0,0,0,0,0,0,2,1,0,0,0
p02617,s040406761,python,339,0,0,0,0,0,0,0,2,1,0,0,0
p02617,s041177386,python,353,0,0,0,0,0,0,0,1,1,0,0,2
p02617,s041886255,python,221,0,0,0,0,0,0,0,1,1,0,0,0
p02617,s042141978,python,280,0,0,0,0,0,0,0,1,1,0,1,0
p02617,s049500699,python,206,0,0,0,0,0,0,0,2,1,0,0,0
p02617,s050967462,python,573,0,0,0,0,0,0,0,1,1,0,4,0
p02617,s064340078,python,346,0,0,0,0,0,0,0,3,2,0,0,3
p02617,s069041632,python,162,0,0,0,0,0,0,0,2,1,0,0,0
p02617,s069176223,python,247,0,0,0,0,0,0,0,2,1,0,0,0
p02617,s069656863,python,568,1,0,0,0,0,0,0,4,2,0,0,5
p02617,s071293825,python,329,0,0,0,0,0,0,0,2,1,0,0,0
p02617,s074586848,python,1044,0,0,0,0,0,0,0,2,1,0,2,2
p02617,s075585390,python,233,0,0,0,0,0,0,0,2,1,0,0,0
p02617,s089414799,python,218,0,0,0,0,0,0,0,2,1,0,0,0
p02617,s092889763,python,254,0,0,0,0,0,0,0,2,1,0,1,0
p02617,s103934878,python,475,0,0,0,0,0,0,0,1,1,0,1,0
p02617,s109806715,python,215,0,0,0,0,0,0,0,2,1,0,0,0
p02617,s118525347,python,325,0,0,0,0,0,0,0,2,1,0,0,0
p02637,s002923402,cpp,1854,0,1,0,0,0,0,0,4,1,1,4,34
p02637,s023659417,cpp,6608,0,0,0,1,0,0,0,6,1,1,38,24
p02637,s065950096,cpp,2269,0,0,0,0,0,0,0,16,2,0,2,35
p02637,s080716085,cpp,3075,0,0,0,0,0,0,0,3,1,0,8,42
p02637,s121939312,cpp,2845,0,0,0,0,0,1,0,23,3,0,1,28
p02637,s130075519,cpp,2524,0,0,0,0,0,0,0,19,1,0,6,55
p02637,s137218574,cpp,2131,0,0,0,0,0,0,0,2,1,0,1,22
p02637,s146962841,cpp,4469,0,0,0,0,1,0,0,25,2,1,20,55
p02637,s166205205,cpp,3713,0,0,0,0,0,0,0,10,3,0,3,30
p02637,s201039183,cpp,2690,0,0,0,0,1,0,0,20,3,0,3,69
p02637,s202883905,cpp,2775,0,0,0,0,1,1,0,20,3,0,8,67
p02637,s203860726,cpp,3498,0,1,0,0,0,0,0,3,1,1,12,25
p02637,s211064256,cpp,2092,0,0,0,0,0,0,0,19,1,0,6,33
p02637,s221751843,cpp,2424,0,0,0,0,0,0,0,9,1,0,8,53
p02637,s226972674,cpp,3169,0,0,0,0,1,0,0,14,2,0,8,43
p02637,s234512230,cpp,2202,0,0,0,0,0,0,0,15,2,1,5,33
p02637,s252403904,cpp,2775,0,0,0,0,1,1,0,20,3,0,8,67
p02637,s282370769,cpp,2335,0,0,0,0,0,0,0,5,1,0,5,38
p02637,s345264039,cpp,2652,0,0,0,0,1,0,0,12,3,0,2,34
p02637,s357815173,cpp,5313,0,0,0,0,1,0,0,4,1,1,39,23
p02637,s361708624,cpp,2170,0,1,0,0,0,0,0,5,2,1,11,36
p02637,s385228729,cpp,2361,0,0,0,0,0,0,0,5,1,0,5,41
p02637,s386215723,cpp,1940,0,0,0,0,0,0,0,20,3,0,3,35
p02637,s456013762,cpp,1926,0,0,0,0,0,0,0,14,2,0,4,32
p02637,s456733886,cpp,2896,0,0,0,0,0,0,0,3,1,0,8,41
p02637,s487428310,cpp,1010,0,0,0,0,0,0,0,10,3,0,1,33
p02637,s489966972,cpp,1797,0,0,0,0,0,0,0,14,4,0,2,35
p02637,s497640087,cpp,2024,0,0,0,0,1,1,0,18,2,0,6,57
p02637,s508497814,cpp,3348,0,0,0,0,0,1,0,21,2,0,6,29
p02637,s520478010,cpp,17805,0,1,0,0,0,0,0,22,3,1,102,25
p02637,s902919271,python,2307,1,0,1,0,0,1,0,7,2,0,2,8
p02651,s001156331,cpp,486,0,0,0,0,0,0,0,4,3,0,1,7
p02651,s002641937,cpp,1151,0,0,0,0,0,0,0,5,3,0,1,12
p02651,s003793222,cpp,729,0,0,0,0,0,0,0,5,2,0,3,8
p02651,s005548639,cpp,1859,0,0,0,0,1,1,0,9,2,0,7,10
p02651,s005569949,cpp,1028,0,0,0,0,0,0,0,4,2,0,5,3
p02651,s006319213,cpp,1033,0,0,0,0,0,0,0,6,3,0,1,12
p02651,s007440357,cpp,1535,0,0,0,0,0,0,0,6,1,0,4,4
p02651,s007478804,cpp,1396,0,0,0,0,1,0,0,4,2,0,2,7
p02651,s008756223,cpp,1025,0,0,0,0,0,0,0,4,2,0,4,3
p02651,s009496931,cpp,1804,0,0,0,0,0,1,0,1,1,0,4,6
p02651,s009659536,cpp,3152,0,0,0,0,1,0,0,12,2,0,16,19
p02651,s012804357,cpp,2179,0,0,0,0,0,0,0,2,1,1,7,4
p02651,s013117507,cpp,432,0,0,0,0,0,0,0,4,3,0,2,6
p02651,s013399518,cpp,988,0,0,0,0,1,1,0,5,2,0,2,12
p02651,s014711166,cpp,1079,0,0,0,0,0,0,0,2,1,0,8,5
p02651,s015037884,cpp,3617,0,0,0,0,0,0,0,2,1,0,12,4
p02651,s015259835,cpp,1025,0,0,0,0,0,1,0,4,1,0,4,3
p02651,s015446222,cpp,2821,0,0,0,0,0,0,0,8,1,1,19,9
p02651,s015763819,cpp,4979,0,0,0,0,0,0,0,2,1,0,11,16
p02651,s016717772,cpp,1097,0,0,0,0,0,0,0,5,1,0,4,9
p02651,s017829992,cpp,692,0,0,0,0,0,0,0,4,3,0,1,4
p02651,s018436576,cpp,1867,0,0,0,0,0,0,0,3,1,1,6,7
p02651,s022338471,cpp,1008,0,0,0,0,0,0,0,5,3,0,1,12
p02651,s023711090,cpp,3000,0,0,0,0,1,0,0,9,2,0,15,15
p02651,s025043517,cpp,6992,0,0,0,0,1,0,0,11,2,1,45,25
p02651,s025297810,cpp,1903,0,0,0,0,0,1,0,2,1,0,4,0
p02651,s025835481,cpp,500,0,0,0,0,0,0,0,4,1,0,3,6
p02651,s027545306,cpp,3232,0,0,0,0,0,0,0,6,1,0,11,3
p02651,s030784183,cpp,1300,0,0,0,0,0,0,0,8,2,0,5,14
p02651,s035253996,cpp,2904,0,0,0,0,1,0,0,7,3,1,3,13
p02651,s003868002,python,1056,0,0,0,0,0,0,0,4,2,0,3,7
p02651,s006522600,python,656,0,0,0,0,0,0,0,4,1,0,3,2
p02651,s010706450,python,627,0,0,0,0,0,0,0,3,3,0,0,7
p02651,s015747540,python,427,0,0,0,0,0,0,0,3,2,0,1,6
p02651,s017655546,python,486,0,0,0,0,0,0,0,3,3,0,1,2
p02651,s018708110,python,2046,0,0,0,0,0,0,0,4,2,0,5,3
p02651,s022512855,python,934,0,0,0,0,0,0,0,4,2,0,3,7
p02651,s033446897,python,383,0,0,0,0,0,0,0,3,3,0,0,0
p02651,s037735129,python,414,0,0,0,0,0,0,0,3,3,0,0,2
p02651,s038217250,python,694,0,0,0,0,0,0,0,4,3,0,0,7
p02651,s047987013,python,606,0,0,0,0,0,0,0,3,3,0,0,7
p02651,s060006268,python,691,0,0,0,0,0,0,0,4,2,0,4,3
p02651,s082448688,python,647,0,0,0,0,0,0,0,5,2,0,1,2
p02651,s085525619,python,1073,0,0,0,0,0,0,0,7,2,0,3,10
p02651,s093915061,python,470,0,0,0,0,0,0,0,3,2,0,1,2
p02651,s104893920,python,639,0,0,0,0,0,0,0,3,3,0,0,4
p02651,s105710835,python,643,0,0,0,0,0,0,0,5,4,0,0,4
p02651,s118658662,python,513,0,0,0,0,0,1,0,3,2,0,1,2
p02651,s144549713,python,221,0,0,0,0,0,0,0,3,3,0,0,2
p02651,s149641023,python,230,0,0,0,0,0,0,0,3,3,0,0,2
p02651,s163222987,python,438,0,0,0,0,0,1,0,4,2,0,1,6
p02651,s163258432,python,1486,0,0,0,0,0,0,0,4,1,0,8,6
p02651,s163759280,python,361,0,0,0,0,0,0,0,3,3,0,0,0
p02651,s189764531,python,811,0,0,0,0,0,0,0,3,3,0,5,3
p02651,s192836080,python,309,0,0,0,0,0,0,0,3,2,0,1,2
p02651,s200674679,python,1591,0,0,0,0,1,1,0,6,3,0,1,13
p02651,s206604510,python,486,0,0,0,0,0,0,0,3,3,0,0,5
p02651,s211461642,python,907,0,0,0,0,0,0,0,4,3,0,1,5
p02651,s219390838,python,643,0,0,0,0,0,0,0,3,3,0,0,2
p02651,s219945485,python,1877,0,0,0,0,1,0,0,4,1,0,2,23
p02662,s001615334,cpp,883,0,0,0,0,0,0,0,2,2,0,4,20
p02662,s001697347,cpp,603,0,0,0,0,0,0,0,3,2,0,2,17
p02662,s001894178,cpp,1183,0,1,0,0,0,0,0,1,1,1,5,20
p02662,s002449406,cpp,856,0,0,0,0,0,0,0,4,2,1,4,20
p02662,s003160711,cpp,12830,0,1,0,0,1,0,0,22,2,1,106,29
p02662,s003200182,cpp,1305,0,0,0,0,0,0,0,4,2,1,4,21
p02662,s004424128,cpp,3110,0,0,0,0,0,1,0,5,2,0,24,13
p02662,s004553379,cpp,7076,0,0,0,0,0,0,0,14,3,1,16,40
p02662,s005573509,cpp,3334,0,0,0,0,1,0,0,5,1,0,28,27
p02662,s008074355,cpp,1908,0,0,0,0,0,0,0,0,0,0,7,17
p02662,s008800643,cpp,1199,0,0,0,0,0,0,0,2,2,1,3,20
p02662,s009639403,cpp,3440,0,1,0,0,0,0,0,5,1,1,28,21
p02662,s010004866,cpp,867,0,0,0,0,1,0,0,5,2,0,1,19
p02662,s010127710,cpp,1405,0,1,0,0,0,0,0,1,1,1,6,18
p02662,s010631362,cpp,608,0,0,0,0,1,0,0,4,2,0,2,5
p02662,s010654675,cpp,3062,0,0,0,0,0,0,0,1,1,0,19,15
p02662,s010842960,cpp,1230,0,0,0,0,0,0,0,0,0,0,3,18
p02662,s010983183,cpp,1191,0,1,0,0,0,0,0,3,2,1,3,8
p02662,s011105831,cpp,2988,0,0,0,0,0,0,0,4,2,0,23,15
p02662,s011299794,cpp,1910,0,0,0,0,0,0,0,3,1,0,10,20
p02662,s011528006,cpp,2209,0,1,0,0,0,0,0,1,1,1,8,19
p02662,s012355511,cpp,11094,0,0,0,0,0,0,0,10,2,1,51,14
p02662,s012400662,cpp,3679,0,0,0,0,0,0,0,1,1,1,13,23
p02662,s012823028,cpp,508,0,0,0,0,0,0,0,2,2,0,1,9
p02662,s013434137,cpp,959,0,0,0,0,0,0,0,4,2,0,2,19
p02662,s014555827,cpp,1671,0,1,0,0,0,0,0,0,0,1,16,9
p02662,s015657221,cpp,409,0,0,0,0,0,0,0,3,2,0,1,12
p02662,s016554906,cpp,1847,0,0,0,0,1,0,0,3,1,0,12,8
p02662,s017062060,cpp,605,0,1,0,0,0,0,0,0,0,1,2,19
p02662,s018072776,cpp,670,0,0,0,0,0,0,0,3,2,0,1,20
p02662,s000372962,python,574,0,0,0,0,0,0,0,2,2,0,0,16
p02662,s001085366,python,395,0,0,0,0,0,0,0,2,2,0,0,22
p02662,s002736276,python,851,0,0,0,0,0,0,0,2,2,0,2,19
p02662,s004232248,python,394,0,0,0,0,0,0,0,2,2,0,0,19
p02662,s008907315,python,475,0,0,0,0,0,1,0,3,2,0,0,5
p02662,s009187524,python,335,0,0,0,0,0,0,0,2,2,0,0,16
p02662,s016618384,python,357,0,0,0,0,0,0,0,2,2,0,0,12
p02662,s018906543,python,808,0,0,0,0,0,0,0,2,2,0,0,21
p02662,s019423715,python,1105,0,0,0,0,0,0,0,2,2,0,0,40
p02662,s021014516,python,346,0,0,0,0,0,1,0,2,2,0,0,18
p02662,s022605045,python,491,0,0,0,0,0,0,0,3,2,0,0,22
p02662,s023337091,python,393,0,0,0,0,0,0,0,2,2,0,0,19
p02662,s027207687,python,798,0,0,0,0,0,0,0,2,2,0,3,16
p02662,s037926695,python,1343,0,0,0,0,0,0,0,7,3,0,2,36
p02662,s039172497,python,421,0,0,0,0,1,0,0,2,2,0,0,7
p02662,s041926382,python,704,0,0,0,0,0,0,0,2,2,0,1,16
p02662,s048894905,python,6934,0,0,0,0,1,0,0,33,3,0,38,106
p02662,s049781284,python,394,0,0,0,0,0,0,0,2,2,0,0,19
p02662,s053511208,python,353,0,0,0,0,0,0,0,2,2,0,0,20
p02662,s055417289,python,360,0,0,0,0,0,0,0,2,2,0,0,17
p02662,s063293831,python,417,0,0,0,0,0,0,0,2,2,0,0,6
p02662,s063891585,python,667,0,0,0,0,1,0,0,2,2,0,6,6
p02662,s064399465,python,440,0,0,0,0,0,0,0,2,2,0,1,16
p02662,s065596990,python,375,0,0,0,0,0,1,0,3,2,0,0,5
p02662,s065757648,python,941,0,0,0,0,0,0,0,2,2,0,12,16
p02662,s065906305,python,349,0,0,0,0,0,0,0,2,2,0,0,18
p02662,s067405141,python,455,0,0,0,0,0,0,0,2,2,0,0,17
p02662,s070781524,python,1448,0,0,0,0,0,0,0,2,2,0,4,20
p02662,s078286188,python,532,0,0,0,0,0,0,0,2,2,0,0,18
p02662,s081765379,python,320,0,0,0,0,0,0,0,2,2,0,0,16
p02681,s000035714,cpp,2508,0,0,0,0,0,0,0,4,1,1,19,2
p02681,s000061471,cpp,1416,0,0,0,0,1,0,0,0,0,0,7,9
p02681,s000226893,cpp,785,0,0,0,0,0,0,0,1,1,0,1,2
p02681,s000256686,cpp,315,0,0,0,0,0,0,0,1,1,0,1,2
p02681,s000383019,cpp,934,0,0,0,0,0,0,0,0,0,0,1,0
p02681,s000464125,cpp,245,0,0,0,0,0,0,0,0,0,0,1,0
p02681,s000468393,cpp,467,0,0,0,0,0,0,0,1,1,0,1,2
p02681,s000475576,cpp,1721,0,1,0,0,0,0,0,1,1,1,9,14
p02681,s000481116,cpp,2713,0,0,0,0,0,0,0,4,1,1,21,9
p02681,s000587916,cpp,573,0,0,0,0,0,0,0,0,0,0,1,0
p02681,s000705980,cpp,714,0,0,0,0,0,0,0,0,0,0,2,0
p02681,s000862648,cpp,1419,0,0,0,0,0,0,0,1,1,0,1,2
p02681,s001072821,cpp,632,0,0,0,0,0,0,0,0,0,0,1,0
p02681,s001405434,cpp,313,0,0,0,0,0,0,0,1,1,0,1,2
p02681,s001416585,cpp,189,0,0,0,0,0,0,0,0,0,0,2,0
p02681,s001709526,cpp,273,0,0,0,0,0,0,0,2,2,0,1,2
p02681,s001751914,cpp,213,0,0,0,0,0,0,0,0,0,0,1,0
p02681,s001759352,cpp,493,0,0,0,0,0,0,0,1,1,0,1,2
p02681,s002113189,cpp,715,0,0,0,0,0,0,0,0,0,0,1,0
p02681,s002153257,cpp,186,0,0,0,0,0,0,0,0,0,0,1,0
p02681,s002162299,cpp,958,0,0,0,0,0,0,0,0,0,0,4,0
p02681,s002195494,cpp,395,0,0,0,0,0,0,0,0,0,0,1,0
p02681,s002315475,cpp,299,0,0,0,0,0,0,0,1,1,0,1,2
p02681,s002627647,cpp,284,0,0,0,0,0,0,0,0,0,0,1,0
p02681,s002776972,cpp,255,0,0,0,0,0,0,0,1,1,0,1,2
p02681,s002890032,cpp,168,0,0,0,0,0,0,0,0,0,0,1,0
p02681,s002974036,cpp,282,0,0,0,0,0,0,0,0,0,0,1,0
p02681,s003118142,cpp,249,0,0,0,0,0,0,0,0,0,0,1,0
p02681,s003164509,cpp,231,0,0,0,0,0,0,0,0,0,0,1,0
p02681,s003223295,cpp,200,0,0,0,0,0,0,0,0,0,0,1,0
p02681,s000230860,python,75,0,0,0,0,0,0,0,0,0,0,0,2
p02681,s000733846,python,79,0,0,0,0,0,0,0,0,0,0,0,1
p02681,s000815875,python,83,0,0,0,0,0,0,0,0,0,0,0,0
p02681,s000942643,python,68,0,0,0,0,0,0,0,0,0,0,0,1
p02681,s001171810,python,157,0,0,0,0,0,0,0,1,1,0,0,0
p02681,s001450775,python,473,0,0,0,0,0,0,0,0,0,0,0,1
p02681,s001454671,python,100,0,0,0,0,0,0,0,0,0,0,0,1
p02681,s001858592,python,91,0,0,0,0,0,0,0,0,0,0,0,1
p02681,s001870771,python,474,0,0,0,0,0,0,0,0,0,0,3,1
p02681,s002220791,python,74,0,0,0,0,0,0,0,0,0,0,0,1
p02681,s002298694,python,74,0,0,0,0,0,0,0,0,0,0,0,1
p02681,s002318156,python,117,0,0,0,0,0,0,0,0,0,0,0,1
p02681,s002890425,python,248,0,0,0,0,0,0,0,0,0,0,0,1
p02681,s003388162,python,71,0,0,0,0,0,0,0,0,0,0,0,0
p02681,s003432321,python,84,0,0,0,0,0,0,0,0,0,0,0,1
p02681,s003952126,python,106,0,0,0,0,0,0,0,0,0,0,0,1
p02681,s004015003,python,105,0,0,0,0,0,0,0,1,1,0,0,2
p02681,s004088760,python,97,0,0,0,0,0,0,0,0,0,0,0,1
p02681,s004294593,python,106,0,0,0,0,0,0,0,0,0,0,0,1
p02681,s004640529,python,102,0,0,0,0,0,0,0,0,0,0,0,1
p02681,s004799239,python,47,0,0,0,0,0,0,0,0,0,0,0,1
p02681,s004871119,python,369,0,0,0,0,0,0,0,0,0,0,2,1
p02681,s004904518,python,233,0,0,0,0,0,0,0,1,1,0,0,1
p02681,s004974359,python,79,0,0,0,0,0,0,0,0,0,0,0,1
p02681,s005220826,python,81,0,0,0,0,0,0,0,0,0,0,0,1
p02681,s006086906,python,126,0,0,0,0,0,0,0,1,1,0,0,2
p02681,s006193425,python,71,0,0,0,0,0,0,0,0,0,0,0,1
p02681,s006249069,python,75,0,0,0,0,0,0,0,0,0,0,0,1
p02681,s006424655,python,78,0,0,0,0,0,0,0,0,0,0,0,1
p02681,s006595633,python,189,0,0,0,0,0,0,0,1,1,0,0,2
p02691,s000005216,cpp,1716,0,0,0,0,0,0,0,2,1,0,1,7
p02691,s000044180,cpp,322,0,0,0,0,0,0,0,1,1,0,1,2
p02691,s000196314,cpp,1352,0,0,0,0,0,0,0,1,1,1,4,5
p02691,s000463992,cpp,420,0,0,0,0,0,0,0,2,1,0,1,5
p02691,s000631698,cpp,240,0,0,0,0,0,0,0,1,1,0,1,2
p02691,s001339197,cpp,421,0,0,0,0,0,0,0,0,0,0,1,4
p02691,s001451503,cpp,541,0,0,0,0,0,0,0,5,1,0,1,11
p02691,s002274471,cpp,1585,0,0,0,0,0,0,0,1,1,1,4,5
p02691,s002306921,cpp,591,0,0,0,0,0,0,0,3,1,0,1,8
p02691,s002452372,cpp,875,0,0,0,0,0,0,0,2,1,0,1,0
p02691,s002522300,cpp,1758,0,0,0,0,0,0,0,1,1,0,8,7
p02691,s003106907,cpp,2842,0,0,0,0,0,0,0,2,1,0,8,14
p02691,s003165695,cpp,569,0,0,0,0,0,0,0,2,1,0,1,5
p02691,s003266124,cpp,1653,0,0,0,0,0,0,0,1,1,0,2,4
p02691,s003819801,cpp,619,0,0,0,0,0,0,0,2,1,0,1,7
p02691,s003876372,cpp,399,0,0,0,0,0,0,0,2,1,0,1,7
p02691,s004021675,cpp,240,0,0,0,0,0,0,0,1,1,0,1,2
p02691,s004141570,cpp,512,0,0,0,0,0,0,0,1,1,0,1,2
p02691,s004373159,cpp,258,0,0,0,0,0,0,0,1,1,0,1,5
p02691,s004451892,cpp,511,0,0,0,0,0,0,0,2,1,0,1,6
p02691,s004700141,cpp,1341,0,0,0,0,0,0,0,0,0,0,6,6
p02691,s004898031,cpp,617,0,0,0,0,0,0,0,0,0,0,3,9
p02691,s004924587,cpp,1291,0,0,0,0,0,0,0,1,1,0,1,2
p02691,s004956091,cpp,625,0,0,0,0,0,0,0,0,0,0,2,7
p02691,s005017911,cpp,769,0,0,0,0,0,0,0,0,0,0,4,2
p02691,s006023656,cpp,814,0,0,0,0,1,0,0,1,1,0,2,9
p02691,s006295763,cpp,366,0,0,0,0,0,1,0,2,1,0,1,6
p02691,s006706759,cpp,438,0,0,0,0,0,0,0,2,1,0,1,8
p02691,s007003030,cpp,599,0,0,0,0,0,1,0,3,1,0,1,7
p02691,s007228948,cpp,574,0,0,0,0,0,0,0,4,1,0,1,6
p02691,s000316701,python,193,0,0,0,0,0,0,0,1,1,0,0,4
p02691,s002670314,python,338,0,0,0,0,0,0,0,2,1,0,0,8
p02691,s003594678,python,292,0,0,0,0,0,0,0,2,1,0,0,10
p02691,s004652821,python,266,0,0,0,0,0,0,0,2,1,0,0,4
p02691,s004890269,python,520,0,0,0,0,0,0,0,3,1,0,0,6
p02691,s005565219,python,335,0,0,0,0,0,0,0,0,0,0,0,3
p02691,s005819257,python,271,0,0,0,0,0,0,0,2,1,0,0,2
p02691,s005917119,python,199,0,0,0,0,0,0,0,1,1,0,0,4
p02691,s006144497,python,328,0,0,0,0,0,0,0,1,1,0,1,3
p02691,s006511739,python,275,0,0,0,0,0,0,0,1,1,0,0,5
p02691,s007847128,python,205,0,0,0,0,0,0,0,1,1,0,0,3
p02691,s007929590,python,239,0,0,0,0,0,0,0,2,1,0,0,5
p02691,s008372328,python,368,0,0,0,0,0,1,0,1,1,0,0,3
p02691,s009005955,python,336,0,0,0,0,0,0,0,3,1,0,0,6
p02691,s009241583,python,185,0,0,0,0,0,0,0,1,1,0,0,2
p02691,s009279567,python,348,0,0,0,0,0,0,0,2,1,0,0,7
p02691,s009829864,python,217,0,0,0,0,0,0,0,2,1,0,0,4
p02691,s009980546,python,213,0,0,0,0,0,0,0,1,1,0,0,6
p02691,s011078329,python,409,0,0,0,0,0,0,0,2,1,0,0,14
p02691,s011680723,python,463,0,0,0,0,0,0,0,2,1,0,1,4
p02691,s011721869,python,2568,0,0,0,0,0,1,0,3,1,0,1,10
p02691,s012079241,python,352,0,0,0,0,0,0,0,2,1,0,1,3
p02691,s012148821,python,211,0,0,0,0,0,0,0,2,1,0,0,5
p02691,s012724396,python,222,0,0,0,0,0,0,0,1,1,0,0,2
p02691,s012867154,python,226,0,0,0,0,0,0,0,1,1,0,0,6
p02691,s013286880,python,196,0,0,0,0,0,0,0,1,1,0,0,6
p02691,s013325523,python,124,0,0,0,0,0,0,0,1,1,0,0,2
p02691,s014280702,python,169,0,0,0,0,0,0,0,1,1,0,0,2
p02691,s017210684,python,505,0,0,0,1,0,0,0,3,2,0,0,4
p02691,s017387487,python,273,0,0,0,0,0,0,0,2,1,0,0,3
p02703,s001178029,cpp,2297,0,0,0,0,1,0,0,8,2,0,1,47
p02703,s001373656,cpp,2969,1,0,0,0,0,0,0,5,2,1,6,25
p02703,s003665113,cpp,17948,0,0,0,0,1,0,0,9,2,1,67,150
p02703,s003698148,cpp,6058,0,0,0,0,0,0,0,10,2,1,27,32
p02703,s003890174,cpp,7339,0,0,0,0,1,0,0,7,2,1,34,38
p02703,s004116932,cpp,3128,0,0,0,0,1,0,0,5,2,0,20,23
p02703,s004230396,cpp,1570,1,0,0,0,0,0,0,2,2,0,1,37
p02703,s005024447,cpp,2966,1,0,0,0,1,0,0,4,2,1,7,42
p02703,s005420435,cpp,1529,1,0,0,0,0,0,0,8,2,0,1,33
p02703,s005551868,cpp,1528,1,0,0,0,0,0,0,2,2,0,3,28
p02703,s005616321,cpp,1793,0,0,0,0,0,0,0,7,2,0,1,42
p02703,s005989733,cpp,2627,1,0,0,0,0,0,0,2,2,1,10,24
p02703,s005999259,cpp,7610,1,0,0,0,1,0,0,5,2,1,19,18
p02703,s006306035,cpp,1857,1,0,0,0,1,0,0,9,2,0,2,41
p02703,s006901171,cpp,2705,1,0,0,0,1,0,0,12,2,0,3,64
p02703,s007878531,cpp,3301,1,0,0,0,0,0,0,6,2,0,12,16
p02703,s008015830,cpp,1390,1,0,0,0,0,0,0,2,2,0,1,25
p02703,s009760958,cpp,7614,0,0,0,0,1,0,0,4,2,1,31,63
p02703,s010220233,cpp,1698,1,0,0,0,1,0,0,2,1,1,7,16
p02703,s010314374,cpp,2169,1,0,0,0,1,0,0,2,2,1,4,39
p02703,s010869279,cpp,2466,0,0,0,0,0,0,0,2,2,1,6,30
p02703,s010903005,cpp,1863,1,0,0,0,0,0,0,6,2,0,1,30
p02703,s012223196,cpp,1922,1,0,0,0,0,0,0,4,2,0,4,30
p02703,s013011984,cpp,2098,1,0,0,0,0,0,0,7,2,0,2,20
p02703,s013104589,cpp,2301,1,0,0,0,0,0,0,2,2,0,2,22
p02703,s013315904,cpp,3469,0,0,0,0,0,0,0,2,2,1,12,16
p02703,s013379312,cpp,2244,1,0,0,0,0,0,0,8,2,0,6,26
p02703,s014318640,cpp,2632,1,0,0,0,1,0,0,3,2,1,12,29
p02703,s014568778,cpp,1968,1,0,0,0,1,0,0,6,2,1,6,44
p02703,s015345022,cpp,2297,1,0,0,0,0,0,0,2,2,1,9,10
p02703,s001526435,python,1391,0,0,0,0,0,0,0,5,2,0,3,11
p02703,s003240201,python,1142,0,0,0,0,1,0,0,7,2,0,1,28
p02703,s003911944,python,1039,0,0,0,0,0,0,0,5,2,0,0,23
p02703,s004311196,python,3382,0,0,0,0,0,0,0,6,2,0,3,15
p02703,s009891415,python,1233,0,0,0,0,0,0,0,7,2,0,1,9
p02703,s013405093,python,1299,0,0,0,0,1,0,0,5,2,0,0,21
p02703,s016485289,python,1829,0,0,0,0,0,0,0,5,2,0,1,27
p02703,s020012384,python,1447,0,0,0,0,0,0,0,8,2,0,2,19
p02703,s024385378,python,832,1,0,0,0,1,0,0,5,2,0,0,33
p02703,s025405614,python,900,0,0,0,0,0,0,0,4,2,0,0,13
p02703,s027240117,python,1186,0,0,0,0,1,0,0,5,2,0,1,34
p02703,s032938657,python,1527,0,0,0,0,0,0,0,5,2,0,0,30
p02703,s032985237,python,1518,0,0,0,0,0,0,0,7,2,0,1,23
p02703,s033588688,python,2578,1,0,1,0,0,0,0,9,2,0,7,11
p02703,s040594720,python,1002,0,0,0,0,0,0,0,8,3,0,1,19
p02703,s053659014,python,1177,0,0,0,0,1,0,0,7,2,0,3,13
p02703,s054544282,python,1243,0,0,0,0,0,0,0,5,2,0,0,17
p02703,s058614857,python,1265,0,0,0,0,0,0,0,5,2,0,1,20
p02703,s059267684,python,3194,0,0,0,0,0,0,0,9,2,0,6,11
p02703,s059418361,python,1371,0,0,0,0,0,0,0,4,2,0,2,40
p02703,s061823245,python,1534,0,0,0,0,1,0,0,7,2,0,5,28
p02703,s064481548,python,831,0,0,0,0,0,0,0,5,2,0,0,11
p02703,s069100621,python,1401,0,0,0,0,0,0,0,10,2,0,0,47
p02703,s069181358,python,1310,0,0,0,0,0,0,0,4,2,0,0,11
p02703,s074272282,python,998,0,0,0,0,0,0,0,8,2,0,0,11
p02703,s075816437,python,1233,0,0,0,0,0,0,0,7,2,0,1,9
p02703,s080686496,python,1216,0,0,0,0,0,0,0,11,2,0,1,14
p02703,s080827817,python,1424,0,0,0,0,0,0,0,6,2,0,0,15
p02703,s081536720,python,1099,0,0,0,0,0,0,0,7,2,0,1,6
p02703,s090935102,python,1277,0,0,0,0,0,0,0,5,2,0,0,23
p02709,s000232791,cpp,1647,0,0,0,0,1,0,0,3,2,1,5,22
p02709,s000387097,cpp,4218,0,0,0,0,0,0,0,2,1,1,14,8
p02709,s002275389,cpp,1747,0,0,0,0,0,1,0,4,2,0,3,16
p02709,s002902970,cpp,1251,0,0,0,0,1,1,0,3,2,0,1,26
p02709,s004582470,cpp,1003,0,0,0,0,0,0,0,0,0,1,4,19
p02709,s006980917,cpp,2338,0,0,0,0,0,1,0,4,2,0,2,68
p02709,s007145887,cpp,839,0,0,0,0,1,1,0,3,2,0,2,20
p02709,s008232562,cpp,1032,0,0,0,0,0,1,0,4,2,0,2,16
p02709,s009327403,cpp,1019,0,1,0,0,0,0,0,3,2,1,2,10
p02709,s009389767,cpp,1330,0,0,0,0,0,0,0,4,2,1,4,20
p02709,s009461775,cpp,3401,0,0,0,0,1,0,0,8,2,1,14,24
p02709,s009893965,cpp,1535,0,1,0,0,0,0,0,0,0,1,2,16
p02709,s010213626,cpp,963,0,0,0,0,0,1,0,4,2,0,1,25
p02709,s010508745,cpp,2586,0,0,0,0,0,0,0,5,2,1,13,13
p02709,s010518058,cpp,2833,0,0,0,0,0,0,0,1,1,1,9,9
p02709,s011403794,cpp,2421,0,0,0,0,0,0,0,2,1,1,11,19
p02709,s011573528,cpp,1745,0,1,0,0,0,0,0,0,0,1,4,14
p02709,s011715654,cpp,666,0,0,0,0,0,0,0,1,1,1,2,8
p02709,s012731123,cpp,1660,0,0,0,0,0,1,0,4,2,0,4,16
p02709,s015168291,cpp,1339,0,0,0,0,0,1,0,6,2,0,1,21
p02709,s015380255,cpp,871,0,0,0,0,1,1,0,4,2,0,2,20
p02709,s016196072,cpp,3058,0,0,0,0,1,0,0,6,2,1,8,51
p02709,s016299860,cpp,808,0,0,0,0,1,1,0,6,2,0,2,20
p02709,s016307949,cpp,1788,0,0,0,0,0,0,0,2,1,0,4,19
p02709,s016806501,cpp,3128,0,0,0,0,0,0,0,3,1,1,9,19
p02709,s017098121,cpp,3736,0,0,0,0,1,1,0,4,2,0,1,18
p02709,s018051912,cpp,883,0,0,0,0,0,0,0,0,0,0,2,26
p02709,s019121696,cpp,3773,0,1,0,0,0,0,0,5,2,1,10,19
p02709,s019146571,cpp,738,0,0,0,0,0,1,0,3,2,0,2,7
p02709,s019234593,cpp,4422,0,0,0,0,0,0,0,6,2,1,13,17
p02709,s002624789,python,378,0,0,0,0,1,1,0,3,2,0,1,3
p02709,s004258114,python,499,0,1,0,0,0,0,0,0,0,1,1,7
p02709,s004922122,python,339,0,0,0,0,0,1,0,2,2,0,0,19
p02709,s005136961,python,605,0,0,0,0,0,1,0,2,2,0,1,20
p02709,s006298768,python,513,0,0,0,0,1,1,0,3,2,0,0,17
p02709,s006433127,python,698,0,0,0,0,1,1,0,3,2,0,1,26
p02709,s006486942,python,194,0,0,0,0,0,0,0,1,1,0,0,2
p02709,s009333914,python,429,0,0,0,0,1,1,0,2,2,0,0,18
p02709,s011098803,python,448,0,0,0,0,1,1,0,2,2,0,0,22
p02709,s012475860,python,420,0,0,0,0,1,1,0,4,2,0,0,24
p02709,s014263286,python,1013,0,0,0,0,0,1,0,2,1,0,0,1
p02709,s015527561,python,450,0,0,0,0,0,1,0,2,2,0,0,15
p02709,s016208927,python,345,0,0,0,0,1,1,0,2,2,0,0,22
p02709,s016995848,python,648,0,0,0,0,0,1,0,3,2,0,0,17
p02709,s019658202,python,438,0,0,0,0,1,1,0,2,2,0,0,22
p02709,s020058880,python,3743,0,0,0,0,1,1,0,2,2,0,9,19
p02709,s022371471,python,373,0,0,0,0,0,1,0,2,2,0,0,14
p02709,s022509829,python,911,0,0,0,0,1,1,0,5,2,0,0,17
p02709,s025625574,python,1173,0,0,0,0,1,1,0,2,2,0,0,18
p02709,s029284348,python,662,0,0,0,0,1,1,0,4,2,0,0,18
p02709,s030320033,python,830,0,0,0,0,0,1,0,3,2,0,4,15
p02709,s031451843,python,183,0,0,0,0,0,0,0,1,1,0,0,1
p02709,s033403589,python,551,0,0,0,0,1,1,0,3,2,0,0,14
p02709,s035851283,python,663,0,0,0,0,1,1,0,3,2,0,0,22
p02709,s038608571,python,1074,0,0,0,0,1,0,0,5,2,1,7,12
p02709,s041903171,python,520,0,0,0,0,1,1,0,2,2,0,1,9
p02709,s045660512,python,557,0,0,0,0,1,1,0,2,2,0,1,17
p02709,s046212833,python,735,0,0,0,0,0,1,0,3,2,0,1,19
p02709,s046385506,python,534,0,0,0,0,1,1,0,4,2,0,0,25
p02709,s048498821,python,530,0,0,0,0,0,0,0,4,2,0,0,19
p02745,s000729889,cpp,2003,0,0,0,0,0,0,0,0,0,0,3,40
p02745,s003766863,cpp,848,0,0,0,0,0,0,0,8,2,0,2,12
p02745,s005186838,cpp,2312,0,0,0,0,0,0,0,0,0,0,7,18
p02745,s005189132,cpp,1531,0,0,0,0,0,0,0,2,2,0,5,12
p02745,s007011508,cpp,1143,0,0,0,0,0,0,0,2,2,0,2,12
p02745,s007685391,cpp,1654,0,0,0,0,0,1,0,7,4,0,1,26
p02745,s007986848,cpp,1049,0,0,0,0,0,0,0,9,4,0,1,34
p02745,s008199402,cpp,4840,0,0,0,0,0,0,0,6,2,0,19,4
p02745,s010002063,cpp,1441,0,0,0,0,0,0,0,10,5,0,3,27
p02745,s012631596,cpp,21030,0,1,0,1,1,0,0,42,2,1,113,133
p02745,s012819651,cpp,3175,0,0,0,0,0,0,0,2,1,0,10,21
p02745,s013573281,cpp,836,0,0,0,0,0,0,0,7,2,0,2,12
p02745,s014803740,cpp,1472,0,0,0,0,0,0,0,5,2,0,1,22
p02745,s015081306,cpp,1436,0,0,0,0,0,0,0,4,2,0,3,41
p02745,s016918418,cpp,1312,0,0,0,0,0,0,0,5,2,0,4,10
p02745,s017682377,cpp,4934,0,0,0,0,0,0,0,12,3,0,10,24
p02745,s021798145,cpp,1473,0,0,0,0,0,0,0,8,4,0,1,54
p02745,s021857238,cpp,1068,0,0,0,0,0,0,0,3,2,0,1,21
p02745,s025088426,cpp,2998,0,0,0,0,0,0,0,9,2,0,2,22
p02745,s029903351,cpp,3120,0,0,0,0,0,0,0,10,2,1,9,33
p02745,s030792594,cpp,1122,0,0,0,0,0,0,0,4,2,0,1,4
p02745,s031511806,cpp,1490,0,0,0,0,0,0,0,8,2,0,2,12
p02745,s034786428,cpp,1054,0,0,0,0,0,0,0,2,2,0,2,12
p02745,s034877414,cpp,1796,0,0,0,0,0,0,0,2,2,0,2,12
p02745,s036175371,cpp,4599,0,0,0,0,0,0,0,12,2,0,13,20
p02745,s036349702,cpp,6214,0,0,0,0,0,0,0,3,1,0,14,13
p02745,s039463614,cpp,1534,0,0,0,0,0,0,0,9,2,0,1,21
p02745,s040082072,cpp,1260,0,0,0,0,0,1,0,1,1,0,2,22
p02745,s042936636,cpp,1484,0,0,0,0,0,0,0,8,3,0,3,46
p02745,s043392693,cpp,18018,0,1,0,0,1,0,0,14,1,1,79,168
p02745,s021685438,python,566,0,0,0,0,0,0,0,8,2,0,0,12
p02745,s037632886,python,808,0,0,0,0,0,0,0,8,2,0,0,18
p02745,s039944346,python,660,0,0,0,0,0,0,0,8,2,0,1,12
p02745,s040115946,python,497,0,0,0,0,0,0,0,2,2,0,2,14
p02745,s052584948,python,1003,0,0,0,0,0,0,0,2,2,0,1,7
p02745,s060969288,python,449,0,0,0,0,0,0,0,2,2,0,2,14
p02745,s064029025,python,2125,0,0,0,0,1,0,0,13,4,0,2,52
p02745,s070520486,python,713,0,0,0,0,0,0,0,4,2,0,1,8
p02745,s090579006,python,376,0,0,0,0,0,0,0,4,2,0,1,6
p02745,s110833021,python,3697,0,0,0,0,0,0,0,14,2,0,0,48
p02745,s119937555,python,968,0,0,0,0,0,0,0,8,2,0,0,18
p02745,s132275548,python,713,0,0,0,0,0,0,0,4,2,0,1,8
p02745,s133126478,python,587,0,0,0,0,0,0,0,4,2,0,2,15
p02745,s136387098,python,1103,0,0,0,0,0,0,0,7,2,0,1,4
p02745,s139289760,python,2328,0,0,0,0,0,0,0,8,2,0,0,48
p02745,s139378030,python,3443,0,0,0,0,0,0,0,6,2,0,0,48
p02745,s141375807,python,528,0,0,0,0,0,0,0,2,2,0,2,14
p02745,s156627413,python,2068,0,0,0,0,0,1,0,5,2,0,9,35
p02745,s165985786,python,392,0,0,0,0,0,0,0,4,2,0,1,6
p02745,s177515409,python,621,0,0,0,0,0,0,0,4,2,0,1,8
p02745,s181450493,python,1450,0,0,0,0,0,0,0,10,2,0,4,12
p02745,s206755047,python,753,0,0,0,0,0,0,0,4,2,0,2,6
p02745,s207622223,python,1500,0,0,0,0,0,0,0,4,2,0,6,6
p02745,s211498719,python,397,0,0,0,0,0,0,0,4,2,0,1,6
p02745,s213327674,python,865,0,0,0,0,0,0,0,5,2,0,2,17
p02745,s215445514,python,2078,0,0,0,0,0,1,0,5,2,0,10,41
p02745,s224750797,python,1924,0,0,0,0,0,1,0,5,2,0,9,35
p02745,s237818916,python,780,0,0,0,0,0,0,0,8,2,0,1,12
p02745,s241019587,python,1189,0,0,0,0,0,0,0,4,2,0,2,6
p02745,s242216114,python,703,0,0,0,0,0,0,0,4,2,0,1,8
p02751,s000229978,cpp,3086,0,0,0,0,0,0,0,3,2,0,29,0
p02751,s004832806,cpp,855,0,0,0,0,1,0,0,7,3,0,2,16
p02751,s018063291,cpp,1113,0,1,0,0,0,0,0,2,2,1,2,4
p02751,s018532181,cpp,1068,0,0,0,0,0,0,0,7,3,0,1,6
p02751,s023066362,cpp,583,0,1,0,0,0,0,0,3,2,1,2,10
p02751,s031231957,cpp,2420,0,1,0,0,1,0,0,19,4,1,5,45
p02751,s036908084,cpp,878,0,1,0,0,0,0,0,4,2,1,3,6
p02751,s048597810,cpp,1324,0,0,0,0,1,0,0,5,3,0,2,34
p02751,s049074406,cpp,608,0,1,0,0,0,0,0,2,2,1,2,6
p02751,s050913019,cpp,1419,0,1,0,0,0,0,0,6,2,1,6,6
p02751,s052077978,cpp,961,0,0,0,0,1,0,0,5,3,0,2,16
p02751,s052724061,cpp,4711,0,0,0,0,1,0,0,1,1,1,38,14
p02751,s055725171,cpp,442,0,0,0,0,0,0,0,4,3,0,1,0
p02751,s057821566,cpp,565,0,0,0,0,1,0,0,7,2,0,1,17
p02751,s075956344,cpp,1841,0,1,0,0,0,0,0,0,0,1,5,4
p02751,s081121502,cpp,2905,0,1,0,0,1,0,0,3,1,1,18,29
p02751,s081448319,cpp,877,0,0,0,0,0,0,0,2,2,0,1,2
p02751,s082411985,cpp,678,0,1,0,0,1,0,0,3,2,1,2,13
p02751,s083030711,cpp,3811,0,1,0,0,0,0,0,5,2,1,13,3
p02751,s084932796,cpp,1234,0,0,0,0,0,0,0,7,2,0,2,18
p02751,s085044213,cpp,746,0,0,0,0,1,0,0,7,3,0,1,24
p02751,s101305601,cpp,1394,0,0,0,0,0,0,0,4,2,0,3,1
p02751,s104091375,cpp,1268,0,0,0,0,0,0,0,5,3,0,1,10
p02751,s107336639,cpp,7065,0,0,0,0,0,0,0,3,1,1,58,11
p02751,s108866374,cpp,2039,0,0,0,0,1,0,0,5,3,1,9,20
p02751,s113710363,cpp,700,0,1,0,0,1,0,0,0,0,1,3,14
p02751,s115093105,cpp,611,0,1,0,0,0,0,0,2,2,1,2,6
p02751,s129014000,cpp,756,0,1,0,0,0,0,0,2,2,1,2,4
p02751,s132141994,cpp,416,0,1,0,0,1,0,0,4,2,1,2,14
p02751,s132223844,cpp,556,0,1,0,0,0,0,0,2,2,1,5,4
p02751,s101806169,python,426,0,0,0,0,1,0,0,3,2,0,0,12
p02751,s135766552,python,1641,0,1,0,0,1,0,0,6,2,1,10,25
p02751,s205074180,python,645,0,0,0,0,1,0,0,4,2,0,1,10
p02751,s240355641,python,559,0,0,0,0,0,0,0,2,1,0,0,1
p02751,s425818093,python,342,0,0,0,0,0,0,0,4,3,0,0,7
p02751,s446684619,python,532,0,0,0,0,0,0,0,2,1,0,1,2
p02751,s501037856,python,521,0,1,0,0,0,0,0,2,1,1,1,2
p02751,s697313785,python,374,0,0,0,0,0,0,0,5,2,0,0,12
p02758,s000404096,cpp,2612,0,0,0,0,1,1,0,11,2,0,8,44
p02758,s001961739,cpp,891,0,0,0,0,1,1,0,4,2,0,4,18
p02758,s003692095,cpp,2151,0,1,0,0,0,0,0,6,1,1,7,38
p02758,s003800168,cpp,1848,0,0,0,0,1,1,0,6,1,0,8,18
p02758,s006208792,cpp,2836,0,0,0,0,1,1,0,4,2,0,18,27
p02758,s006403924,cpp,1894,0,1,0,0,1,0,0,3,1,1,4,44
p02758,s006611914,cpp,2087,0,0,0,0,1,0,0,7,2,1,5,41
p02758,s006715810,cpp,8645,0,0,0,0,1,0,0,13,1,1,45,22
p02758,s007388352,cpp,423,0,0,0,0,1,1,0,3,2,0,1,8
p02758,s007569658,cpp,2126,0,1,0,0,1,0,0,3,1,1,11,17
p02758,s007961372,cpp,925,0,1,0,0,0,0,0,5,2,1,2,12
p02758,s009741481,cpp,2390,0,1,0,0,1,0,0,2,1,1,3,16
p02758,s009978638,cpp,3695,0,0,0,0,1,0,0,2,1,0,10,30
p02758,s010072953,cpp,1881,0,0,0,0,1,1,0,2,1,0,7,22
p02758,s010194132,cpp,2402,0,0,0,0,1,1,0,12,2,0,6,41
p02758,s011425183,cpp,256,0,0,0,0,1,1,0,3,2,0,1,8
p02758,s012335344,cpp,1274,0,0,0,0,1,1,0,4,1,0,3,15
p02758,s012766586,cpp,2079,0,0,0,0,1,1,0,1,1,0,7,24
p02758,s012966648,cpp,1067,0,0,0,0,1,1,0,4,2,0,1,30
p02758,s014301456,cpp,685,0,0,0,0,0,1,0,3,2,0,1,0
p02758,s014363283,cpp,744,0,0,0,0,0,0,0,3,1,1,3,5
p02758,s015914759,cpp,1387,0,1,0,0,1,0,0,2,1,1,5,19
p02758,s016256399,cpp,2913,0,0,0,1,1,1,0,7,2,0,7,38
p02758,s016305947,cpp,2393,0,0,0,0,1,1,0,2,1,0,5,38
p02758,s017092930,cpp,2637,0,0,0,0,1,1,0,4,1,0,9,22
p02758,s017496197,cpp,881,0,0,0,0,0,1,0,1,1,0,2,5
p02758,s017996754,cpp,2472,0,0,0,0,1,0,0,2,1,1,11,19
p02758,s018140683,cpp,3731,0,0,0,0,1,0,0,2,1,1,12,16
p02758,s019166583,cpp,700,0,0,0,0,1,1,0,4,2,0,1,10
p02758,s019818769,cpp,2893,0,0,0,0,1,1,0,4,1,0,7,21
p02758,s001016313,python,688,0,1,0,0,1,0,0,2,2,1,2,26
p02758,s014434897,python,375,0,0,0,0,1,1,0,3,2,0,0,14
p02758,s017648698,python,1285,0,0,0,0,1,1,0,5,1,0,5,36
p02758,s018467930,python,2495,0,0,0,0,1,1,0,7,1,0,8,21
p02758,s019502481,python,1162,0,0,0,0,1,1,0,5,1,0,3,15
p02758,s043064405,python,1933,0,0,0,0,1,1,0,8,1,0,4,28
p02758,s047040010,python,1285,0,0,0,0,1,1,0,5,1,0,5,36
p02758,s047535847,python,1626,0,0,0,0,1,1,0,9,1,0,4,34
p02758,s054741431,python,684,1,0,1,0,0,0,0,2,1,1,2,2
p02758,s056780261,python,1011,0,1,0,0,0,0,0,4,1,1,3,16
p02758,s057507771,python,1232,0,0,0,0,1,1,0,4,1,0,2,15
p02758,s062392987,python,782,1,0,0,0,0,0,0,4,2,1,1,3
p02758,s066197035,python,683,0,0,0,0,0,1,0,6,2,0,0,19
p02758,s067422621,python,417,0,0,0,0,1,1,0,3,2,0,0,7
p02758,s068088107,python,477,0,0,0,0,1,1,0,3,2,0,0,10
p02758,s077294460,python,1868,0,0,0,0,1,1,0,9,1,0,4,38
p02758,s086988604,python,1791,0,0,0,0,1,1,0,8,1,0,3,22
p02758,s101204195,python,714,0,0,0,0,0,0,0,4,2,1,2,7
p02758,s103627936,python,947,0,0,0,0,1,1,0,4,1,0,2,16
p02758,s109605359,python,1145,0,0,0,0,1,0,0,5,1,1,3,12
p02758,s110246502,python,1971,0,0,0,0,1,1,1,8,1,0,3,25
p02758,s116009677,python,1812,0,0,0,0,1,1,0,6,1,0,5,23
p02758,s117703394,python,495,0,0,0,0,1,1,0,2,2,0,0,12
p02758,s120119402,python,4341,0,0,0,1,1,1,0,8,1,0,25,22
p02758,s123432216,python,595,0,0,0,0,1,1,0,3,2,0,0,15
p02758,s123809057,python,2204,0,0,0,0,1,0,0,6,1,1,6,25
p02758,s134723202,python,293,0,0,0,0,1,1,0,2,2,0,0,9
p02758,s135668434,python,1372,0,0,0,0,1,1,0,5,1,0,3,19
p02758,s142004722,python,1857,0,0,0,0,1,1,0,5,1,0,5,24
p02758,s153658996,python,946,0,0,0,0,1,1,0,6,1,0,4,24
p02787,s000062775,cpp,631,0,0,0,0,1,0,0,3,2,0,1,7
p02787,s000092320,cpp,418,0,0,0,0,1,0,0,3,2,0,1,11
p02787,s000214235,cpp,792,0,0,0,0,1,0,0,0,0,0,3,12
p02787,s000308572,cpp,1013,0,0,0,0,1,0,0,5,2,0,1,25
p02787,s000715866,cpp,687,0,0,0,0,1,0,0,0,0,0,2,13
p02787,s000898018,cpp,693,0,0,0,0,1,0,0,0,0,0,1,13
p02787,s001022858,cpp,1232,0,0,0,0,1,0,0,1,1,0,3,11
p02787,s001597608,cpp,765,0,0,0,0,0,0,0,3,2,0,3,16
p02787,s001612438,cpp,409,0,0,0,0,1,0,0,2,2,0,1,5
p02787,s001761879,cpp,1290,0,0,0,0,1,0,0,0,0,0,3,9
p02787,s002099477,cpp,505,0,0,0,0,1,0,0,4,2,0,1,20
p02787,s002252810,cpp,1104,0,0,0,0,1,0,0,5,2,0,1,18
p02787,s002671261,cpp,1337,0,0,0,0,0,0,0,0,0,1,8,8
p02787,s002848054,cpp,1404,0,0,0,0,0,0,0,0,0,1,5,16
p02787,s002866757,cpp,383,0,0,0,0,1,0,0,3,2,0,2,13
p02787,s003678704,cpp,469,0,1,0,0,0,0,0,1,1,1,2,10
p02787,s003956920,cpp,731,0,0,0,0,1,0,0,4,2,0,1,10
p02787,s004022011,cpp,3315,0,0,0,0,0,0,0,3,1,1,17,11
p02787,s004157319,cpp,2056,0,0,0,0,1,1,0,3,2,0,3,11
p02787,s004166351,cpp,3213,0,0,0,0,1,0,0,10,2,0,3,30
p02787,s004948900,cpp,787,0,1,0,0,1,0,0,0,0,1,3,22
p02787,s004949529,cpp,953,0,0,0,0,0,0,0,6,2,0,3,19
p02787,s005037580,cpp,714,0,0,0,0,0,0,0,1,1,0,5,8
p02787,s005167147,cpp,1025,0,0,0,0,1,0,0,0,0,0,3,17
p02787,s005222810,cpp,2198,0,0,0,0,0,0,0,1,1,1,6,6
p02787,s005273695,cpp,2229,0,0,0,0,0,0,0,3,2,0,1,6
p02787,s005298365,cpp,1111,0,0,0,0,0,0,0,1,1,0,1,18
p02787,s005583677,cpp,976,0,1,0,0,0,0,0,1,1,1,2,12
p02787,s005605357,cpp,1280,0,0,0,0,0,0,0,5,2,0,3,0
p02787,s005828521,cpp,511,0,0,0,0,1,0,0,0,0,0,3,5
p02787,s000787964,python,282,0,0,0,0,1,0,0,1,1,0,0,5
p02787,s001052322,python,850,0,1,0,0,0,0,0,3,2,1,1,18
p02787,s001182359,python,652,0,0,0,0,1,0,0,3,2,0,0,11
p02787,s001632558,python,752,0,0,0,0,1,0,0,3,2,0,2,21
p02787,s002334769,python,265,0,0,0,0,1,0,0,1,1,0,0,4
p02787,s003150066,python,271,0,0,0,0,1,0,0,3,2,0,0,5
p02787,s004542275,python,841,0,0,0,0,0,0,0,2,1,1,1,4
p02787,s004822246,python,1304,0,0,0,0,1,0,0,3,2,0,10,8
p02787,s005903131,python,300,0,0,0,0,0,0,0,1,1,0,0,3
p02787,s006244348,python,210,0,0,0,0,1,0,0,1,1,0,0,3
p02787,s007881815,python,342,0,0,0,0,1,0,0,2,1,0,0,3
p02787,s008885404,python,596,0,0,0,0,1,0,0,2,1,0,0,3
p02787,s010547801,python,442,0,0,0,0,1,0,0,3,2,0,0,20
p02787,s010678183,python,330,0,0,0,0,1,0,0,3,2,0,0,8
p02787,s010691635,python,444,0,0,0,0,1,0,0,5,2,0,0,22
p02787,s011113143,python,527,0,0,0,0,0,0,0,3,2,0,0,9
p02787,s012316115,python,362,0,0,0,0,0,0,0,3,2,0,0,10
p02787,s014291789,python,263,0,0,0,0,1,0,0,1,1,0,0,4
p02787,s015517042,python,519,0,0,0,0,1,0,0,4,2,0,0,20
p02787,s015823326,python,317,0,0,0,0,1,0,0,3,2,0,0,7
p02787,s016413125,python,932,0,0,0,0,1,0,0,6,2,0,0,52
p02787,s016544425,python,438,0,0,0,0,1,0,0,2,2,0,1,5
p02787,s016964463,python,306,0,0,0,0,1,0,0,1,1,0,0,3
p02787,s019606080,python,208,0,0,0,0,1,0,0,1,1,0,0,3
p02787,s020430543,python,412,0,0,0,0,1,0,0,2,2,0,0,8
p02787,s020843981,python,280,0,0,0,0,1,0,0,3,2,0,0,9
p02787,s021100053,python,260,0,0,0,0,1,0,0,2,1,0,0,4
p02787,s021302130,python,458,0,0,0,0,1,0,0,3,2,0,0,20
p02787,s021583455,python,564,0,0,0,0,1,0,0,4,2,0,1,16
p02787,s021861598,python,495,0,0,0,0,1,0,0,5,2,0,0,19
p02804,s000892951,cpp,1024,0,0,0,0,1,1,0,3,1,0,3,18
p02804,s001296966,cpp,970,0,0,0,0,1,0,0,1,1,0,4,21
p02804,s001769053,cpp,1141,0,0,0,0,1,1,0,3,1,0,3,18
p02804,s002053448,cpp,1667,0,0,0,0,1,1,0,4,1,0,4,18
p02804,s002808944,cpp,9782,0,0,0,0,1,0,1,15,2,1,39,48
p02804,s002830263,cpp,6859,0,0,0,0,1,1,0,9,1,0,28,36
p02804,s003120255,cpp,1519,0,0,0,0,1,0,0,3,1,0,7,15
p02804,s003154650,cpp,40264,1,0,0,0,1,0,1,37,2,1,125,275
p02804,s003450449,cpp,2400,0,0,0,0,1,0,0,5,1,1,11,18
p02804,s003626673,cpp,1948,0,0,0,0,1,0,0,4,1,1,10,11
p02804,s003827983,cpp,1727,0,0,0,0,1,0,0,6,2,1,5,12
p02804,s004145257,cpp,1371,0,0,0,0,1,1,0,4,1,0,4,18
p02804,s004317225,cpp,2862,0,0,0,0,1,0,0,1,1,1,10,20
p02804,s004466388,cpp,2100,0,0,0,0,1,0,0,5,1,1,12,11
p02804,s004494838,cpp,1489,0,0,0,0,1,1,0,4,1,0,4,12
p02804,s004587480,cpp,1508,0,0,0,0,1,1,0,6,1,0,3,8
p02804,s005231293,cpp,1750,0,0,0,0,1,1,0,4,1,0,14,9
p02804,s005593212,cpp,1740,0,0,0,0,1,1,0,7,1,0,3,22
p02804,s005795823,cpp,1453,0,0,0,0,1,1,0,4,1,0,4,9
p02804,s005809760,cpp,1592,0,0,0,0,1,0,0,3,1,1,6,11
p02804,s005943497,cpp,3699,0,0,0,0,1,0,0,10,1,1,12,20
p02804,s005972056,cpp,1425,0,0,0,0,1,0,0,1,1,0,3,18
p02804,s006258816,cpp,1600,0,0,0,0,1,0,0,3,1,1,5,10
p02804,s006486045,cpp,2956,0,0,0,0,1,0,0,6,2,1,8,14
p02804,s006636024,cpp,1283,0,0,0,0,1,0,0,1,1,0,4,15
p02804,s006884136,cpp,2389,0,0,0,0,1,1,0,3,1,0,16,17
p02804,s007127128,cpp,1588,0,0,0,0,1,1,0,4,1,0,4,13
p02804,s007516114,cpp,1796,0,0,0,0,1,0,0,1,1,1,10,9
p02804,s008750465,cpp,600,0,0,0,0,1,1,0,3,1,0,2,13
p02804,s008820066,cpp,4090,0,0,0,0,1,0,0,4,1,1,22,17
p02804,s000747294,python,572,0,0,0,0,0,1,0,4,1,0,2,5
p02804,s005319118,python,1011,0,0,0,0,1,1,0,3,1,0,2,12
p02804,s006080640,python,519,0,0,0,0,0,1,0,2,1,0,1,9
p02804,s006607538,python,791,0,0,0,0,0,1,0,2,1,0,2,6
p02804,s006804779,python,641,0,0,0,0,1,1,0,2,1,0,1,14
p02804,s007075617,python,511,0,0,0,0,1,1,0,3,1,0,1,14
p02804,s007770079,python,546,0,0,0,0,0,1,0,2,1,0,1,9
p02804,s008166669,python,2377,0,0,0,0,1,1,0,3,1,0,3,16
p02804,s009272069,python,898,0,0,0,0,1,1,0,2,1,0,2,17
p02804,s010245282,python,895,0,0,0,0,0,1,0,3,1,0,1,9
p02804,s011064547,python,691,0,0,0,0,0,1,0,3,2,0,1,8
p02804,s013317030,python,862,0,0,0,0,0,1,0,4,1,0,1,12
p02804,s013652818,python,748,0,0,0,0,0,1,0,5,1,0,1,2
p02804,s013721009,python,988,0,0,0,0,1,1,0,2,1,0,2,17
p02804,s014570697,python,369,0,0,0,0,0,0,0,1,1,1,1,2
p02804,s015919818,python,477,0,0,0,0,1,1,0,2,1,0,1,10
p02804,s016933690,python,460,0,0,0,0,1,1,0,3,1,0,0,12
p02804,s017387887,python,1097,0,0,0,0,1,0,0,4,1,1,6,11
p02804,s017622474,python,439,0,0,0,0,0,1,0,2,1,0,0,7
p02804,s017860036,python,548,0,0,0,0,1,0,0,3,1,0,1,11
p02804,s019761738,python,1052,0,0,0,0,1,1,0,3,1,0,2,17
p02804,s020480925,python,914,0,0,0,0,1,1,0,2,1,0,2,15
p02804,s020733848,python,954,0,0,0,0,0,1,0,5,1,0,5,7
p02804,s021121242,python,3412,0,0,0,0,1,1,0,2,1,0,21,15
p02804,s021267483,python,912,0,0,0,0,1,1,0,3,1,0,2,17
p02804,s024191082,python,787,0,0,0,0,1,0,0,3,1,1,1,13
p02804,s024648418,python,777,0,0,0,0,0,1,0,2,1,0,1,9
p02804,s024715412,python,606,0,0,0,0,0,1,0,3,1,0,1,10
p02804,s025307751,python,866,0,0,0,0,0,1,0,2,1,0,2,9
p02804,s027329323,python,564,0,0,0,0,0,1,0,2,1,0,1,6
p02814,s000488145,cpp,1410,0,0,0,0,0,0,0,4,1,1,5,5
p02814,s000740230,cpp,1112,0,0,0,0,0,0,0,0,0,1,4,5
p02814,s000935970,cpp,1109,0,0,0,0,0,0,0,3,2,1,2,5
p02814,s000940612,cpp,1273,0,0,0,0,0,0,0,4,1,0,2,4
p02814,s001092499,cpp,889,0,0,0,0,0,0,0,4,2,1,2,2
p02814,s001321718,cpp,1003,0,0,0,0,0,0,0,4,1,0,6,6
p02814,s001686391,cpp,2144,0,0,0,0,0,0,0,4,1,1,2,9
p02814,s003200965,cpp,421,0,0,0,0,0,0,0,2,1,0,2,0
p02814,s003779720,cpp,1334,0,0,0,0,0,0,0,5,1,0,2,7
p02814,s004261013,cpp,1334,0,0,0,0,0,0,0,1,1,1,6,7
p02814,s004995064,cpp,891,0,0,0,0,0,0,0,1,1,1,5,3
p02814,s005466083,cpp,2671,0,0,0,0,0,0,0,2,1,0,5,4
p02814,s006498096,cpp,653,0,0,0,0,0,0,0,3,1,1,2,3
p02814,s006586551,cpp,1388,0,0,0,0,0,0,0,1,1,0,6,5
p02814,s007338704,cpp,812,0,0,0,0,0,0,0,4,1,0,1,5
p02814,s007667909,cpp,2319,0,0,0,0,0,0,0,0,0,1,9,5
p02814,s007797882,cpp,1492,0,0,0,0,0,0,0,1,1,1,4,7
p02814,s008395934,cpp,1690,0,0,0,0,0,0,0,4,1,1,3,4
p02814,s008492650,cpp,985,0,0,0,0,0,0,0,2,1,0,1,7
p02814,s008995968,cpp,745,0,0,0,0,0,1,0,3,1,0,1,3
p02814,s009111269,cpp,1200,0,0,0,0,0,0,0,1,1,1,9,5
p02814,s009791865,cpp,9893,0,1,0,0,1,0,1,15,2,1,53,20
p02814,s009885995,cpp,2106,0,0,0,0,0,0,0,8,1,0,7,9
p02814,s010253369,cpp,1216,0,0,0,0,0,0,0,2,1,0,5,7
p02814,s010419263,cpp,1112,0,1,0,0,0,0,0,1,1,1,6,10
p02814,s010466236,cpp,1795,0,0,0,0,0,0,0,2,1,1,11,5
p02814,s010787845,cpp,22992,0,1,0,1,1,0,0,42,2,1,132,147
p02814,s011979684,cpp,498,0,0,0,0,0,0,0,2,1,1,2,6
p02814,s012081146,cpp,780,0,0,0,0,0,0,0,4,1,0,2,7
p02814,s012922301,cpp,900,0,0,0,0,0,0,0,4,1,0,4,3
p02814,s000250717,python,698,0,0,0,0,0,0,0,3,1,0,0,7
p02814,s000794133,python,1174,0,0,0,0,0,1,0,2,1,0,2,5
p02814,s001490209,python,438,0,0,0,0,0,0,0,1,1,0,2,2
p02814,s002310208,python,889,0,0,0,0,0,0,0,2,1,0,2,0
p02814,s003729065,python,417,0,0,0,0,0,0,0,4,1,0,1,6
p02814,s006174744,python,315,0,0,0,0,0,1,0,1,1,0,1,0
p02814,s006282733,python,849,0,0,0,0,0,0,0,3,1,1,2,8
p02814,s007688695,python,460,0,0,0,0,0,0,0,3,2,0,0,4
p02814,s007892419,python,383,0,0,0,0,0,0,0,0,0,0,2,0
p02814,s008508040,python,738,0,0,0,0,0,0,0,2,1,0,4,0
p02814,s008601828,python,544,0,0,0,0,0,0,0,4,2,0,1,7
p02814,s009653448,python,365,0,0,0,0,0,0,0,2,1,0,0,1
p02814,s010669863,python,455,0,0,0,0,0,0,0,4,2,0,0,5
p02814,s012648707,python,688,0,0,0,0,0,0,0,3,1,0,2,3
p02814,s012693721,python,621,0,0,0,0,0,0,0,3,2,0,1,4
p02814,s012976554,python,345,0,0,0,0,0,0,0,3,2,0,0,1
p02814,s013739329,python,508,0,0,0,0,0,0,0,2,1,0,2,2
p02814,s013779619,python,566,0,0,0,0,0,0,0,2,2,0,2,2
p02814,s016146093,python,385,0,0,0,0,0,0,0,0,0,0,2,1
p02814,s016609777,python,789,0,0,0,0,0,0,0,4,1,0,0,2
p02814,s017780495,python,641,0,0,0,0,0,0,0,3,2,0,1,3
p02814,s018848135,python,1119,0,0,0,0,0,0,0,1,1,1,10,4
p02814,s020541160,python,363,0,0,0,0,0,0,0,2,1,0,0,4
p02814,s020809726,python,863,0,0,0,0,0,0,0,2,1,0,7,1
p02814,s021502085,python,434,0,0,0,0,0,0,0,2,1,0,1,0
p02814,s022443075,python,390,0,0,0,0,0,0,0,2,1,1,2,2
p02814,s022738419,python,464,0,0,0,0,0,1,0,3,1,0,1,5
p02814,s022925379,python,604,0,0,0,0,0,0,0,3,2,0,2,0
p02814,s024252139,python,428,0,0,0,0,0,0,0,2,1,0,0,4
p02814,s024468858,python,681,0,0,0,0,0,0,0,2,1,0,1,0
p02816,s000305012,cpp,2222,0,0,0,0,0,0,0,9,2,0,7,19
p02816,s000454991,cpp,1999,0,0,0,0,1,0,0,2,1,0,4,27
p02816,s001201592,cpp,2972,0,0,0,0,0,0,0,5,2,1,13,20
p02816,s002084578,cpp,850,0,0,0,0,1,0,0,4,2,0,2,20
p02816,s002089916,cpp,4710,0,0,0,0,0,0,0,7,1,1,14,33
p02816,s003057910,cpp,3568,0,0,0,1,1,0,0,3,1,0,12,26
p02816,s003339455,cpp,1787,0,0,0,0,1,0,0,16,3,0,2,38
p02816,s003719090,cpp,4062,0,0,0,1,1,0,0,5,1,1,18,25
p02816,s003993636,cpp,2944,0,0,0,0,1,0,0,7,2,0,9,29
p02816,s007428571,cpp,2441,0,0,0,0,0,0,0,9,1,0,4,18
p02816,s009196688,cpp,1026,0,0,0,0,0,0,0,7,1,0,1,18
p02816,s009598426,cpp,2890,0,0,0,0,0,1,0,21,3,0,3,32
p02816,s009651828,cpp,143357,0,1,0,1,1,0,1,118,6,1,728,724
p02816,s010850762,cpp,16265,0,1,0,0,1,0,1,9,1,1,102,123
p02816,s011054148,cpp,2321,0,0,0,0,1,0,0,10,2,0,5,19
p02816,s012383013,cpp,2346,0,0,0,0,1,0,0,4,1,0,16,32
p02816,s012982779,cpp,1752,0,0,0,0,1,0,0,5,2,0,4,35
p02816,s014036163,cpp,10400,0,0,0,1,1,0,0,16,2,1,32,72
p02816,s014622849,cpp,1679,0,0,0,0,1,0,0,10,1,0,6,18
p02816,s016572107,cpp,4979,0,0,0,0,1,0,0,11,2,1,30,19
p02816,s016619721,cpp,1896,0,0,0,0,0,0,0,4,2,0,6,27
p02816,s016806338,cpp,1764,0,0,0,0,1,0,0,2,1,0,6,41
p02816,s017127375,cpp,910,0,0,0,0,0,0,0,8,2,0,2,18
p02816,s018471662,cpp,2714,0,0,0,0,1,0,0,7,1,0,7,24
p02816,s018902020,cpp,1314,0,0,0,0,0,0,0,8,1,1,4,16
p02816,s020766700,cpp,3568,0,0,0,1,1,0,0,3,1,0,12,26
p02816,s020950385,cpp,2300,0,0,0,0,0,1,0,6,2,0,7,17
p02816,s021040323,cpp,3993,0,0,0,0,1,0,0,6,1,1,19,52
p02816,s021657984,cpp,4628,0,0,0,0,1,0,0,6,2,1,12,26
p02816,s022676138,cpp,139158,0,1,0,1,1,0,1,108,6,1,734,709
p02816,s003329626,python,2022,0,0,0,0,0,0,0,7,2,0,6,16
p02816,s055017565,python,1084,0,0,0,0,0,0,0,4,1,0,3,19
p02816,s069974988,python,811,0,0,0,0,1,0,0,2,2,0,2,19
p02816,s087391046,python,2632,0,0,0,0,1,0,0,8,2,0,18,17
p02816,s115987911,python,1186,0,0,0,0,0,0,0,5,1,0,2,16
p02816,s124469553,python,926,0,0,0,0,1,0,0,5,2,0,1,14
p02816,s127555888,python,2469,0,0,0,0,0,0,0,8,2,0,9,15
p02816,s132657973,python,923,0,0,0,0,0,0,0,3,2,0,2,11
p02816,s152478031,python,2480,0,0,0,0,0,0,0,8,2,0,9,15
p02816,s169320296,python,627,0,0,0,0,0,0,0,6,1,0,0,11
p02816,s181926391,python,728,0,0,0,0,0,0,0,3,1,0,2,10
p02816,s201741904,python,1861,0,0,0,0,1,0,0,6,2,0,5,23
p02816,s204512584,python,718,0,0,0,0,0,0,0,7,1,0,0,12
p02816,s206348077,python,943,1,0,1,0,0,0,0,3,1,0,3,16
p02816,s213995371,python,880,0,0,0,0,0,0,0,5,1,0,1,16
p02816,s227718769,python,1084,0,0,0,0,0,0,0,4,1,0,3,19
p02816,s239905812,python,2886,0,0,0,0,0,0,0,8,1,0,4,23
p02816,s241186510,python,1096,0,0,0,0,1,1,0,5,1,0,2,14
p02816,s280836678,python,1127,0,0,0,0,0,1,0,6,2,0,4,14
p02816,s284303431,python,984,1,0,1,0,0,0,0,6,2,0,0,23
p02816,s287268430,python,1390,0,0,0,0,1,0,0,3,2,0,10,19
p02816,s295242296,python,701,1,0,1,0,0,0,0,2,1,0,0,17
p02816,s296465569,python,973,0,0,0,0,1,0,0,3,2,0,2,13
p02816,s297632963,python,847,0,0,0,0,0,0,0,4,1,0,2,11
p02816,s307999389,python,475,0,0,0,0,0,0,0,3,1,0,0,9
p02816,s311284952,python,785,1,0,1,0,0,1,0,5,2,0,1,17
p02816,s320231146,python,889,0,0,0,0,0,0,0,3,1,0,3,14
p02816,s324829403,python,2014,0,0,0,0,1,0,0,2,1,0,2,13
p02816,s326615426,python,968,1,0,1,0,0,0,0,3,1,0,2,20
p02816,s330998755,python,762,0,0,0,0,1,0,0,4,2,0,1,14
p02831,s000521902,cpp,990,0,0,0,0,0,0,0,0,0,1,7,0
p02831,s000886653,cpp,324,0,0,0,0,0,0,0,0,0,1,3,0
p02831,s000920635,cpp,213,0,0,0,0,0,0,0,1,1,0,1,0
p02831,s000973376,cpp,150,0,0,0,0,0,0,0,1,1,0,1,0
p02831,s001396145,cpp,531,0,0,0,0,0,0,0,1,1,0,3,0
p02831,s001432879,cpp,1977,0,0,0,0,0,0,0,1,1,1,6,0
p02831,s001705344,cpp,210,0,0,0,0,0,0,0,0,0,0,1,0
p02831,s001820496,cpp,3535,0,0,0,0,0,0,0,1,1,0,6,0
p02831,s001971760,cpp,267,0,0,0,0,0,0,0,1,1,0,1,0
p02831,s002217577,cpp,257,0,0,0,0,0,0,0,0,0,1,3,0
p02831,s002340607,cpp,666,0,0,0,0,0,0,0,2,1,0,1,0
p02831,s002513527,cpp,610,0,0,0,0,0,0,0,0,0,1,3,0
p02831,s002568730,cpp,403,0,0,0,0,0,0,0,0,0,1,2,0
p02831,s003010702,cpp,1681,0,0,0,0,0,0,0,2,1,1,7,0
p02831,s003395294,cpp,736,0,0,0,0,0,0,0,0,0,1,3,0
p02831,s003852410,cpp,3019,0,0,0,0,0,0,0,0,0,1,12,0
p02831,s004484221,cpp,2733,0,0,0,0,0,0,0,6,2,0,6,0
p02831,s004558951,cpp,324,0,0,0,0,0,0,0,0,0,1,2,0
p02831,s004778404,cpp,496,0,0,0,0,0,0,0,1,1,0,2,0
p02831,s005150109,cpp,652,0,0,0,0,0,0,0,0,0,0,1,0
p02831,s005368241,cpp,901,0,0,0,0,0,0,0,0,0,1,4,0
p02831,s005735245,cpp,273,0,0,0,0,0,0,0,0,0,0,2,0
p02831,s005983203,cpp,783,0,0,0,0,0,0,0,1,1,0,3,0
p02831,s006258499,cpp,813,0,0,0,0,0,0,0,1,1,0,3,0
p02831,s006621831,cpp,284,0,0,0,0,0,0,0,0,0,1,3,0
p02831,s006664493,cpp,770,0,0,0,0,0,0,0,1,1,0,2,0
p02831,s006952945,cpp,223,0,0,0,0,0,0,0,0,0,0,1,0
p02831,s007023091,cpp,317,0,0,0,0,0,0,0,1,1,0,1,0
p02831,s007182839,cpp,714,0,0,0,0,0,0,0,0,0,1,3,0
p02831,s007389929,cpp,368,0,0,0,0,0,0,0,0,0,1,2,0
p02831,s000094417,python,77,0,0,0,0,0,0,0,0,0,0,0,0
p02831,s000120188,python,141,0,0,0,0,0,0,0,1,1,0,0,0
p02831,s000310511,python,104,0,0,0,0,0,0,0,1,1,0,1,0
p02831,s000478447,python,113,0,0,0,0,0,0,0,0,0,0,1,0
p02831,s000847501,python,70,0,0,0,0,0,0,0,0,0,0,0,0
p02831,s000851824,python,149,0,0,0,0,0,0,0,0,0,1,2,0
p02831,s001430247,python,134,0,0,0,0,0,0,0,0,0,0,1,0
p02831,s001923509,python,117,0,0,0,0,0,0,0,0,0,1,1,0
p02831,s002882455,python,165,0,0,0,0,0,0,0,1,1,0,0,0
p02831,s003265892,python,97,0,0,0,0,0,0,0,0,0,0,0,0
p02831,s003620704,python,81,0,0,0,0,0,0,0,0,0,0,0,0
p02831,s003794812,python,151,0,0,0,0,0,0,0,1,1,0,2,0
p02831,s004202030,python,102,0,0,0,0,0,0,0,0,0,0,0,0
p02831,s004599097,python,270,0,0,0,0,0,0,0,1,1,0,1,0
p02831,s005031279,python,98,0,0,0,0,0,0,0,0,0,0,0,0
p02831,s005072576,python,160,0,0,0,0,0,0,0,1,1,0,2,0
p02831,s005286965,python,323,0,0,0,0,0,0,0,0,0,0,3,0
p02831,s005409496,python,141,0,0,0,0,0,0,0,1,1,0,0,0
p02831,s005462924,python,221,0,0,0,0,0,0,0,1,1,0,0,2
p02831,s005603296,python,86,0,0,0,0,0,0,0,0,0,0,0,0
p02831,s006041897,python,72,0,0,0,0,0,0,0,0,0,0,0,0
p02831,s006306025,python,82,0,0,0,0,0,0,0,0,0,0,0,0
p02831,s006797650,python,155,0,0,0,0,0,0,0,1,1,0,2,0
p02831,s007063629,python,123,0,0,0,0,0,0,0,1,1,0,1,0
p02831,s007903720,python,91,0,0,0,0,0,0,0,0,0,0,0,0
p02831,s008074385,python,124,0,0,0,0,0,0,0,0,0,0,1,0
p02831,s008305275,python,194,0,0,0,0,0,0,0,0,0,1,1,0
p02831,s008309000,python,87,0,0,0,0,0,0,0,0,0,0,0,0
p02831,s008601534,python,149,0,0,0,0,0,0,0,0,0,0,0,0
p02831,s008769327,python,76,0,0,0,0,0,0,0,0,0,0,0,0
p02838,s000043965,cpp,1264,0,0,0,0,0,0,0,4,2,0,1,15
p02838,s000060083,cpp,1208,0,0,0,0,0,0,0,1,1,0,1,11
p02838,s000456964,cpp,2672,0,0,0,0,0,0,0,7,2,0,20,4
p02838,s000650144,cpp,987,0,0,0,0,0,0,0,5,2,0,1,16
p02838,s001021636,cpp,864,0,0,0,0,0,0,0,4,2,0,1,3
p02838,s001195370,cpp,985,0,0,0,0,0,0,0,5,2,0,1,6
p02838,s001392882,cpp,1209,0,0,0,0,0,0,0,0,0,1,3,5
p02838,s001948482,cpp,623,0,0,0,0,0,0,0,2,2,0,1,3
p02838,s002352860,cpp,666,0,0,0,0,0,0,0,2,2,0,1,4
p02838,s002499851,cpp,1696,0,0,0,0,0,0,0,3,2,0,3,3
p02838,s002514364,cpp,858,0,0,0,0,0,0,0,3,2,0,1,3
p02838,s002799976,cpp,818,0,0,0,0,0,0,0,3,2,0,2,3
p02838,s002862966,cpp,4432,0,1,0,0,0,0,0,3,1,1,16,5
p02838,s002874581,cpp,500,0,0,0,0,0,0,0,0,0,1,2,8
p02838,s003230730,cpp,1438,0,0,0,0,0,0,0,0,0,1,8,2
p02838,s004158829,cpp,542,0,0,0,0,0,0,0,0,0,0,2,2
p02838,s004170126,cpp,1912,0,0,0,0,0,0,0,0,0,1,16,5
p02838,s004263508,cpp,1656,0,0,0,0,0,0,0,1,1,0,6,10
p02838,s004907497,cpp,8716,0,0,0,0,0,0,0,0,0,0,1,3
p02838,s005266444,cpp,2178,0,0,0,0,0,0,0,0,0,0,3,1
p02838,s006181583,cpp,7150,0,0,0,0,0,0,0,10,2,1,39,5
p02838,s006235413,cpp,1485,0,0,0,0,0,0,0,4,2,1,5,25
p02838,s006799764,cpp,585,0,0,0,0,0,0,0,0,0,0,2,2
p02838,s007171476,cpp,1825,0,0,0,0,1,0,0,5,2,0,2,15
p02838,s007457559,cpp,772,0,0,0,0,0,0,0,1,1,1,2,5
p02838,s007470931,cpp,1849,0,0,0,0,0,0,0,2,1,0,3,7
p02838,s007535448,cpp,1437,0,0,0,0,0,0,0,0,0,0,10,5
p02838,s007852242,cpp,1640,0,0,0,0,0,0,0,4,2,0,2,2
p02838,s007901412,cpp,523,0,0,0,0,0,0,0,0,0,0,1,3
p02838,s008843302,cpp,1437,0,0,0,0,0,0,0,1,1,0,4,2
p02838,s000933584,python,384,0,0,0,0,0,0,0,4,2,0,0,9
p02838,s001140189,python,287,0,0,0,0,0,0,0,2,1,0,0,1
p02838,s002362121,python,1269,0,0,0,0,0,0,0,6,2,0,6,6
p02838,s003708648,python,290,0,0,0,0,0,0,0,3,2,0,0,3
p02838,s004637354,python,3099,0,0,0,0,0,0,0,2,2,0,19,1
p02838,s005585980,python,239,0,0,0,0,0,0,0,2,2,0,0,4
p02838,s006296627,python,382,0,0,0,0,0,0,0,2,2,0,1,3
p02838,s006362321,python,409,0,0,0,0,0,0,0,3,2,0,0,4
p02838,s006418838,python,243,0,0,0,0,0,0,0,3,2,0,0,3
p02838,s006752009,python,509,0,0,0,0,0,0,0,1,1,0,5,0
p02838,s006919742,python,203,0,0,0,0,0,0,0,1,1,0,0,0
p02838,s007243682,python,808,0,0,0,0,0,0,0,1,1,0,6,0
p02838,s007552685,python,486,0,0,0,0,0,0,0,2,2,0,0,7
p02838,s008652576,python,316,0,0,0,0,0,0,0,3,2,0,0,6
p02838,s008739778,python,193,0,0,0,0,0,0,0,1,1,0,0,0
p02838,s009147714,python,319,0,0,0,0,0,0,0,3,2,0,0,3
p02838,s009406616,python,380,0,0,0,0,0,0,0,3,2,0,0,4
p02838,s009474188,python,218,0,0,0,0,0,0,0,2,2,0,0,0
p02838,s011272419,python,205,0,0,0,0,0,0,0,2,2,0,0,0
p02838,s011596638,python,953,0,0,0,0,0,0,0,5,2,0,3,3
p02838,s012221388,python,233,0,0,0,0,0,0,0,1,1,0,0,0
p02838,s012513156,python,400,0,0,0,0,0,0,0,3,2,0,0,5
p02838,s012897086,python,374,0,0,0,0,0,0,0,3,2,0,1,3
p02838,s013005884,python,267,0,0,0,0,0,0,0,3,2,0,0,3
p02838,s013505097,python,816,0,0,0,0,0,0,0,6,2,0,2,7
p02838,s014659525,python,433,0,0,0,0,0,0,0,1,1,0,0,0
p02838,s017249045,python,308,0,0,0,0,0,0,0,3,2,0,0,3
p02838,s018064440,python,245,0,0,0,0,0,0,0,1,1,0,0,0
p02838,s018600862,python,193,0,0,0,0,0,0,0,2,2,0,0,1
p02838,s019025404,python,264,0,0,0,0,0,0,0,1,1,0,0,1
p02852,s001248502,cpp,900,0,0,0,0,1,0,0,4,2,0,1,11
p02852,s001995670,cpp,756,0,0,0,1,0,0,0,3,2,0,1,6
p02852,s002767133,cpp,597,0,0,0,0,0,0,0,4,2,0,1,3
p02852,s002971084,cpp,1031,0,0,0,0,0,0,0,0,0,1,2,2
p02852,s003228377,cpp,1742,0,0,0,0,1,0,0,2,1,1,8,21
p02852,s003278699,cpp,1023,0,0,0,0,0,0,0,0,0,0,2,4
p02852,s003805208,cpp,980,0,0,0,0,0,0,0,4,2,1,2,1
p02852,s004004051,cpp,4978,0,0,0,0,0,0,0,10,2,1,21,6
p02852,s004071949,cpp,4841,0,0,0,0,0,0,0,8,2,1,18,5
p02852,s004451616,cpp,1326,0,0,0,0,0,0,0,1,1,0,2,2
p02852,s005155590,cpp,1772,1,0,0,0,1,0,0,5,2,0,7,11
p02852,s006112372,cpp,2578,0,0,0,0,0,0,0,4,1,0,6,10
p02852,s007357637,cpp,850,0,0,0,0,0,0,0,2,2,0,1,2
p02852,s007393812,cpp,1171,0,0,0,0,0,0,0,2,2,0,1,2
p02852,s007499533,cpp,1168,0,0,0,1,0,0,0,3,2,0,1,6
p02852,s007548928,cpp,794,0,0,0,0,0,0,1,4,2,0,2,9
p02852,s008591266,cpp,1297,0,0,0,0,0,0,0,3,2,0,1,3
p02852,s008766623,cpp,3589,0,0,0,0,1,0,0,4,1,0,8,13
p02852,s008859130,cpp,772,0,0,0,0,0,0,0,3,2,0,1,1
p02852,s009298846,cpp,4991,0,0,0,0,0,0,0,12,2,0,23,3
p02852,s009636808,cpp,2545,0,0,0,0,0,0,0,2,1,0,10,2
p02852,s009765051,cpp,1394,0,0,0,0,0,0,0,2,1,0,1,4
p02852,s009986625,cpp,813,0,0,0,0,0,0,0,5,2,0,1,11
p02852,s010156146,cpp,1162,0,0,0,0,0,0,0,5,2,1,3,3
p02852,s010471462,cpp,620,0,0,0,0,0,0,0,3,2,0,1,1
p02852,s010647601,cpp,2346,0,0,0,0,1,0,0,5,1,0,6,11
p02852,s011050655,cpp,1514,0,1,0,0,1,0,0,3,1,1,3,21
p02852,s012021177,cpp,633,0,0,0,0,0,0,0,3,2,0,1,2
p02852,s012167904,cpp,2037,0,1,0,0,1,0,0,3,1,1,3,15
p02852,s012964820,cpp,476,0,0,0,0,1,0,0,3,1,0,1,6
p02852,s001296527,python,1650,1,0,1,0,0,0,0,3,1,0,7,28
p02852,s001676349,python,4402,0,0,0,0,1,1,0,11,1,0,13,26
p02852,s005985692,python,490,1,0,1,0,0,0,0,2,2,0,1,3
p02852,s009762233,python,609,0,0,0,0,0,0,0,2,1,0,0,4
p02852,s015439109,python,181,1,0,1,0,0,0,0,2,2,0,0,2
p02852,s016506926,python,402,1,0,1,0,0,0,0,2,2,0,1,3
p02852,s017147942,python,227,0,0,0,0,0,0,0,1,1,0,0,3
p02852,s017484477,python,333,1,0,1,0,0,0,0,2,2,0,0,1
p02852,s017832470,python,265,1,0,1,0,0,0,0,2,2,0,0,2
p02852,s023282051,python,366,1,0,1,0,0,0,0,2,1,0,0,3
p02852,s023629470,python,701,1,0,1,0,0,0,0,2,2,0,1,1
p02852,s027710033,python,487,1,0,1,0,0,0,0,3,2,0,1,1
p02852,s028058160,python,313,1,0,1,0,0,0,0,2,2,0,0,1
p02852,s030550017,python,2262,0,0,0,1,1,0,0,6,1,0,4,13
p02852,s032589427,python,207,1,0,1,0,0,0,0,1,1,0,0,3
p02852,s035858550,python,2242,1,0,1,0,1,0,0,9,2,0,4,14
p02852,s036539093,python,462,0,0,0,0,0,0,0,3,2,0,0,6
p02852,s040142477,python,2031,0,0,0,0,0,0,0,2,1,1,12,1
p02852,s040225450,python,334,1,0,1,0,0,0,0,2,2,0,0,3
p02852,s040995878,python,935,1,0,1,0,0,0,0,2,2,0,2,1
p02852,s042758470,python,831,1,0,1,0,1,0,0,4,2,0,0,9
p02852,s046214401,python,2280,0,0,0,1,0,0,0,3,1,1,21,1
p02852,s047405821,python,389,1,0,1,0,0,0,0,2,1,0,0,3
p02852,s049319162,python,369,0,0,0,0,0,0,0,1,1,0,0,2
p02852,s054349712,python,448,1,0,1,0,0,0,0,3,2,0,0,3
p02852,s057601426,python,619,1,0,1,0,0,0,0,2,2,0,1,7
p02852,s059029920,python,485,1,0,1,0,0,0,0,2,2,0,0,2
p02852,s059198704,python,330,1,0,1,0,0,0,0,2,2,0,0,2
p02852,s060183834,python,430,0,0,0,0,1,0,0,4,2,0,0,8
p02852,s060492273,python,1619,0,0,0,0,1,0,0,4,1,0,3,10
p02886,s000015361,cpp,312,0,0,0,0,0,0,0,3,2,0,1,3
p02886,s000360804,cpp,327,0,0,0,0,0,0,0,2,2,0,1,0
p02886,s000394699,cpp,650,0,0,0,0,0,0,0,0,0,0,1,3
p02886,s000750409,cpp,351,0,0,0,0,0,0,0,0,0,0,2,3
p02886,s000855499,cpp,443,0,0,0,0,0,0,0,3,2,0,1,3
p02886,s000943903,cpp,301,0,0,0,0,0,0,0,3,2,0,1,3
p02886,s001047720,cpp,614,0,0,0,0,0,0,0,0,0,0,2,0
p02886,s001064040,cpp,504,0,0,0,0,0,0,0,3,2,0,1,3
p02886,s001187490,cpp,856,0,0,0,0,0,0,0,0,0,1,5,3
p02886,s001203305,cpp,350,0,0,0,0,0,0,0,3,2,0,1,3
p02886,s001222925,cpp,564,0,0,0,0,0,0,0,3,2,0,1,3
p02886,s001564401,cpp,251,0,0,0,0,0,0,0,3,2,0,1,3
p02886,s001706136,cpp,438,0,0,0,0,0,0,0,2,2,0,2,3
p02886,s001831671,cpp,826,0,0,0,0,0,0,0,2,2,0,2,3
p02886,s002026279,cpp,373,0,0,0,0,0,0,0,3,2,0,1,3
p02886,s002028700,cpp,255,0,0,0,0,0,0,0,3,2,0,1,3
p02886,s002366085,cpp,833,0,0,0,0,0,0,0,0,0,0,3,3
p02886,s002408542,cpp,359,0,0,0,0,0,0,0,0,0,0,1,3
p02886,s002485801,cpp,722,0,0,0,0,0,0,0,0,0,0,1,4
p02886,s002736551,cpp,424,0,0,0,0,0,0,0,3,2,0,1,3
p02886,s002818957,cpp,342,0,0,0,0,0,0,0,3,2,0,1,3
p02886,s003165263,cpp,299,0,0,0,0,0,0,0,3,2,0,1,3
p02886,s003191251,cpp,508,0,0,0,0,0,0,0,0,0,0,1,3
p02886,s003409165,cpp,459,0,0,0,0,0,0,0,1,1,0,2,0
p02886,s003472528,cpp,431,0,0,0,0,0,0,0,0,0,0,1,3
p02886,s004102596,cpp,468,0,0,0,0,0,0,0,1,1,0,2,3
p02886,s004174071,cpp,371,0,0,0,0,0,0,0,3,2,0,1,0
p02886,s004371834,cpp,823,0,0,0,0,0,0,0,0,0,0,2,3
p02886,s004577684,cpp,408,0,0,0,0,0,0,0,3,2,0,1,0
p02886,s004603277,cpp,301,0,0,0,0,0,0,0,3,2,0,1,0
p02886,s000168590,python,149,0,0,0,0,0,0,0,1,1,0,0,2
p02886,s000373052,python,136,0,0,0,0,0,0,0,2,2,0,0,2
p02886,s000558455,python,132,0,0,0,0,0,0,0,2,2,0,0,2
p02886,s001197709,python,168,0,0,0,0,0,0,0,2,2,0,0,2
p02886,s001319019,python,236,0,0,0,0,0,0,0,4,2,0,0,5
p02886,s001327166,python,167,0,0,0,0,0,0,0,2,2,0,0,2
p02886,s001345656,python,161,0,0,0,0,0,0,0,2,2,0,0,2
p02886,s001662284,python,245,0,0,0,0,0,0,0,2,2,0,0,2
p02886,s001871512,python,154,0,0,0,0,0,0,0,2,2,0,0,2
p02886,s002196451,python,185,0,0,0,0,0,0,0,2,2,0,0,2
p02886,s002227714,python,174,0,0,0,0,0,0,0,2,2,0,0,2
p02886,s002345615,python,135,0,0,0,0,0,0,0,2,2,0,0,2
p02886,s003215901,python,187,0,0,0,0,0,0,0,2,2,0,0,4
p02886,s003312133,python,133,0,0,0,0,0,0,0,1,1,0,0,2
p02886,s003740701,python,509,0,0,0,0,0,0,0,2,2,0,0,2
p02886,s004253147,python,143,0,0,0,0,0,0,0,2,2,0,0,2
p02886,s004673143,python,171,0,0,0,0,0,0,0,3,2,0,0,2
p02886,s004949533,python,105,0,0,0,0,0,0,0,1,1,0,0,0
p02886,s005133217,python,1237,0,0,0,0,0,0,0,1,1,0,11,0
p02886,s005308410,python,152,0,0,0,0,0,0,0,1,1,0,0,0
p02886,s005968134,python,147,0,0,0,0,0,0,0,2,2,0,0,2
p02886,s006051925,python,131,0,0,0,0,0,0,0,2,2,0,0,2
p02886,s006248808,python,156,0,0,0,0,0,0,0,1,1,0,0,2
p02886,s006681957,python,130,0,0,0,0,0,0,0,1,1,0,0,2
p02886,s006887324,python,159,0,0,0,0,0,0,0,2,2,0,0,2
p02886,s007461314,python,260,0,0,0,0,0,0,0,2,2,0,1,2
p02886,s007583335,python,117,0,0,0,0,0,0,0,2,2,0,0,2
p02886,s007639728,python,143,0,0,0,0,0,0,0,2,2,0,0,2
p02886,s007829781,python,175,0,0,0,0,0,0,0,1,1,0,0,5
p02886,s008098787,python,109,0,0,0,0,0,0,0,1,1,0,0,0
p02896,s008937885,cpp,2743,0,0,0,0,1,0,0,20,4,0,1,94
p02896,s018600114,cpp,2187,0,0,0,0,0,0,0,2,1,0,4,86
p02896,s021384734,cpp,2405,0,0,0,0,1,0,0,26,4,0,8,137
p02896,s022024519,cpp,3003,0,0,0,0,1,0,0,27,4,0,7,142
p02896,s022874539,cpp,1588,0,0,0,0,0,0,0,13,4,0,3,62
p02896,s023470585,cpp,9615,0,0,0,0,1,0,0,14,4,1,57,26
p02896,s027750607,cpp,2056,0,0,0,0,1,0,0,3,1,0,7,78
p02896,s032155255,cpp,3816,0,0,0,0,1,0,0,26,5,0,10,89
p02896,s055151428,cpp,1622,0,0,0,0,1,0,0,10,4,0,2,37
p02896,s055877171,cpp,1709,0,0,0,0,1,0,0,10,4,0,2,54
p02896,s064998099,cpp,3390,0,0,0,0,0,0,0,2,1,1,7,72
p02896,s065149059,cpp,1418,0,0,0,0,1,0,0,1,1,0,4,67
p02896,s066532537,cpp,1994,0,0,0,0,1,0,0,11,4,0,1,62
p02896,s069067540,cpp,6025,0,0,0,0,1,0,0,34,4,1,26,103
p02896,s075479718,cpp,1639,0,0,0,0,0,0,0,3,1,0,4,49
p02896,s082380692,cpp,1049,0,0,0,0,1,0,0,17,4,0,1,48
p02896,s084137524,cpp,2871,0,0,0,0,1,0,0,0,0,1,9,48
p02896,s087250458,cpp,2515,0,0,0,0,1,0,0,28,4,0,11,90
p02896,s089921729,cpp,1598,0,0,0,0,0,0,0,14,4,0,5,70
p02896,s113001858,cpp,1384,0,0,0,0,0,0,0,14,4,0,2,60
p02896,s131983147,cpp,1488,0,0,0,0,0,0,0,1,1,0,8,52
p02896,s135569317,cpp,2021,0,0,0,0,1,0,0,19,4,1,4,68
p02896,s137267952,cpp,2319,0,0,0,0,1,0,0,25,4,0,4,116
p02896,s143189241,cpp,2023,0,0,0,0,1,0,0,25,4,1,2,103
p02896,s144804318,cpp,1861,0,0,0,0,0,0,0,11,4,0,5,52
p02896,s149866503,cpp,908,0,0,0,0,1,0,0,11,4,0,4,48
p02896,s151152853,cpp,1804,0,0,0,0,0,0,0,16,4,0,2,40
p02896,s153111408,cpp,4046,0,0,0,0,1,0,0,29,4,1,12,74
p02896,s174603650,cpp,1897,0,0,0,0,1,0,0,19,4,0,3,90
p02896,s179920428,cpp,1870,0,0,0,0,1,0,0,28,4,0,6,79
p02899,s000661854,cpp,433,0,0,0,0,0,0,0,0,0,0,3,4
p02899,s001335675,cpp,394,0,0,0,0,0,0,0,0,0,0,2,2
p02899,s001389426,cpp,730,0,0,0,0,0,1,0,2,1,0,2,2
p02899,s001959386,cpp,814,0,0,0,0,0,1,0,2,1,0,1,0
p02899,s002055428,cpp,319,0,0,0,0,0,0,0,3,1,0,1,4
p02899,s002112524,cpp,17605,1,0,0,1,1,1,0,37,2,0,70,118
p02899,s002621311,cpp,1420,0,0,0,0,0,0,0,0,0,1,4,3
p02899,s002670355,cpp,287,0,0,0,0,0,0,0,2,1,0,1,4
p02899,s002885560,cpp,1667,0,0,0,0,0,0,0,0,0,0,1,3
p02899,s003031582,cpp,569,0,0,0,0,0,1,0,2,1,0,2,1
p02899,s003320734,cpp,229,0,0,0,0,0,0,0,2,1,0,1,2
p02899,s003322299,cpp,18764,1,0,0,0,1,0,1,38,3,1,64,154
p02899,s003385154,cpp,267,0,0,0,0,0,0,0,2,1,0,1,2
p02899,s003455958,cpp,2869,0,0,0,0,0,1,0,5,1,0,7,6
p02899,s003469615,cpp,314,0,0,0,0,0,0,0,2,1,0,1,4
p02899,s003552276,cpp,364,0,0,0,0,0,0,0,2,1,0,1,2
p02899,s003561217,cpp,286,0,0,0,0,0,0,0,2,1,0,1,2
p02899,s003791522,cpp,392,0,0,0,0,0,1,0,2,1,0,1,3
p02899,s003801723,cpp,642,0,0,0,0,0,0,0,3,1,0,4,2
p02899,s003846728,cpp,1436,0,0,0,0,0,0,0,0,0,1,7,3
p02899,s004030686,cpp,3364,0,0,0,0,0,0,0,12,2,0,12,9
p02899,s004232451,cpp,311,0,0,0,0,0,1,0,2,1,0,2,5
p02899,s004245397,cpp,1026,0,0,0,0,0,1,0,1,1,0,4,3
p02899,s004677775,cpp,511,0,0,0,0,0,0,0,2,1,0,1,0
p02899,s004701826,cpp,1144,0,0,0,0,0,0,0,1,1,0,1,3
p02899,s004831609,cpp,438,0,0,0,0,0,0,0,2,1,0,2,3
p02899,s004945700,cpp,504,0,0,0,0,0,0,0,2,1,0,1,4
p02899,s005064329,cpp,482,0,0,0,0,0,0,0,2,1,1,3,2
p02899,s005174990,cpp,1293,0,0,0,0,0,1,0,3,2,0,4,2
p02899,s005288568,cpp,681,0,0,0,0,0,0,0,3,1,0,1,4
p02899,s000080672,python,141,0,0,0,0,0,0,0,1,1,0,0,0
p02899,s000169154,python,144,0,0,0,0,0,0,0,1,1,0,0,2
p02899,s000337797,python,680,0,0,0,0,0,1,0,2,2,0,3,1
p02899,s000388459,python,225,0,0,0,0,0,0,0,1,1,0,0,1
p02899,s000426984,python,287,0,0,0,0,0,0,0,1,1,0,0,3
p02899,s000520248,python,285,0,0,0,0,0,0,0,1,1,0,0,3
p02899,s000633833,python,168,0,0,0,0,0,0,0,1,1,0,0,2
p02899,s001055917,python,110,0,0,0,0,0,0,0,1,1,0,0,2
p02899,s001144496,python,142,0,0,0,0,0,0,0,1,1,0,0,2
p02899,s001712263,python,125,0,0,0,0,0,0,0,1,1,0,0,2
p02899,s002242106,python,134,0,0,0,0,0,0,0,1,1,0,0,1
p02899,s002250307,python,245,0,0,0,0,0,1,0,1,1,0,0,3
p02899,s002637041,python,169,0,0,0,0,0,0,0,1,1,0,0,1
p02899,s002887094,python,194,0,0,0,0,0,0,0,2,1,0,0,3
p02899,s003316364,python,142,0,0,0,0,0,0,0,2,1,0,0,3
p02899,s003564586,python,216,0,0,0,0,0,1,0,1,1,0,0,2
p02899,s003665200,python,289,0,0,0,0,0,1,0,2,1,0,0,5
p02899,s003867928,python,134,0,0,0,0,0,0,0,1,1,0,0,1
p02899,s005260794,python,768,0,0,0,0,0,1,0,2,1,0,1,0
p02899,s005392928,python,203,0,0,0,0,0,1,0,2,1,0,0,4
p02899,s005573915,python,242,0,0,0,0,0,1,0,2,1,0,0,0
p02899,s005615291,python,144,0,0,0,0,0,0,0,0,0,0,0,0
p02899,s006046736,python,133,0,0,0,0,0,0,0,0,0,0,0,1
p02899,s006322882,python,238,0,0,0,0,0,0,0,1,1,0,0,2
p02899,s007244993,python,162,0,0,0,0,0,0,0,2,1,0,0,3
p02899,s007961680,python,175,0,0,0,0,0,0,0,2,1,0,0,3
p02899,s008779862,python,247,0,0,0,0,0,0,0,0,0,0,1,3
p02899,s009850849,python,170,0,0,0,0,0,0,0,1,1,0,0,2
p02899,s009988900,python,222,0,0,0,0,0,0,0,0,0,0,0,0
p02899,s010058818,python,156,0,0,0,0,0,0,0,2,1,0,0,3
p02926,s000453612,cpp,24332,1,0,1,0,1,0,0,29,2,1,94,152
p02926,s000718481,cpp,954,0,0,0,0,0,0,0,0,0,0,3,2
p02926,s001030805,cpp,1032,0,0,0,0,0,0,0,5,2,1,5,13
p02926,s001249551,cpp,1182,0,0,0,0,0,1,0,3,2,0,3,2
p02926,s002219223,cpp,5059,0,0,0,0,0,0,0,0,0,0,3,4
p02926,s002375684,cpp,990,0,0,0,0,0,1,0,4,2,0,3,3
p02926,s002433754,cpp,1550,0,0,0,0,0,0,0,5,3,0,3,14
p02926,s002777767,cpp,2800,0,0,0,0,0,0,0,4,2,0,9,6
p02926,s004575405,cpp,1364,0,0,0,0,1,0,0,4,2,1,8,10
p02926,s006396835,cpp,1459,0,0,0,0,0,0,0,4,2,0,2,9
p02926,s007753156,cpp,2744,0,0,0,0,0,0,0,0,0,0,3,6
p02926,s008367132,cpp,3920,0,0,0,0,1,0,0,2,1,1,28,29
p02926,s010663534,cpp,1715,0,0,0,0,0,1,0,3,2,0,3,6
p02926,s010725206,cpp,2994,0,0,0,0,0,0,0,0,0,1,14,4
p02926,s011534973,cpp,1216,0,0,0,0,0,0,0,1,1,0,1,6
p02926,s012200491,cpp,4761,0,0,0,0,0,0,0,13,3,1,19,24
p02926,s013105344,cpp,681,0,0,0,0,0,1,0,5,3,0,1,11
p02926,s013838747,cpp,5391,0,0,0,0,0,1,0,15,3,0,16,13
p02926,s016929514,cpp,5655,0,0,0,0,0,0,0,9,1,1,23,10
p02926,s017000418,cpp,3695,0,0,0,0,0,1,0,7,3,0,11,2
p02926,s018261290,cpp,1550,0,0,0,0,1,1,0,4,2,0,1,13
p02926,s018761440,cpp,2154,0,0,0,0,0,0,0,3,1,0,10,9
p02926,s018958990,cpp,1159,0,0,0,0,0,1,0,4,2,0,2,4
p02926,s020564636,cpp,1969,0,0,0,0,0,0,0,2,2,1,8,6
p02926,s020576310,cpp,520,0,0,0,0,0,1,0,2,1,0,2,4
p02926,s021127910,cpp,594,0,0,0,0,0,1,0,4,2,0,2,10
p02926,s023098387,cpp,769,0,0,0,0,0,1,0,3,2,0,3,6
p02926,s023189117,cpp,1421,0,0,0,0,0,0,0,0,0,0,16,2
p02926,s023453434,cpp,1917,0,0,0,0,0,1,0,3,2,0,9,12
p02926,s023838662,cpp,1493,0,0,0,0,0,1,0,3,2,0,6,4
p02926,s006093052,python,3786,0,0,0,0,0,1,0,9,2,0,20,20
p02926,s009071662,python,407,0,0,0,0,0,1,0,2,2,0,0,10
p02926,s009722788,python,363,0,0,0,0,0,1,0,3,2,0,0,6
p02926,s011527752,python,4080,0,0,0,0,0,0,0,10,2,0,1,76
p02926,s011930589,python,540,0,0,0,0,0,1,0,5,3,0,0,18
p02926,s015160759,python,375,0,0,0,0,0,1,0,2,2,0,0,8
p02926,s022415465,python,335,0,0,0,0,0,0,0,2,2,0,0,0
p02926,s025162144,python,660,0,0,0,0,0,1,0,3,2,0,1,8
p02926,s027698217,python,425,0,0,0,0,0,0,0,2,2,0,1,4
p02926,s027737178,python,298,0,0,0,0,0,1,0,2,2,0,0,1
p02926,s037004167,python,472,0,0,0,0,0,0,0,3,2,0,0,6
p02926,s039824901,python,293,0,0,0,0,0,0,0,1,1,0,0,1
p02926,s041164429,python,669,0,0,0,0,0,1,0,4,2,0,0,8
p02926,s047929796,python,602,0,0,0,0,0,1,0,3,2,0,0,7
p02926,s048034827,python,656,0,0,0,0,0,1,0,4,3,0,1,10
p02926,s052207691,python,288,0,0,0,0,0,1,0,2,2,0,0,3
p02926,s057831085,python,328,0,0,0,0,0,1,0,3,2,0,0,4
p02926,s075915670,python,548,0,0,0,0,0,1,0,3,2,0,0,4
p02926,s079541218,python,472,0,0,0,0,0,0,0,3,2,0,0,6
p02926,s080976895,python,600,0,0,0,0,0,1,0,3,2,0,0,12
p02926,s082598458,python,318,0,0,0,0,0,1,0,2,2,0,0,3
p02926,s090292685,python,856,0,0,0,0,0,1,0,3,2,0,0,16
p02926,s095782722,python,1357,0,0,0,0,0,1,0,3,2,0,11,6
p02926,s097872019,python,559,0,0,0,0,0,0,0,0,0,0,1,11
p02926,s109026761,python,324,0,0,0,0,0,0,0,2,2,0,0,5
p02926,s112662088,python,753,0,0,0,0,0,0,0,2,2,0,1,4
p02926,s118526813,python,658,0,0,0,0,0,1,0,3,3,0,1,10
p02926,s118693540,python,481,0,0,0,0,0,1,0,2,2,0,0,10
p02926,s120227668,python,1655,0,0,0,0,0,1,0,6,2,0,11,15
p02926,s124834842,python,530,0,0,0,0,0,1,0,3,2,0,0,13
p02996,s000977160,cpp,719,0,0,0,0,0,0,0,0,0,0,2,0
p02996,s001010675,cpp,1012,0,0,0,0,0,1,0,2,1,0,1,0
p02996,s001109270,cpp,486,0,0,0,0,0,1,0,2,1,0,1,2
p02996,s001143507,cpp,996,0,0,0,0,0,0,0,1,1,1,3,0
p02996,s001234273,cpp,1540,0,0,0,0,0,0,0,0,0,0,3,2
p02996,s001278846,cpp,645,0,0,0,0,0,1,0,2,1,0,1,1
p02996,s001459141,cpp,837,0,0,0,0,0,1,0,2,1,0,1,3
p02996,s001615606,cpp,593,0,0,0,0,0,0,0,0,0,0,3,3
p02996,s001805039,cpp,815,0,0,0,0,0,0,0,2,1,0,2,2
p02996,s002054094,cpp,2344,0,0,0,0,0,0,0,10,1,1,12,5
p02996,s002214760,cpp,1433,0,0,0,0,0,0,0,3,2,1,5,0
p02996,s002309958,cpp,776,0,0,0,0,0,0,0,2,1,0,2,9
p02996,s002319062,cpp,879,0,0,0,0,0,0,0,0,0,1,4,10
p02996,s002337485,cpp,3005,0,0,0,0,0,0,0,4,1,1,12,5
p02996,s002699116,cpp,568,0,0,0,0,0,1,0,2,1,0,1,5
p02996,s002967915,cpp,521,0,0,0,0,0,1,0,2,1,0,2,3
p02996,s003182883,cpp,1254,0,0,0,0,0,1,0,1,1,0,2,0
p02996,s003409323,cpp,888,0,0,0,0,0,0,0,0,0,0,3,0
p02996,s003553228,cpp,520,0,0,0,0,0,1,0,2,1,0,1,0
p02996,s003667043,cpp,424,0,0,0,0,0,1,0,2,1,0,1,4
p02996,s003716705,cpp,428,0,0,0,0,0,1,0,2,1,0,2,4
p02996,s004077557,cpp,681,0,0,0,0,0,1,0,2,1,0,2,0
p02996,s004267547,cpp,606,0,0,0,0,0,1,0,2,1,0,1,7
p02996,s004702140,cpp,603,0,0,0,0,0,0,0,0,0,0,3,3
p02996,s005020699,cpp,805,0,0,0,0,0,1,0,2,1,0,3,3
p02996,s005062064,cpp,548,0,0,0,0,0,1,0,2,1,0,4,4
p02996,s005197227,cpp,1071,0,0,0,0,0,0,0,0,0,0,3,4
p02996,s005519130,cpp,1435,0,0,0,0,0,0,0,0,0,0,5,4
p02996,s005647608,cpp,898,0,0,0,0,0,1,0,1,1,0,4,0
p02996,s005721316,cpp,586,0,0,0,0,0,0,0,0,0,0,3,3
p02996,s000051946,python,223,0,0,0,0,0,1,0,1,1,0,0,2
p02996,s000435629,python,299,0,0,0,0,0,0,0,2,1,0,0,1
p02996,s000562495,python,415,0,0,0,0,0,0,0,2,1,0,1,0
p02996,s000658921,python,238,0,0,0,0,0,1,0,1,1,0,0,1
p02996,s000921824,python,207,0,0,0,0,0,1,0,1,1,0,0,0
p02996,s001023190,python,274,0,0,0,0,0,0,0,2,1,0,0,1
p02996,s001930174,python,459,0,0,0,0,0,1,0,2,1,0,4,3
p02996,s002153942,python,264,0,0,0,0,0,0,0,2,1,0,0,4
p02996,s002616186,python,255,0,0,0,0,0,1,0,2,1,0,0,6
p02996,s003373508,python,252,0,0,0,0,0,1,0,2,1,0,0,5
p02996,s003780991,python,406,0,0,0,0,0,1,0,2,1,0,0,0
p02996,s004885305,python,259,0,0,0,0,0,1,0,1,1,0,0,5
p02996,s005824230,python,256,0,0,0,0,0,1,0,2,1,0,0,5
p02996,s006236107,python,607,0,0,0,0,0,1,0,4,2,0,0,5
p02996,s007142067,python,254,0,0,0,0,0,1,0,1,1,0,0,5
p02996,s008100184,python,294,0,0,0,0,0,1,0,2,1,0,0,5
p02996,s008255410,python,450,0,0,0,0,0,1,0,2,1,0,1,2
p02996,s008334592,python,336,0,0,0,0,0,1,0,2,1,0,1,3
p02996,s008602986,python,538,0,0,0,0,0,0,0,2,1,0,1,11
p02996,s008854503,python,307,0,0,0,0,0,1,0,2,1,0,0,3
p02996,s009307636,python,295,0,0,0,0,0,0,0,2,1,0,0,6
p02996,s009658943,python,247,0,0,0,0,0,1,0,2,1,0,0,4
p02996,s009743762,python,401,0,0,0,0,0,1,0,2,1,0,0,7
p02996,s009878201,python,505,0,0,0,0,0,1,0,2,1,0,0,4
p02996,s010024881,python,601,0,0,0,0,0,1,0,2,1,0,3,7
p02996,s010037814,python,546,0,0,0,0,0,1,0,1,1,0,0,1
p02996,s010185757,python,211,0,0,0,0,0,1,0,1,1,0,0,3
p02996,s010533393,python,227,0,0,0,0,0,1,0,1,1,0,0,4
p02996,s010551157,python,218,0,0,0,0,0,1,0,1,1,0,0,4
p02996,s011765985,python,225,0,0,0,0,0,1,0,2,1,0,0,2
p02997,s000095258,cpp,1255,0,0,0,0,0,0,0,7,2,0,1,11
p02997,s000331341,cpp,573,0,0,0,0,0,0,0,7,2,0,1,5
p02997,s000352336,cpp,569,0,0,0,0,0,0,0,5,3,0,1,2
p02997,s000413842,cpp,662,0,0,0,0,0,0,0,4,2,0,1,0
p02997,s000662599,cpp,551,0,0,0,0,0,0,0,3,2,0,1,0
p02997,s001084583,cpp,1486,0,0,0,0,0,0,0,6,2,0,1,12
p02997,s001189403,cpp,1919,0,0,0,0,0,0,0,6,2,0,4,14
p02997,s001193549,cpp,3213,0,1,0,0,1,0,0,5,2,1,5,4
p02997,s001200412,cpp,622,0,0,0,0,0,0,0,4,2,0,1,0
p02997,s001633082,cpp,612,0,0,0,0,0,0,0,4,2,0,1,2
p02997,s002123546,cpp,691,0,0,0,0,0,0,0,4,2,0,1,2
p02997,s003148510,cpp,595,0,0,0,0,0,0,0,4,2,0,1,0
p02997,s003339711,cpp,768,0,0,0,0,0,0,0,4,2,0,1,0
p02997,s004013153,cpp,729,0,0,0,0,0,0,0,4,2,0,1,0
p02997,s004044043,cpp,1269,0,0,0,0,0,0,0,5,3,0,3,8
p02997,s004481372,cpp,998,0,0,0,0,0,0,0,2,1,0,2,2
p02997,s004510849,cpp,782,0,0,0,0,0,0,0,4,2,0,1,2
p02997,s004569052,cpp,934,0,0,0,0,0,0,0,3,1,0,2,2
p02997,s004828719,cpp,1042,0,0,0,0,0,0,0,4,2,0,1,0
p02997,s005428617,cpp,1171,0,0,0,0,0,0,0,4,2,0,2,3
p02997,s005436464,cpp,1014,0,0,0,0,0,0,0,2,2,0,1,0
p02997,s005461810,cpp,2248,0,0,0,0,0,0,0,5,2,0,4,13
p02997,s005499047,cpp,2189,0,0,0,0,0,0,0,4,2,0,3,2
p02997,s005499522,cpp,925,0,0,0,0,0,0,0,4,2,1,3,2
p02997,s005732481,cpp,431,0,0,0,0,0,0,0,3,2,0,1,0
p02997,s005744497,cpp,1007,0,0,0,0,0,0,0,4,2,1,3,0
p02997,s005934699,cpp,1926,0,0,0,0,0,0,0,4,2,0,2,0
p02997,s006092288,cpp,971,0,0,0,0,0,0,0,3,2,0,1,0
p02997,s006266990,cpp,771,0,0,0,0,0,0,0,3,2,0,1,0
p02997,s006355961,cpp,1232,0,0,0,0,0,0,0,3,2,0,2,0
p02997,s001354342,python,191,0,0,0,0,0,0,0,0,0,0,0,1
p02997,s002184326,python,412,0,0,0,0,0,0,0,3,1,0,0,8
p02997,s003229709,python,420,0,0,0,0,0,0,0,2,2,0,0,2
p02997,s003732677,python,552,0,0,0,0,0,0,0,7,3,0,0,0
p02997,s004355429,python,804,0,0,0,0,0,0,0,3,1,0,0,0
p02997,s004570289,python,365,0,0,0,0,0,0,0,3,2,0,0,1
p02997,s008685618,python,305,0,0,0,0,0,0,0,2,1,0,0,0
p02997,s008869327,python,322,0,0,0,0,0,0,0,3,2,0,0,1
p02997,s009171284,python,579,0,0,0,0,0,0,0,6,3,0,0,0
p02997,s009587340,python,456,0,0,0,0,0,0,0,4,2,0,0,3
p02997,s012711398,python,357,0,0,0,0,0,0,0,3,2,0,0,0
p02997,s013134525,python,499,0,0,0,0,0,0,0,3,2,0,2,0
p02997,s013317028,python,420,0,0,0,0,0,0,0,1,1,0,1,0
p02997,s013842043,python,407,0,0,0,0,0,0,0,2,2,0,0,0
p02997,s013955162,python,316,0,0,0,0,0,0,0,2,1,0,0,0
p02997,s014413549,python,550,0,0,0,0,0,0,0,4,2,0,0,0
p02997,s018908329,python,1263,0,0,0,0,0,0,0,5,2,0,0,2
p02997,s020294120,python,475,0,0,0,0,0,0,0,3,1,0,0,4
p02997,s021112225,python,497,0,0,0,0,0,0,0,4,2,0,0,0
p02997,s022002212,python,799,0,0,0,0,0,0,0,4,2,0,11,0
p02997,s024450564,python,545,0,0,0,0,0,0,0,4,2,0,1,0
p02997,s025273698,python,314,0,0,0,0,0,0,0,3,2,0,0,0
p02997,s025369435,python,656,0,0,0,0,0,0,0,2,1,0,2,1
p02997,s027873562,python,440,0,0,0,0,0,0,0,3,2,0,1,0
p02997,s027948655,python,345,0,0,0,0,0,0,0,2,1,0,0,0
p02997,s029285605,python,286,0,0,0,0,0,0,0,2,2,0,0,0
p02997,s030413179,python,425,0,0,0,0,0,1,0,3,2,0,0,2
p02997,s034879499,python,537,0,0,0,0,0,0,0,4,2,0,0,4
p02997,s035017724,python,479,0,0,0,0,0,0,0,4,2,0,0,3
p02997,s035090332,python,480,0,0,0,0,0,0,0,3,2,0,0,0
p03009,s000133152,cpp,937,0,0,0,0,1,0,0,6,1,0,2,20
p03009,s004207696,cpp,591,0,0,0,0,1,0,0,3,1,0,2,16
p03009,s004923103,cpp,3260,0,0,0,0,1,0,0,4,1,0,21,9
p03009,s010799328,cpp,8265,0,0,0,0,1,0,0,7,1,1,45,37
p03009,s023427306,cpp,501,0,0,0,0,1,0,0,3,1,0,2,9
p03009,s027702122,cpp,3385,0,0,0,0,0,0,0,4,1,0,27,8
p03009,s029332489,cpp,414,0,0,0,0,1,0,0,2,1,0,1,12
p03009,s034359960,cpp,960,0,0,0,0,0,0,0,2,1,0,1,6
p03009,s035427518,cpp,899,0,0,0,0,1,0,0,2,1,0,1,19
p03009,s038095812,cpp,967,0,0,0,0,0,0,0,5,1,0,3,6
p03009,s042003850,cpp,9507,0,0,0,0,1,0,0,5,1,1,61,11
p03009,s046410765,cpp,2658,0,0,0,0,1,0,0,6,1,0,12,24
p03009,s051222979,cpp,803,0,0,0,0,1,0,0,2,1,1,3,20
p03009,s056089229,cpp,2462,0,0,0,0,1,0,0,4,1,0,7,28
p03009,s056725857,cpp,4403,0,0,0,0,1,0,0,9,2,0,10,42
p03009,s057160221,cpp,3509,0,0,0,0,1,0,0,6,1,0,25,18
p03009,s059944841,cpp,19804,1,0,0,0,1,0,1,39,3,1,64,173
p03009,s063683093,cpp,5337,0,0,0,0,0,0,0,20,1,1,34,28
p03009,s066725759,cpp,1034,0,0,0,0,1,0,0,2,1,0,2,19
p03009,s067138563,cpp,7423,0,0,0,0,1,0,0,1,1,0,12,14
p03009,s067822055,cpp,1325,0,0,0,0,0,0,0,3,1,0,1,7
p03009,s068564753,cpp,4328,0,0,0,0,0,0,0,3,1,0,39,3
p03009,s069265840,cpp,5697,0,0,0,0,1,0,0,4,1,1,55,26
p03009,s069809325,cpp,6065,0,1,0,0,1,0,0,7,1,1,42,44
p03009,s074397867,cpp,1679,0,0,0,0,1,0,0,5,3,0,12,21
p03009,s077779192,cpp,645,0,0,0,0,0,0,0,3,1,0,4,5
p03009,s079068597,cpp,1140,0,0,0,0,1,0,0,4,1,0,1,15
p03009,s080251751,cpp,6339,0,0,0,0,1,0,0,7,1,1,56,33
p03009,s087863970,cpp,1261,0,0,0,0,1,0,0,6,1,0,5,9
p03009,s088905522,cpp,2834,0,0,0,0,1,0,0,1,1,0,21,21
p03009,s035081969,python,228,0,0,0,0,0,0,0,2,1,0,0,2
p03009,s058317623,python,580,0,0,0,0,1,0,0,3,1,0,0,16
p03009,s121820884,python,507,0,0,0,0,1,0,0,3,1,0,0,12
p03009,s167530121,python,424,0,0,0,0,0,0,0,3,1,0,0,16
p03009,s195398777,python,1018,0,0,0,0,0,0,0,2,1,0,0,2
p03009,s198629982,python,778,0,0,0,0,1,0,0,4,1,0,2,23
p03009,s202302942,python,593,0,0,0,0,1,0,0,2,1,0,1,13
p03009,s323482294,python,353,0,0,0,0,0,0,0,2,1,0,0,6
p03009,s329411169,python,347,0,0,0,0,0,0,0,2,1,0,0,3
p03009,s357372542,python,345,0,0,0,0,1,0,0,3,1,0,0,12
p03009,s367070184,python,525,0,0,0,0,1,0,0,2,1,0,0,14
p03009,s402648627,python,363,0,0,0,0,0,0,0,2,1,0,0,4
p03009,s527143638,python,959,0,0,0,0,1,0,0,2,1,0,4,12
p03009,s626348076,python,501,0,0,0,0,1,0,0,2,1,0,0,14
p03009,s729500275,python,228,0,0,0,0,0,0,0,2,1,0,0,2
p03009,s828174079,python,525,0,0,0,0,1,0,0,2,1,0,0,14
p03022,s002420952,cpp,2439,0,1,0,0,1,0,0,11,1,1,8,51
p03022,s004815699,cpp,819,0,0,0,0,0,0,0,7,3,1,4,14
p03022,s006149287,cpp,903,0,0,0,0,1,0,0,9,3,0,6,17
p03022,s006512001,cpp,1485,0,0,0,0,0,0,0,7,2,0,4,17
p03022,s007982347,cpp,7327,0,0,0,0,1,0,0,17,2,1,38,69
p03022,s010144068,cpp,1033,0,0,0,0,0,0,0,9,3,0,6,15
p03022,s015627370,cpp,1203,0,0,0,0,0,0,0,8,3,0,3,20
p03022,s018830520,cpp,748,0,0,0,0,1,0,0,3,2,0,3,20
p03022,s028330006,cpp,871,0,0,0,0,0,0,0,10,2,0,4,23
p03022,s033777935,cpp,1469,0,0,0,0,1,0,0,8,3,0,8,19
p03022,s036372659,cpp,921,0,0,0,0,0,0,0,8,3,0,3,20
p03022,s040105990,cpp,1270,0,0,0,0,1,0,0,13,3,0,4,23
p03022,s044413591,cpp,1232,0,0,0,0,1,0,0,13,3,0,6,34
p03022,s045633171,cpp,1650,0,0,0,0,0,0,0,3,1,1,9,13
p03022,s049997274,cpp,1841,0,0,0,0,0,0,0,11,3,1,9,21
p03022,s051368972,cpp,1187,0,0,0,0,0,0,0,10,3,0,4,21
p03022,s051626792,cpp,987,0,0,0,0,0,0,0,7,2,0,3,18
p03022,s054739106,cpp,1162,0,0,0,0,1,0,0,7,2,0,6,20
p03022,s055940684,cpp,6741,0,0,0,0,1,0,0,21,3,0,36,22
p03022,s056712392,cpp,2172,0,0,0,0,0,0,0,3,1,0,8,34
p03022,s058352382,cpp,2320,0,0,0,0,0,0,0,16,3,0,17,17
p03022,s061216084,cpp,1268,0,0,0,0,0,0,0,1,1,0,3,29
p03022,s064598945,cpp,2685,0,1,0,0,1,0,0,11,2,1,8,43
p03022,s069587903,cpp,1542,0,0,0,0,1,0,0,12,3,0,8,21
p03022,s071417009,cpp,1942,0,0,0,0,0,0,0,3,1,1,10,13
p03022,s073046857,cpp,1327,0,0,0,0,0,0,0,10,3,0,7,11
p03022,s081485571,cpp,1493,0,0,0,0,1,0,0,11,3,0,7,24
p03022,s088852567,cpp,2303,0,0,0,0,1,0,0,13,2,0,10,21
p03022,s093596512,cpp,1162,0,0,0,0,0,0,0,9,3,0,3,20
p03022,s096022980,cpp,1011,0,0,0,0,0,0,0,4,3,0,4,12
p03022,s834891588,python,1454,0,0,0,0,0,0,0,6,3,0,2,15
p03044,s000486491,cpp,1916,0,0,0,0,0,0,0,1,1,1,8,6
p03044,s000835041,cpp,1020,1,0,0,0,1,0,0,1,1,0,3,11
p03044,s000920420,cpp,1215,1,0,0,0,1,0,0,2,2,0,3,12
p03044,s001064710,cpp,1567,0,0,0,0,0,0,0,4,1,0,1,0
p03044,s001161119,cpp,603,0,1,0,0,0,0,0,1,1,1,2,5
p03044,s001569685,cpp,2237,1,0,0,0,0,0,0,2,2,0,8,10
p03044,s001682086,cpp,1551,0,1,0,0,0,0,0,1,1,1,5,14
p03044,s001716702,cpp,2787,0,1,0,0,0,0,0,2,1,1,4,5
p03044,s002531416,cpp,1158,1,0,0,0,0,0,0,4,2,0,1,11
p03044,s002725870,cpp,890,0,1,0,0,0,0,0,3,1,1,2,4
p03044,s002782702,cpp,685,1,0,0,0,1,0,0,4,2,0,1,13
p03044,s003157019,cpp,1000,0,1,0,0,0,0,0,2,1,1,3,6
p03044,s003195893,cpp,1079,0,0,0,0,1,0,0,4,2,0,2,13
p03044,s003764490,cpp,993,0,0,0,0,0,0,0,4,2,0,1,2
p03044,s003999969,cpp,794,1,0,0,0,1,0,0,2,2,0,2,17
p03044,s004404469,cpp,1360,0,1,0,0,0,0,1,2,1,1,5,15
p03044,s004675356,cpp,1745,1,0,0,0,1,0,0,4,2,0,3,13
p03044,s005187277,cpp,447,0,1,0,0,1,0,0,3,1,1,2,10
p03044,s005790174,cpp,832,1,0,0,0,1,0,0,4,2,0,1,9
p03044,s005946966,cpp,878,1,0,0,0,1,0,0,4,2,0,1,10
p03044,s006306820,cpp,880,0,1,0,0,0,0,0,1,1,1,2,5
p03044,s006375660,cpp,6114,0,1,0,1,1,0,0,12,2,1,24,40
p03044,s006414353,cpp,886,0,1,0,0,0,0,0,3,1,1,2,5
p03044,s006533616,cpp,2725,0,0,0,0,1,0,0,4,2,0,8,19
p03044,s007352163,cpp,1580,0,0,0,0,1,0,0,1,1,0,1,9
p03044,s007554227,cpp,1951,0,1,0,0,1,0,0,4,1,1,8,12
p03044,s007923611,cpp,843,1,0,0,0,0,0,0,1,1,0,2,13
p03044,s008092551,cpp,1196,0,1,0,0,0,0,0,4,1,1,2,8
p03044,s008546113,cpp,1193,1,0,0,0,1,0,0,6,2,0,4,14
p03044,s008866078,cpp,721,0,0,0,0,0,0,0,4,2,0,1,0
p03044,s000735469,python,561,0,1,0,0,0,0,0,4,1,1,1,11
p03044,s002541357,python,275,0,0,0,0,0,0,0,4,2,0,0,5
p03044,s002743375,python,404,0,0,0,0,0,0,0,3,2,0,0,5
p03044,s003196610,python,348,0,0,0,0,1,0,0,4,2,0,0,7
p03044,s004651638,python,727,1,0,0,0,0,0,0,4,2,0,1,18
p03044,s004982882,python,1273,0,1,0,0,0,0,0,4,1,1,2,7
p03044,s006697817,python,1130,0,0,0,0,0,0,0,6,2,0,0,47
p03044,s006812453,python,358,0,0,0,0,0,0,0,4,2,0,0,6
p03044,s007231072,python,1403,0,0,0,0,0,0,0,3,1,1,5,13
p03044,s007586652,python,988,0,0,0,0,1,0,0,4,2,0,0,16
p03044,s007914633,python,1045,1,0,0,0,1,0,0,5,2,0,0,22
p03044,s008306550,python,653,0,1,0,0,0,0,0,3,1,1,1,28
p03044,s008625269,python,505,1,0,0,0,1,0,0,4,2,0,0,32
p03044,s010074205,python,7833,1,0,1,0,0,0,0,11,2,0,16,19
p03044,s011804540,python,406,1,0,0,0,1,0,0,4,2,0,0,11
p03044,s014364745,python,476,1,0,0,0,1,0,0,4,2,0,0,11
p03044,s015231329,python,791,0,1,0,0,1,0,0,2,1,1,2,14
p03044,s016578703,python,774,1,0,0,0,1,0,0,4,2,0,2,9
p03044,s017750401,python,454,0,1,0,0,0,0,0,3,1,1,1,4
p03044,s018302486,python,963,1,0,1,0,1,0,0,3,2,0,2,19
p03044,s019217000,python,540,0,0,0,0,0,0,0,3,2,0,0,10
p03044,s020061486,python,881,1,0,0,0,1,0,0,4,2,0,0,16
p03044,s020199736,python,644,0,1,0,0,1,0,0,4,1,1,1,12
p03044,s021017956,python,642,1,0,0,0,1,0,0,3,2,0,0,21
p03044,s021187520,python,618,0,0,0,0,1,0,0,4,2,0,1,8
p03044,s021245287,python,527,0,1,0,0,0,0,0,3,1,1,2,23
p03044,s021391181,python,788,1,0,0,0,1,0,0,4,2,0,1,13
p03044,s022179832,python,958,0,0,0,0,0,0,0,5,2,0,1,11
p03044,s022246089,python,3390,0,0,0,0,1,0,0,2,1,0,6,27
p03044,s022343186,python,566,0,1,0,0,0,0,0,3,1,1,1,10
p03047,s000059635,cpp,126,0,0,0,0,0,0,0,0,0,0,1,0
p03047,s000168340,cpp,200,0,0,0,0,0,0,0,1,1,0,1,0
p03047,s000314810,cpp,1333,0,0,0,0,0,0,0,3,1,1,8,0
p03047,s000753317,cpp,120,0,0,0,0,0,0,0,0,0,0,1,0
p03047,s001495125,cpp,1621,0,0,0,0,0,0,0,1,1,1,12,0
p03047,s001740745,cpp,212,0,0,0,0,0,0,0,0,0,0,1,0
p03047,s002436481,cpp,190,0,0,0,0,0,0,0,0,0,0,2,0
p03047,s002552202,cpp,274,0,0,0,0,0,0,0,0,0,0,1,0
p03047,s003557080,cpp,116,0,0,0,0,0,0,0,0,0,0,1,0
p03047,s003739069,cpp,144,0,0,0,0,0,0,0,0,0,0,1,0
p03047,s003792687,cpp,127,0,0,0,0,0,0,0,0,0,0,1,0
p03047,s003854914,cpp,135,0,0,0,0,0,0,0,0,0,0,1,0
p03047,s003872852,cpp,133,0,0,0,0,0,0,0,0,0,0,1,0
p03047,s004349954,cpp,193,0,0,0,0,0,0,0,0,0,0,1,0
p03047,s004419923,cpp,160,0,0,0,0,0,0,0,0,0,0,1,0
p03047,s004479520,cpp,1795,0,0,0,0,0,0,0,1,1,1,4,0
p03047,s004548074,cpp,108,0,0,0,0,0,0,0,0,0,0,1,0
p03047,s004573401,cpp,4220,0,0,0,0,0,0,0,4,1,1,21,2
p03047,s006114247,cpp,124,0,0,0,0,0,0,0,0,0,0,1,0
p03047,s006896724,cpp,120,0,0,0,0,0,0,0,0,0,0,1,0
p03047,s007061829,cpp,227,0,0,0,0,0,0,0,0,0,0,1,0
p03047,s007337663,cpp,221,0,0,0,0,0,0,0,0,0,0,1,0
p03047,s007574365,cpp,120,0,0,0,0,0,0,0,0,0,0,1,0
p03047,s007833180,cpp,101,0,0,0,0,0,0,0,0,0,0,1,0
p03047,s007869245,cpp,434,0,0,0,0,0,0,0,0,0,0,1,0
p03047,s007899598,cpp,255,0,0,0,0,0,0,0,0,0,0,1,0
p03047,s008054980,cpp,95,0,0,0,0,0,0,0,0,0,0,1,0
p03047,s009180919,cpp,336,0,0,0,0,0,0,0,1,1,0,1,0
p03047,s009332759,cpp,121,0,0,0,0,0,0,0,0,0,0,1,0
p03047,s009358054,cpp,3840,0,0,0,0,0,0,0,6,1,1,19,3
p03047,s000245222,python,41,0,0,0,0,0,0,0,0,0,0,0,0
p03047,s003711809,python,50,0,0,0,0,0,0,0,0,0,0,0,0
p03047,s003801913,python,49,0,0,0,0,0,0,0,0,0,0,0,0
p03047,s004208810,python,110,0,0,0,0,0,0,0,0,0,0,0,0
p03047,s004520436,python,44,0,0,0,0,0,0,0,0,0,0,0,0
p03047,s005158149,python,41,0,0,0,0,0,0,0,0,0,0,0,0
p03047,s005750430,python,65,0,0,0,0,0,0,0,0,0,0,0,0
p03047,s006887145,python,49,0,0,0,0,0,0,0,0,0,0,0,0
p03047,s007434804,python,160,0,0,0,0,0,0,0,0,0,0,0,0
p03047,s007919391,python,45,0,0,0,0,0,0,0,0,0,0,0,0
p03047,s008671821,python,63,0,0,0,0,0,0,0,0,0,0,0,2
p03047,s009431322,python,44,0,0,0,0,0,0,0,0,0,0,0,0
p03047,s009873796,python,74,0,0,0,0,0,0,0,0,0,0,0,2
p03047,s011705992,python,49,0,0,0,0,0,0,0,0,0,0,0,0
p03047,s012111451,python,42,0,0,0,0,0,0,0,0,0,0,0,0
p03047,s012749208,python,59,0,0,0,0,0,0,0,0,0,0,0,0
p03047,s013569616,python,44,0,0,0,0,0,0,0,0,0,0,0,0
p03047,s013687896,python,46,0,0,0,0,0,0,0,0,0,0,0,0
p03047,s014848848,python,59,0,0,0,0,0,0,0,0,0,0,0,0
p03047,s014892168,python,62,0,0,0,0,0,0,0,0,0,0,0,2
p03047,s016237803,python,49,0,0,0,0,0,0,0,0,0,0,0,0
p03047,s016367040,python,45,0,0,0,0,0,0,0,0,0,0,0,0
p03047,s016794002,python,66,0,0,0,0,0,0,0,0,0,0,0,2
p03047,s016927578,python,57,0,0,0,0,0,0,0,0,0,0,0,0
p03047,s017899882,python,42,0,0,0,0,0,0,0,0,0,0,0,0
p03047,s018328412,python,124,0,0,0,0,0,0,0,0,0,0,0,0
p03047,s019687578,python,88,0,0,0,0,0,0,0,0,0,0,0,2
p03047,s019828878,python,42,0,0,0,0,0,0,0,0,0,0,0,0
p03047,s022114563,python,46,0,0,0,0,0,0,0,0,0,0,0,0
p03047,s022177936,python,49,0,0,0,0,0,0,0,0,0,0,0,0
p03064,s000186726,cpp,1282,0,0,0,0,0,0,0,5,2,0,2,28
p03064,s000374659,cpp,952,0,0,0,0,1,0,0,6,2,0,2,11
p03064,s001154176,cpp,1313,0,0,0,0,0,0,0,7,2,0,4,36
p03064,s001929080,cpp,3607,0,0,0,0,0,0,0,8,2,0,1,38
p03064,s002861451,cpp,1222,0,0,0,0,1,0,0,6,2,0,1,13
p03064,s007491002,cpp,1547,0,0,0,0,1,0,0,10,2,0,4,17
p03064,s012639596,cpp,4358,0,0,0,0,0,0,0,5,1,0,5,27
p03064,s013044657,cpp,557,0,0,0,0,1,0,0,4,2,0,1,17
p03064,s013943291,cpp,1725,0,0,0,0,0,0,0,0,0,1,6,17
p03064,s014063734,cpp,2283,0,0,0,0,0,0,0,7,4,1,7,17
p03064,s014738543,cpp,972,0,0,0,0,1,0,0,8,2,1,4,15
p03064,s017588357,cpp,1393,0,0,0,0,0,0,0,6,3,0,2,30
p03064,s018227204,cpp,6212,0,0,0,0,0,0,0,4,1,1,15,35
p03064,s018470657,cpp,1895,0,0,0,0,1,0,0,2,1,1,3,27
p03064,s019215637,cpp,1482,0,0,0,0,1,0,0,7,2,0,3,16
p03064,s022422132,cpp,1749,0,0,0,0,0,0,0,7,2,0,3,44
p03064,s022550625,cpp,1633,0,1,0,0,0,0,0,1,1,1,4,38
p03064,s024084040,cpp,1656,0,0,0,0,1,1,0,5,2,0,3,32
p03064,s024103159,cpp,650,0,0,0,0,1,0,0,0,0,0,1,15
p03064,s025619643,cpp,1468,0,0,0,0,0,0,0,7,2,1,7,50
p03064,s026156003,cpp,1271,0,0,0,0,0,0,0,7,2,0,1,38
p03064,s028769610,cpp,1157,0,0,0,0,0,0,0,4,2,1,5,38
p03064,s029610389,cpp,1614,0,1,0,0,0,0,0,2,1,1,7,35
p03064,s031527169,cpp,1253,0,0,0,0,0,0,0,4,2,0,1,36
p03064,s033361844,cpp,1425,0,0,0,0,1,0,0,5,2,0,1,16
p03064,s033559111,cpp,1672,0,0,0,0,1,0,0,7,2,1,2,20
p03064,s035726097,cpp,1727,0,0,0,0,0,0,0,7,2,0,3,28
p03064,s036076071,cpp,4176,0,1,0,0,0,0,0,11,2,1,9,40
p03064,s041132893,cpp,9382,0,0,0,0,1,0,0,8,2,1,58,16
p03064,s041250331,cpp,1288,0,1,0,0,1,0,0,6,2,1,4,29
p03064,s006000760,python,1524,0,0,0,0,0,0,0,5,2,0,0,32
p03064,s024584786,python,269,0,0,0,0,1,0,0,3,2,0,0,10
p03064,s043607275,python,171,0,0,0,0,1,0,0,2,2,0,0,7
p03064,s053387411,python,519,0,0,0,0,1,0,0,3,2,0,0,11
p03064,s054708252,python,393,0,0,0,0,1,0,0,2,2,0,0,7
p03064,s057071519,python,1102,0,0,0,0,0,1,0,3,2,0,1,37
p03064,s073785197,python,460,0,0,0,0,1,0,0,5,2,0,0,10
p03064,s083907052,python,229,0,0,0,0,1,0,0,3,2,0,0,10
p03064,s094807160,python,1045,0,0,0,0,0,0,0,2,2,1,5,46
p03064,s101346961,python,558,0,0,0,0,1,0,0,3,2,0,0,11
p03064,s108803405,python,227,0,0,0,0,1,0,0,3,2,0,0,10
p03064,s109069621,python,212,0,0,0,0,1,0,0,3,2,0,0,7
p03064,s111197952,python,212,0,0,0,0,1,0,0,3,2,0,0,7
p03064,s116706043,python,681,0,0,0,0,1,0,0,7,2,0,0,19
p03064,s130085050,python,697,0,0,0,0,1,0,0,4,2,0,0,15
p03064,s132348513,python,758,0,0,0,0,1,0,0,7,2,0,0,22
p03064,s132616558,python,230,0,0,0,0,1,0,0,3,2,0,0,10
p03064,s139184064,python,677,0,0,0,0,1,0,0,3,2,0,0,14
p03064,s142557426,python,1400,0,0,0,0,0,0,0,6,2,1,4,46
p03064,s147551057,python,650,0,0,0,0,1,1,0,2,1,0,2,17
p03064,s174104295,python,480,0,0,0,0,1,0,0,5,2,0,0,12
p03064,s185294048,python,576,0,0,0,0,1,0,0,6,2,0,0,12
p03064,s185542302,python,202,0,0,0,0,1,0,0,3,2,0,0,7
p03064,s185904093,python,221,0,0,0,0,1,0,0,3,2,0,0,9
p03064,s206198303,python,938,0,0,0,0,0,0,0,4,2,0,0,28
p03064,s218976271,python,490,0,0,0,0,1,0,0,3,2,0,0,10
p03064,s224835086,python,188,0,0,0,0,1,0,0,2,2,0,0,7
p03064,s241536572,python,890,0,0,0,0,1,0,0,4,1,0,0,21
p03064,s246860081,python,914,0,0,0,0,0,0,0,2,2,0,0,32
p03064,s258797501,python,1080,0,0,0,0,1,0,0,2,1,0,0,23
p03065,s000359827,cpp,973,0,0,0,0,1,0,0,11,2,1,3,28
p03065,s000538662,cpp,1435,0,0,0,0,0,0,0,11,3,0,3,5
p03065,s005345165,cpp,1655,0,0,0,0,0,0,0,12,2,1,8,32
p03065,s007444470,cpp,1302,0,0,0,0,1,0,0,4,2,1,4,18
p03065,s011645131,cpp,11858,0,1,0,0,0,0,0,33,3,1,54,39
p03065,s022647788,cpp,1081,0,0,0,0,0,1,0,10,2,0,3,13
p03065,s024213738,cpp,2509,0,0,0,0,1,0,0,8,2,1,11,11
p03065,s024989668,cpp,4473,0,0,0,0,1,0,0,7,2,1,18,14
p03065,s031182686,cpp,1812,0,0,0,0,0,1,0,11,2,0,2,18
p03065,s033618292,cpp,822,0,0,0,0,0,0,0,7,2,0,1,4
p03065,s033952824,cpp,1445,0,0,0,0,1,0,0,12,2,1,2,16
p03065,s034341374,cpp,3620,0,0,0,0,0,0,0,11,2,0,16,10
p03065,s036165421,cpp,1189,0,0,0,0,1,0,0,11,2,1,4,21
p03065,s039176551,cpp,921,0,0,0,0,0,0,0,1,1,1,2,20
p03065,s040269994,cpp,1283,0,0,0,0,1,0,0,6,2,1,4,14
p03065,s040395252,cpp,2412,0,0,0,0,1,0,0,13,2,0,7,9
p03065,s040842090,cpp,1252,0,1,0,0,1,0,0,6,2,1,3,18
p03065,s041190926,cpp,864,0,0,0,0,0,1,0,10,2,0,2,8
p03065,s041564366,cpp,1757,0,0,0,0,0,0,0,11,2,1,3,10
p03065,s041919110,cpp,3661,0,0,0,0,0,0,0,4,2,1,6,20
p03065,s043929999,cpp,1302,0,0,0,0,1,0,0,4,2,1,4,18
p03065,s045587905,cpp,1255,0,0,0,0,1,1,0,8,2,0,4,10
p03065,s052684917,cpp,1257,0,0,0,0,0,0,0,12,2,1,6,19
p03065,s053392700,cpp,1632,0,0,0,0,0,0,0,13,2,1,9,23
p03065,s057744773,cpp,2074,0,0,0,0,0,0,0,12,2,1,5,9
p03065,s060251624,cpp,2595,0,0,0,0,1,0,0,5,2,1,3,18
p03065,s061710505,cpp,3621,0,0,0,0,1,0,0,6,2,1,13,14
p03065,s070750950,cpp,1088,0,0,0,0,0,0,0,10,2,1,5,7
p03065,s070851325,cpp,2935,0,0,0,0,1,1,0,11,2,0,6,10
p03065,s071982959,cpp,9865,0,0,0,0,0,0,0,4,2,0,4,9
p03065,s038019008,python,2552,0,0,0,0,1,0,0,9,2,0,3,16
p03065,s057372738,python,649,0,0,0,0,0,0,0,6,2,1,2,4
p03065,s063608529,python,1303,0,0,0,0,0,0,0,9,2,0,2,11
p03065,s073410627,python,908,0,0,0,0,1,1,0,8,2,0,1,10
p03065,s131089648,python,1107,0,0,0,0,0,0,0,10,2,0,0,10
p03065,s133879182,python,1110,1,0,1,0,0,1,0,9,3,0,3,7
p03065,s137652864,python,1581,0,0,0,0,0,0,0,12,2,0,0,12
p03065,s158911499,python,1418,0,0,0,0,0,1,0,12,3,0,3,8
p03065,s213816684,python,1515,0,0,0,0,1,1,0,9,3,0,2,10
p03065,s370010504,python,2203,1,0,1,0,0,1,0,6,2,0,3,13
p03065,s391706371,python,1111,1,0,1,0,0,1,0,8,2,0,4,11
p03065,s404173759,python,1419,0,0,0,0,0,1,0,12,3,0,3,8
p03065,s460927346,python,599,0,0,0,0,0,0,0,6,2,1,2,4
p03065,s501064505,python,1143,0,0,0,0,0,0,0,6,2,0,3,7
p03065,s505450247,python,1789,0,0,0,0,0,0,0,9,3,0,4,10
p03065,s506666664,python,1148,0,0,0,0,0,0,0,3,2,0,1,11
p03065,s557274526,python,1013,0,0,0,0,0,0,0,10,2,0,0,10
p03065,s566777924,python,1211,0,0,0,0,0,0,0,7,2,0,3,7
p03065,s567757288,python,2567,0,0,0,0,0,0,0,8,2,1,7,5
p03065,s569920374,python,1189,0,0,0,0,0,0,0,9,2,0,2,11
p03065,s703753073,python,5491,0,0,0,1,0,1,0,7,2,0,4,7
p03065,s785473699,python,1510,0,0,0,0,0,0,0,10,3,1,4,9
p03065,s802042215,python,5534,0,0,0,1,0,1,0,7,2,0,4,7
p03065,s803422105,python,1291,0,0,0,0,0,0,0,8,2,0,3,7
p03065,s809235229,python,448,0,0,0,0,1,1,0,5,2,0,1,6
p03065,s858300894,python,1386,0,0,0,0,0,0,0,9,2,0,2,10
p03065,s878204527,python,1214,1,0,1,0,0,1,0,9,2,0,2,10
p03065,s896568146,python,969,0,0,0,0,0,0,0,8,2,1,2,3
p03065,s904882586,python,1263,0,0,0,0,0,0,0,10,2,1,2,13
p03065,s956798566,python,1902,0,0,0,0,0,0,0,9,3,0,4,10
p03067,s000705649,cpp,1477,0,0,0,0,0,0,0,0,0,1,14,0
p03067,s000706124,cpp,302,0,0,0,0,0,0,0,0,0,0,1,0
p03067,s000821448,cpp,695,0,0,0,0,0,0,0,0,0,0,1,9
p03067,s001676557,cpp,434,0,0,0,0,0,0,0,0,0,1,2,0
p03067,s001845626,cpp,197,0,0,0,0,0,0,0,0,0,0,1,0
p03067,s003129965,cpp,397,0,0,0,0,0,0,0,0,0,0,1,0
p03067,s003307907,cpp,984,0,0,0,0,0,0,0,0,0,0,1,0
p03067,s003788420,cpp,231,0,0,0,0,0,0,0,0,0,0,1,0
p03067,s004041563,cpp,1132,0,0,0,0,0,0,0,1,1,1,4,0
p03067,s004817685,cpp,229,0,0,0,0,0,0,0,0,0,0,1,0
p03067,s004830040,cpp,263,0,0,0,0,0,0,0,0,0,0,1,0
p03067,s005504059,cpp,1179,0,0,0,0,0,0,0,0,0,1,9,1
p03067,s005920943,cpp,1110,0,0,0,0,0,0,0,0,0,0,3,0
p03067,s006207626,cpp,270,0,0,0,0,0,0,0,0,0,0,1,0
p03067,s006486482,cpp,213,0,0,0,0,0,0,0,0,0,0,1,0
p03067,s006593182,cpp,413,0,0,0,0,0,0,0,0,0,0,1,0
p03067,s007047885,cpp,165,0,0,0,0,0,0,0,0,0,0,1,0
p03067,s008004644,cpp,1283,0,0,0,0,0,0,0,0,0,0,1,0
p03067,s008189423,cpp,262,0,0,0,0,0,0,0,0,0,0,1,0
p03067,s008395307,cpp,783,0,0,0,0,0,0,0,0,0,0,1,0
p03067,s009778388,cpp,484,0,0,0,0,0,0,0,0,0,0,1,0
p03067,s011157600,cpp,714,0,0,0,0,0,0,0,0,0,0,1,0
p03067,s011765745,cpp,356,0,0,0,0,0,0,0,0,0,0,1,0
p03067,s012278011,cpp,324,0,0,0,0,0,0,0,0,0,0,1,0
p03067,s012990058,cpp,145,0,0,0,0,0,0,0,0,0,0,1,0
p03067,s013978852,cpp,282,0,0,0,0,0,0,0,0,0,0,1,0
p03067,s014278221,cpp,552,0,0,0,0,0,0,0,4,1,0,4,1
p03067,s014612142,cpp,188,0,0,0,0,0,0,0,0,0,0,1,0
p03067,s014652989,cpp,201,0,0,0,0,0,0,0,0,0,0,1,0
p03067,s015823013,cpp,374,0,0,0,0,0,0,0,0,0,0,2,0
p03067,s001476086,python,143,0,0,0,0,0,0,0,0,0,0,0,0
p03067,s001698939,python,205,0,0,0,0,0,0,0,0,0,0,1,0
p03067,s002469119,python,89,0,0,0,0,0,0,0,0,0,0,0,0
p03067,s002883767,python,175,0,0,0,0,0,0,0,0,0,0,1,0
p03067,s003354188,python,111,0,0,0,0,0,0,0,0,0,0,0,0
p03067,s003706622,python,120,0,0,0,0,0,0,0,0,0,0,0,0
p03067,s003841245,python,128,0,0,0,0,0,0,0,0,0,0,0,0
p03067,s007026302,python,165,0,0,0,0,0,0,0,0,0,0,0,0
p03067,s008205987,python,122,0,0,0,0,0,0,0,0,0,0,0,6
p03067,s009080116,python,95,0,0,0,0,0,0,0,0,0,0,0,2
p03067,s009126031,python,122,0,0,0,0,0,0,0,0,0,0,0,0
p03067,s009609666,python,137,0,0,0,0,0,0,0,0,0,0,0,0
p03067,s010874832,python,114,0,0,0,0,0,0,0,0,0,0,0,0
p03067,s011337881,python,221,0,0,0,0,0,0,0,0,0,0,0,0
p03067,s011621215,python,71,0,0,0,0,0,0,0,0,0,0,0,0
p03067,s012222549,python,71,0,0,0,0,0,0,0,0,0,0,0,0
p03067,s013384574,python,116,0,0,0,0,0,0,0,0,0,0,0,0
p03067,s014569500,python,108,0,0,0,0,0,0,0,0,0,0,0,0
p03067,s014628251,python,99,0,0,0,0,0,0,0,0,0,0,0,0
p03067,s014797974,python,108,0,0,0,0,0,0,0,0,0,0,0,2
p03067,s015056512,python,71,0,0,0,0,0,0,0,0,0,0,0,0
p03067,s015151103,python,87,0,0,0,0,0,0,0,0,0,0,0,2
p03067,s016073359,python,106,0,0,0,0,0,0,0,0,0,0,0,0
p03067,s017657189,python,200,0,0,0,0,0,0,0,0,0,0,0,0
p03067,s018331792,python,259,0,0,0,0,0,0,0,0,0,0,0,0
p03067,s019179077,python,123,0,0,0,0,0,0,0,0,0,0,0,0
p03067,s019355077,python,108,0,0,0,0,0,0,0,0,0,0,0,2
p03067,s019659792,python,88,0,0,0,0,0,0,0,0,0,0,0,0
p03067,s019858810,python,121,0,0,0,0,0,0,0,0,0,0,0,0
p03067,s020089786,python,91,0,0,0,0,0,0,0,0,0,0,0,1
p03080,s000063293,cpp,389,0,0,0,0,0,0,0,1,1,0,1,4
p03080,s000432225,cpp,326,0,0,0,0,0,0,0,1,1,0,1,1
p03080,s000595234,cpp,286,0,0,0,0,0,0,0,1,1,0,1,1
p03080,s000916932,cpp,307,0,0,0,0,0,0,0,1,1,0,1,1
p03080,s001069219,cpp,1468,0,0,0,0,0,0,0,1,1,0,3,1
p03080,s002021783,cpp,1476,0,0,0,0,0,0,0,0,0,0,7,3
p03080,s002332597,cpp,414,0,0,0,0,0,0,0,1,1,0,1,2
p03080,s002729794,cpp,691,0,0,0,0,0,0,0,1,1,0,1,1
p03080,s002754825,cpp,677,0,0,0,0,0,0,0,0,0,0,1,2
p03080,s002756567,cpp,6015,0,0,0,0,0,0,0,19,1,0,21,55
p03080,s004324526,cpp,328,0,0,0,0,0,0,0,1,1,0,1,1
p03080,s004332782,cpp,349,0,0,0,0,0,0,0,1,1,0,1,0
p03080,s004695766,cpp,660,0,0,0,0,0,0,0,0,0,0,1,1
p03080,s004737335,cpp,315,0,0,0,0,0,0,0,0,0,0,2,0
p03080,s005821583,cpp,280,0,0,0,0,0,0,0,1,1,0,1,0
p03080,s006609478,cpp,249,0,0,0,0,0,0,0,1,1,0,1,1
p03080,s006968020,cpp,320,0,0,0,0,0,0,0,1,1,0,1,0
p03080,s007095161,cpp,356,0,0,0,0,0,0,0,1,1,0,1,1
p03080,s007196578,cpp,486,0,0,0,0,0,0,0,0,0,0,1,0
p03080,s007225954,cpp,437,0,0,0,0,0,0,0,0,0,0,1,1
p03080,s007298347,cpp,451,0,0,0,0,0,0,0,1,1,0,1,6
p03080,s007758313,cpp,2597,0,0,0,0,0,0,0,1,1,1,14,2
p03080,s007935997,cpp,374,0,0,0,0,0,0,0,1,1,0,1,1
p03080,s008175755,cpp,319,0,0,0,0,0,0,0,1,1,0,1,0
p03080,s008988038,cpp,326,0,0,0,0,0,0,0,1,1,0,1,0
p03080,s009240451,cpp,638,0,0,0,0,0,0,0,1,1,0,1,0
p03080,s009250308,cpp,7029,0,0,0,0,0,0,0,2,1,1,27,4
p03080,s009481278,cpp,545,0,0,0,0,0,0,0,1,1,0,1,1
p03080,s009616975,cpp,242,0,0,0,0,0,0,0,1,1,0,1,1
p03080,s010114419,cpp,311,0,0,0,0,0,0,0,1,1,0,1,1
p03080,s000130271,python,386,0,0,0,0,0,0,0,0,0,0,2,1
p03080,s000692611,python,246,0,0,0,0,0,0,0,0,0,0,1,0
p03080,s002032035,python,87,0,0,0,0,0,0,0,0,0,0,0,0
p03080,s002218657,python,82,0,0,0,0,0,0,0,0,0,0,0,0
p03080,s002254665,python,218,0,0,0,0,0,0,0,1,1,0,0,0
p03080,s002736471,python,99,0,0,0,0,0,0,0,0,0,0,0,0
p03080,s002893776,python,169,0,0,0,0,0,0,0,1,1,0,0,0
p03080,s007458552,python,484,0,0,0,0,0,0,0,0,0,0,6,2
p03080,s008084306,python,95,0,0,0,0,0,0,0,0,0,0,0,0
p03080,s008239386,python,107,0,0,0,0,0,0,0,0,0,0,0,0
p03080,s008416632,python,117,0,0,0,0,0,0,0,0,0,0,0,0
p03080,s008750767,python,111,0,0,0,0,0,0,0,0,0,0,0,0
p03080,s008797796,python,119,0,0,0,0,0,0,0,0,0,0,0,0
p03080,s009505228,python,66,0,0,0,0,0,0,0,0,0,0,0,0
p03080,s009823788,python,137,0,0,0,0,0,0,0,0,0,0,0,2
p03080,s009849821,python,94,0,0,0,0,0,0,0,0,0,0,0,0
p03080,s011568297,python,169,0,0,0,0,0,0,0,1,1,0,0,1
p03080,s012105697,python,167,0,0,0,0,0,0,0,0,0,0,1,0
p03080,s012497604,python,80,0,0,0,0,0,0,0,0,0,0,0,0
p03080,s013526954,python,156,0,0,0,0,0,0,0,1,1,0,0,0
p03080,s014666611,python,124,0,0,0,0,0,0,0,0,0,0,0,0
p03080,s014798064,python,198,0,0,0,0,0,0,0,1,1,0,0,1
p03080,s015591445,python,106,0,0,0,0,0,0,0,0,0,0,0,0
p03080,s015818988,python,168,0,0,0,0,0,0,0,1,1,0,0,0
p03080,s016529526,python,159,0,0,0,0,0,0,0,1,1,0,0,0
p03080,s018246326,python,474,0,0,0,0,0,0,0,1,1,0,0,1
p03080,s019452017,python,157,0,0,0,0,0,0,0,1,1,0,0,1
p03080,s019674063,python,129,0,0,0,0,0,0,0,1,1,0,0,0
p03080,s020043990,python,273,0,0,0,0,0,0,0,1,1,0,0,1
p03080,s020207825,python,166,0,0,0,0,0,0,0,0,0,0,0,0
p03081,s000171475,cpp,920,0,0,0,0,0,0,0,2,1,0,1,22
p03081,s000377919,cpp,1405,0,0,0,1,0,0,0,2,1,0,6,6
p03081,s000682947,cpp,751,0,0,0,0,0,0,0,5,2,0,1,7
p03081,s000720172,cpp,1052,0,0,0,0,0,0,0,5,1,0,3,10
p03081,s001218430,cpp,898,0,0,0,0,0,0,0,4,1,0,2,5
p03081,s002268471,cpp,11631,1,0,0,1,1,0,1,15,3,1,46,91
p03081,s003555216,cpp,2409,0,0,0,1,0,0,0,8,1,0,3,6
p03081,s004425453,cpp,4043,0,0,0,1,0,0,0,8,2,1,18,8
p03081,s007292872,cpp,1044,0,0,0,1,0,0,0,4,1,0,1,6
p03081,s007390990,cpp,1698,0,0,0,1,0,0,0,3,1,0,6,13
p03081,s007649487,cpp,1832,0,0,0,1,0,1,0,3,1,0,4,5
p03081,s009348614,cpp,3247,0,0,0,1,0,0,0,7,2,1,11,8
p03081,s009720567,cpp,860,0,0,0,0,0,0,0,2,1,0,1,12
p03081,s010099988,cpp,1105,0,0,0,0,0,0,0,4,1,0,1,1
p03081,s011576081,cpp,1506,0,0,0,1,0,0,0,2,1,0,6,8
p03081,s012146998,cpp,3227,0,0,0,1,0,0,0,3,1,1,22,18
p03081,s013423651,cpp,2304,0,0,0,1,0,0,0,2,1,0,6,4
p03081,s013806127,cpp,955,0,0,0,1,0,0,0,5,2,0,1,8
p03081,s015069141,cpp,1934,0,0,0,1,0,0,0,2,1,0,1,10
p03081,s015090317,cpp,2262,0,0,0,1,0,0,0,7,1,1,10,8
p03081,s015234091,cpp,1299,0,0,0,1,0,0,0,4,1,0,2,5
p03081,s015568120,cpp,3096,0,0,0,0,0,0,0,4,1,0,8,7
p03081,s016790229,cpp,1409,0,0,0,1,0,0,0,4,1,0,2,11
p03081,s016915632,cpp,1350,0,0,0,1,0,0,0,5,2,0,1,10
p03081,s018299892,cpp,2992,0,0,0,1,0,0,0,5,2,1,10,6
p03081,s018314837,cpp,991,0,0,0,1,0,0,0,5,2,0,1,0
p03081,s018518904,cpp,1851,0,0,0,1,0,0,0,2,1,0,2,6
p03081,s020395931,cpp,2963,0,0,0,0,0,0,0,2,1,1,8,6
p03081,s020760142,cpp,1419,0,0,0,1,0,0,0,5,2,1,3,4
p03081,s021103185,cpp,832,0,0,0,1,0,0,0,4,1,0,2,5
p03081,s001636957,python,435,0,0,0,1,0,0,0,3,1,0,1,3
p03081,s002750781,python,1731,0,0,0,0,0,0,0,3,1,0,3,1
p03081,s006601911,python,990,0,0,0,1,0,0,0,3,1,0,3,6
p03081,s008492112,python,1727,0,0,0,0,0,0,0,5,1,0,2,10
p03081,s009062629,python,812,0,0,0,0,0,0,0,4,1,0,1,4
p03081,s018233792,python,1345,0,0,0,1,0,0,0,5,1,0,3,5
p03081,s028846754,python,1499,0,0,0,1,0,0,0,4,2,0,1,6
p03081,s028896457,python,964,0,0,0,1,0,0,0,5,2,0,0,3
p03081,s028902059,python,1915,0,0,0,0,0,0,0,5,1,0,2,9
p03081,s032014077,python,1315,0,0,0,1,0,0,0,5,1,0,2,2
p03081,s033293822,python,664,0,0,0,1,0,0,0,3,1,0,1,1
p03081,s033349128,python,1376,0,0,0,0,0,0,0,3,1,0,1,1
p03081,s038267356,python,1367,0,0,0,1,0,0,0,3,1,0,2,3
p03081,s042839701,python,586,0,0,0,1,0,0,0,2,1,0,3,1
p03081,s045392143,python,531,0,0,0,0,0,0,0,1,1,0,1,5
p03081,s048754924,python,750,0,0,0,1,0,0,0,3,1,0,1,1
p03081,s050274469,python,1059,0,0,0,0,0,0,0,4,1,0,1,2
p03081,s050998386,python,853,0,0,0,1,0,0,0,3,1,0,1,4
p03081,s053156699,python,1844,0,0,0,1,0,0,0,5,1,0,5,8
p03081,s059039012,python,1301,0,0,0,0,0,0,0,5,2,0,1,8
p03081,s059984667,python,700,0,0,0,1,0,0,0,4,1,0,2,3
p03081,s060907818,python,647,0,0,0,0,0,0,0,1,1,0,1,4
p03081,s061813935,python,1009,0,0,0,0,0,0,0,5,2,0,0,14
p03081,s065780893,python,360,0,0,0,0,0,0,0,1,1,0,0,5
p03081,s068932133,python,588,0,0,0,1,0,0,0,4,1,0,1,3
p03081,s076547000,python,534,0,0,0,0,0,0,0,1,1,0,0,4
p03081,s077090700,python,507,0,0,0,0,0,0,0,1,1,0,0,4
p03081,s078596989,python,726,0,0,0,1,0,0,0,4,1,0,1,1
p03081,s081060746,python,438,0,0,0,0,0,0,0,1,1,0,0,4
p03081,s084208951,python,1465,0,0,0,1,0,0,0,5,1,0,4,6
p03095,s000600748,cpp,744,0,0,0,0,0,0,0,1,1,0,1,20
p03095,s000841092,cpp,772,0,0,0,0,0,0,0,0,0,0,3,3
p03095,s000850906,cpp,1574,0,0,0,0,0,0,0,2,1,0,13,2
p03095,s000870914,cpp,478,0,0,0,0,0,0,0,2,1,0,1,3
p03095,s001199757,cpp,999,0,0,0,0,0,0,0,2,1,0,1,2
p03095,s001263180,cpp,348,0,0,0,0,0,0,0,2,1,0,1,3
p03095,s001542170,cpp,2284,0,0,0,0,0,0,0,3,1,0,17,1
p03095,s002375335,cpp,363,0,0,0,0,0,0,0,2,1,0,1,3
p03095,s002533088,cpp,538,0,0,0,0,0,0,0,2,1,0,2,2
p03095,s002832936,cpp,1573,0,0,0,0,0,0,0,3,1,1,4,4
p03095,s002904520,cpp,414,0,0,0,0,0,0,0,2,1,0,1,3
p03095,s004711999,cpp,1024,0,0,0,0,0,0,0,2,1,0,1,3
p03095,s004716700,cpp,292,0,0,0,0,0,0,0,2,1,0,1,3
p03095,s005480521,cpp,376,0,0,0,0,0,0,0,2,1,0,1,3
p03095,s005778297,cpp,633,0,0,0,0,0,0,0,2,1,0,1,5
p03095,s005844597,cpp,340,0,0,0,0,0,0,0,2,1,0,1,4
p03095,s005959919,cpp,1366,0,0,0,0,0,0,0,3,1,0,12,2
p03095,s005981308,cpp,2178,0,0,0,0,0,0,0,0,0,0,14,1
p03095,s006219390,cpp,988,0,0,0,0,0,0,0,3,1,0,2,3
p03095,s006248483,cpp,12703,1,0,0,0,1,0,0,21,3,1,66,74
p03095,s006603202,cpp,492,0,0,0,0,0,0,0,2,1,0,1,3
p03095,s007949691,cpp,1256,0,0,0,0,0,0,0,0,0,0,1,3
p03095,s008308799,cpp,2107,0,0,0,0,0,0,0,0,0,0,3,4
p03095,s009172354,cpp,4728,0,0,0,0,0,0,0,2,1,1,3,3
p03095,s009698812,cpp,473,0,0,0,0,0,0,0,4,2,0,1,8
p03095,s009826031,cpp,486,0,0,0,0,0,0,0,3,1,0,1,4
p03095,s009933792,cpp,406,0,0,0,0,0,0,0,3,1,0,1,4
p03095,s010484778,cpp,403,0,0,0,0,0,0,0,2,1,0,1,3
p03095,s011158702,cpp,327,0,0,0,0,0,0,0,2,1,0,1,1
p03095,s011838572,cpp,318,0,0,0,0,0,0,0,2,1,0,1,2
p03095,s000445453,python,162,0,0,0,0,0,0,0,1,1,0,0,0
p03095,s000524139,python,179,0,0,0,0,0,0,0,2,1,0,0,3
p03095,s002235825,python,151,0,0,0,0,0,0,0,1,1,0,0,1
p03095,s002761846,python,230,0,0,0,0,0,0,0,2,1,0,0,6
p03095,s003938190,python,309,0,0,0,0,0,0,0,2,1,0,0,0
p03095,s004300820,python,355,0,0,0,0,0,0,0,2,1,0,0,3
p03095,s005272346,python,144,0,0,0,0,0,0,0,1,1,0,0,0
p03095,s005740137,python,134,0,0,0,0,0,0,0,1,1,0,0,1
p03095,s006633304,python,159,0,0,0,0,0,0,0,2,1,0,0,2
p03095,s008602371,python,164,0,0,0,0,0,0,0,1,1,0,0,1
p03095,s010312056,python,858,0,0,0,0,0,0,0,1,1,0,5,0
p03095,s010996040,python,210,0,0,0,0,0,0,0,2,1,0,0,2
p03095,s011152078,python,134,0,0,0,0,0,0,0,2,1,0,0,1
p03095,s012194777,python,126,0,0,0,0,0,0,0,1,1,0,0,0
p03095,s013685742,python,210,0,0,0,0,0,0,0,2,1,0,0,6
p03095,s013855122,python,180,0,0,0,0,0,0,0,1,1,0,0,2
p03095,s014132580,python,165,0,0,0,0,0,0,0,1,1,0,0,0
p03095,s015791514,python,840,0,0,0,0,0,0,0,0,0,0,1,0
p03095,s018128029,python,1174,0,0,0,0,0,0,0,2,1,0,15,1
p03095,s018918257,python,166,0,0,0,0,0,0,0,2,1,0,0,2
p03095,s018965323,python,183,0,0,0,0,0,0,0,1,1,0,0,0
p03095,s019334583,python,156,0,0,0,0,0,0,0,1,1,0,0,0
p03095,s020714402,python,285,0,0,0,0,0,0,0,2,2,0,0,4
p03095,s021224437,python,296,0,0,0,0,0,0,0,3,1,0,0,5
p03095,s021880200,python,175,0,0,0,0,0,0,0,1,1,0,0,0
p03095,s022578964,python,231,0,0,0,0,0,0,0,2,1,0,0,1
p03095,s023758700,python,195,0,0,0,0,0,0,0,1,1,0,0,0
p03095,s026321295,python,322,0,0,0,0,0,0,0,1,1,0,1,0
p03095,s026746778,python,173,0,0,0,0,0,0,0,1,1,0,0,0
p03095,s026868607,python,2041,0,0,0,0,0,0,0,1,1,1,18,3
p03112,s000102175,cpp,1500,0,0,0,0,0,0,0,3,1,0,1,6
p03112,s000181730,cpp,969,0,0,0,0,0,0,0,3,1,0,1,14
p03112,s001081942,cpp,2640,0,0,0,0,0,0,0,5,1,1,10,15
p03112,s001803503,cpp,2574,0,0,0,0,0,0,0,5,1,1,6,16
p03112,s001917348,cpp,755,0,0,0,0,0,0,0,0,0,0,2,6
p03112,s002060780,cpp,4923,0,0,0,0,0,0,0,1,1,0,20,2
p03112,s002629837,cpp,1362,0,0,0,1,0,0,0,4,1,0,3,0
p03112,s003300316,cpp,3496,0,0,0,0,0,0,0,0,0,0,4,43
p03112,s004036172,cpp,1220,0,0,0,0,0,0,0,0,0,0,2,21
p03112,s004075272,cpp,1375,0,0,0,0,0,0,0,3,1,0,1,2
p03112,s004215161,cpp,1745,0,0,0,1,0,0,0,4,2,0,7,10
p03112,s004501467,cpp,3080,0,0,0,0,0,0,0,10,2,1,5,36
p03112,s004683172,cpp,1339,0,0,0,0,0,0,0,3,1,0,2,0
p03112,s004756395,cpp,1586,0,0,0,0,0,0,0,4,1,0,1,21
p03112,s004838747,cpp,2030,0,0,0,0,0,0,0,0,0,1,3,10
p03112,s005048008,cpp,2103,0,0,0,0,0,0,0,1,1,0,1,0
p03112,s005678618,cpp,954,0,0,0,0,0,0,0,4,1,0,2,22
p03112,s006231761,cpp,1075,0,0,0,0,0,0,0,0,0,0,3,2
p03112,s006624122,cpp,1714,0,0,0,0,0,0,0,1,1,0,2,7
p03112,s006845778,cpp,1584,0,0,0,0,0,0,0,5,2,0,3,17
p03112,s007272456,cpp,2737,0,0,0,0,1,0,0,4,1,1,9,23
p03112,s007322600,cpp,1776,0,0,0,1,0,0,0,7,1,0,5,22
p03112,s007805381,cpp,777,0,0,0,0,0,0,0,3,1,0,1,18
p03112,s007882642,cpp,3368,0,0,0,0,0,0,0,1,1,0,5,2
p03112,s007922050,cpp,4591,0,0,0,0,0,0,0,3,1,1,19,7
p03112,s008328995,cpp,1320,0,0,0,0,0,1,0,4,1,0,1,9
p03112,s008528354,cpp,2843,0,0,0,0,0,0,0,6,3,1,12,14
p03112,s008923990,cpp,2967,0,0,0,0,0,0,0,4,3,0,10,5
p03112,s008940748,cpp,5780,0,0,0,0,0,0,0,4,1,1,15,2
p03112,s008971980,cpp,1760,0,0,0,1,0,0,0,5,1,0,3,42
p03112,s001231324,python,1139,0,0,0,0,0,0,0,1,1,0,1,30
p03112,s001476187,python,1045,0,0,0,0,0,0,0,4,1,0,0,4
p03112,s003918446,python,628,0,0,0,0,0,0,0,3,3,0,0,4
p03112,s005621507,python,461,0,0,0,0,0,0,0,3,3,0,0,12
p03112,s005646284,python,873,0,0,0,0,0,1,0,5,3,0,1,8
p03112,s006010881,python,759,0,0,0,0,0,0,0,1,1,0,1,16
p03112,s006409770,python,595,0,0,0,0,0,0,0,3,3,0,0,4
p03112,s007768082,python,668,0,0,0,0,0,1,0,1,1,0,0,4
p03112,s007914891,python,677,0,0,0,0,0,1,0,1,1,0,2,12
p03112,s007994862,python,709,0,0,0,0,0,0,0,3,3,0,3,4
p03112,s008546050,python,48526,0,0,0,0,0,0,0,16,2,1,49,153
p03112,s009565781,python,1242,0,0,0,0,0,0,0,1,1,0,1,33
p03112,s009780734,python,622,0,0,0,0,0,0,0,3,1,0,0,12
p03112,s009938351,python,438,0,0,0,0,0,0,0,3,3,0,0,4
p03112,s010066545,python,535,0,0,0,0,0,0,0,1,1,0,1,12
p03112,s010723129,python,1070,0,0,0,0,0,0,0,3,1,0,1,15
p03112,s011301859,python,671,0,0,0,0,0,0,0,1,1,0,0,10
p03112,s011645169,python,1006,0,0,0,0,0,0,0,3,1,0,0,28
p03112,s012707005,python,572,0,0,0,0,0,0,0,3,3,0,1,4
p03112,s012824566,python,764,0,0,0,0,0,0,0,3,3,0,0,12
p03112,s013307554,python,1701,0,0,0,0,0,0,0,3,2,0,1,14
p03112,s013510200,python,628,0,0,0,0,0,0,0,3,3,0,0,4
p03112,s013761747,python,873,0,0,0,0,0,0,0,3,2,0,0,6
p03112,s014335735,python,996,0,0,0,0,0,0,0,2,2,0,1,10
p03112,s015551064,python,1597,0,0,0,0,0,0,0,1,1,0,10,12
p03112,s015733904,python,1090,0,0,0,1,0,0,0,4,1,0,2,11
p03112,s015760666,python,1994,0,0,0,0,0,0,0,3,1,0,1,20
p03112,s016354952,python,946,0,0,0,0,0,0,0,1,1,0,0,4
p03112,s016649760,python,609,0,0,0,0,0,0,0,5,3,0,0,4
p03112,s017557881,python,617,0,0,0,0,0,0,0,3,1,0,1,12
p03114,s021031123,cpp,2435,0,1,0,0,0,0,0,14,2,1,10,37
p03114,s028748435,cpp,4331,0,1,0,0,1,0,0,11,1,1,11,50
p03114,s036003319,cpp,2697,0,0,0,0,1,1,1,3,1,0,13,58
p03114,s062384238,cpp,5191,0,1,0,0,0,0,1,22,2,1,8,123
p03114,s121207331,cpp,7104,0,1,0,0,1,0,0,3,1,1,47,25
p03114,s122972698,cpp,2178,0,0,0,0,1,1,0,15,2,0,2,41
p03114,s126268751,cpp,2811,0,0,0,0,1,0,0,16,3,1,15,54
p03114,s173431332,cpp,7038,0,0,0,0,1,0,0,5,1,1,58,61
p03114,s185574237,cpp,1851,0,0,0,0,0,1,0,9,3,0,2,28
p03114,s216903800,cpp,2141,0,0,0,0,0,1,0,10,3,0,4,24
p03114,s219891893,cpp,4006,0,1,0,0,1,0,0,3,1,1,12,76
p03114,s225899033,cpp,2429,0,1,0,0,0,0,0,13,3,1,8,44
p03114,s227679643,cpp,8888,0,0,0,0,1,0,0,13,3,1,49,31
p03114,s232688554,cpp,4754,0,0,0,0,1,0,1,17,3,1,12,52
p03114,s275993738,cpp,6284,0,1,0,0,1,0,0,7,2,1,32,91
p03114,s281373736,cpp,3355,0,0,0,0,1,0,0,14,3,0,4,24
p03114,s308578529,cpp,5443,0,0,0,0,1,0,0,9,1,1,17,66
p03114,s341375935,cpp,1928,0,0,0,0,0,1,0,9,3,0,2,30
p03114,s364364247,cpp,1864,0,0,0,0,0,1,0,11,3,0,2,50
p03114,s416512154,cpp,3608,0,1,0,0,0,0,0,16,3,1,12,50
p03114,s429914251,cpp,2451,0,0,0,0,0,1,0,10,3,0,5,21
p03114,s437344980,cpp,6280,0,1,0,0,1,0,0,7,2,1,32,91
p03114,s446526255,cpp,1975,0,0,0,0,1,1,0,16,4,0,4,74
p03114,s453884478,cpp,4710,0,0,0,0,0,0,1,5,1,1,32,50
p03114,s481800071,cpp,3158,0,1,0,0,1,0,1,18,3,1,9,79
p03114,s500993263,cpp,6189,0,1,0,0,1,0,0,7,2,1,32,86
p03114,s551449798,cpp,9111,0,1,0,0,0,0,0,13,1,1,43,44
p03114,s554149081,cpp,1880,0,1,0,0,1,0,0,8,3,1,3,36
p03114,s557702068,cpp,3151,0,0,0,0,0,0,1,3,1,1,6,54
p03114,s580981118,cpp,2839,0,0,0,0,1,1,0,13,3,0,2,24
p03130,s000041617,cpp,2185,0,0,0,0,0,0,0,0,0,1,8,3
p03130,s000091644,cpp,324,0,0,0,0,0,0,0,1,1,0,1,4
p03130,s000170818,cpp,333,0,0,0,0,0,0,0,2,1,0,1,4
p03130,s000433384,cpp,499,0,0,0,0,0,0,0,2,1,0,1,7
p03130,s000695990,cpp,272,0,0,0,0,0,0,0,2,1,0,1,0
p03130,s000804154,cpp,1397,0,0,0,0,0,0,0,1,1,0,5,5
p03130,s001463873,cpp,1130,0,0,0,0,0,0,0,0,0,0,1,3
p03130,s001648972,cpp,368,0,0,0,0,0,0,0,3,1,0,1,4
p03130,s001720154,cpp,469,0,0,0,0,0,0,0,2,1,0,1,8
p03130,s001794121,cpp,2337,0,0,0,0,1,0,0,0,0,0,7,20
p03130,s002206172,cpp,334,0,0,0,0,0,0,0,2,1,0,1,3
p03130,s002473614,cpp,307,0,0,0,0,0,0,0,2,1,0,1,0
p03130,s002716173,cpp,372,0,0,0,0,0,0,0,2,1,0,1,2
p03130,s002894558,cpp,483,0,0,0,0,0,0,0,2,1,0,1,6
p03130,s003876516,cpp,593,0,0,0,0,0,0,0,3,2,0,1,20
p03130,s004295579,cpp,1458,0,1,0,0,0,0,0,1,1,1,2,7
p03130,s004601795,cpp,674,0,1,0,0,0,0,0,3,1,1,2,7
p03130,s006313844,cpp,498,0,0,0,0,0,0,0,2,1,0,1,7
p03130,s006660306,cpp,2062,0,0,0,0,0,1,0,2,1,0,4,6
p03130,s006961724,cpp,503,0,0,0,0,0,0,0,0,0,0,1,5
p03130,s006985738,cpp,752,0,0,0,0,0,0,0,1,1,0,1,12
p03130,s007703300,cpp,603,0,0,0,0,0,0,0,2,1,0,1,1
p03130,s008045159,cpp,1156,0,0,0,0,0,0,0,0,0,0,1,10
p03130,s008340015,cpp,630,0,0,0,0,0,0,0,2,1,0,1,3
p03130,s008371434,cpp,976,0,0,0,0,0,0,0,0,0,0,2,5
p03130,s008435286,cpp,967,0,0,0,0,0,0,0,5,1,0,5,7
p03130,s008753530,cpp,283,0,0,0,0,0,0,0,2,1,0,1,3
p03130,s008914939,cpp,2037,0,0,0,0,0,0,0,0,0,1,6,10
p03130,s009058303,cpp,561,0,0,0,0,0,0,0,1,1,0,1,6
p03130,s009786806,cpp,286,0,0,0,0,0,0,0,2,1,0,1,2
p03130,s000377130,python,224,0,0,0,0,0,0,0,3,1,0,0,7
p03130,s001303554,python,59,0,0,0,0,0,0,0,0,0,0,0,1
p03130,s001842382,python,169,0,0,0,0,0,0,0,1,1,0,0,0
p03130,s002281020,python,212,0,0,0,0,0,0,0,1,1,0,0,2
p03130,s002737180,python,219,0,0,0,0,0,0,0,2,1,0,1,3
p03130,s003891974,python,302,0,0,0,0,0,0,0,3,2,0,0,6
p03130,s004212086,python,237,0,0,0,0,0,0,0,0,0,0,0,7
p03130,s005396868,python,141,0,0,0,0,0,0,0,1,1,0,0,2
p03130,s006065849,python,829,0,0,0,0,0,0,0,1,1,0,1,0
p03130,s010339525,python,200,0,0,0,0,0,0,0,3,2,0,0,0
p03130,s010652006,python,182,0,0,0,0,0,0,0,1,1,0,0,4
p03130,s011646946,python,212,0,0,0,0,0,0,0,0,0,0,0,0
p03130,s013976977,python,864,0,0,0,0,0,0,0,3,2,0,3,2
p03130,s014761594,python,257,0,0,0,0,0,0,0,2,1,0,0,0
p03130,s015617649,python,247,0,0,0,0,0,0,0,2,1,0,0,4
p03130,s017994992,python,437,0,0,0,0,0,0,0,2,1,0,1,2
p03130,s018406135,python,189,0,0,0,0,0,0,0,2,1,0,0,2
p03130,s021196156,python,142,0,0,0,0,0,0,0,1,1,0,0,2
p03130,s021705078,python,268,0,0,0,0,0,0,0,0,0,0,2,0
p03130,s022069699,python,346,0,0,0,0,0,0,0,2,1,0,1,2
p03130,s023459498,python,279,0,0,0,0,0,1,0,1,1,0,0,4
p03130,s023625769,python,658,0,0,0,0,0,0,0,2,1,0,2,6
p03130,s026063481,python,192,0,0,0,0,0,0,0,1,1,0,0,6
p03130,s026456713,python,575,0,0,0,0,0,0,0,3,1,1,1,5
p03130,s027318918,python,286,0,0,0,0,0,0,0,1,1,0,0,0
p03130,s028793891,python,275,0,0,0,0,0,0,0,0,0,0,0,0
p03130,s028996385,python,179,0,0,0,0,0,0,0,1,1,0,0,0
p03130,s031999502,python,229,0,0,0,0,0,0,0,0,0,0,0,6
p03130,s033905482,python,346,0,0,0,0,0,0,0,3,1,0,0,3
p03130,s034361503,python,233,0,0,0,0,0,0,0,1,1,0,1,3
p03183,s000358755,cpp,767,0,0,0,0,1,1,0,3,2,0,2,6
p03183,s000550733,cpp,1399,0,0,0,0,0,1,0,7,2,0,4,35
p03183,s001167481,cpp,2134,0,0,0,0,0,1,0,9,2,0,11,26
p03183,s001664816,cpp,1531,0,0,0,0,0,1,0,4,2,0,4,17
p03183,s001691079,cpp,1146,0,0,0,0,0,0,0,0,0,0,3,26
p03183,s002434525,cpp,731,0,0,0,0,0,0,0,0,0,0,2,29
p03183,s004014871,cpp,572,0,0,0,0,1,1,0,4,2,0,1,16
p03183,s005557590,cpp,4855,0,0,0,0,0,0,0,5,1,1,21,2
p03183,s005806202,cpp,2258,0,0,0,0,0,0,0,1,1,1,10,12
p03183,s006342719,cpp,792,0,0,0,0,1,0,0,0,0,0,1,16
p03183,s008781153,cpp,1592,0,0,0,0,0,0,0,7,2,1,6,22
p03183,s009026044,cpp,1402,0,0,0,0,0,0,0,0,0,0,4,22
p03183,s010235837,cpp,1486,0,0,0,0,0,1,0,3,2,0,5,24
p03183,s012396007,cpp,647,0,0,0,0,1,1,0,3,2,0,1,11
p03183,s013213167,cpp,1059,0,1,0,0,0,0,0,0,0,1,3,26
p03183,s013332472,cpp,700,0,0,0,0,1,1,0,3,2,0,3,9
p03183,s013497507,cpp,760,0,0,0,0,1,1,0,3,2,0,2,3
p03183,s013851301,cpp,955,0,0,0,0,1,1,0,4,2,0,3,5
p03183,s014979046,cpp,2674,0,0,0,0,1,0,0,5,2,1,11,23
p03183,s019173634,cpp,2453,0,0,0,0,0,0,0,2,1,1,12,23
p03183,s020622494,cpp,2056,0,0,0,0,1,0,0,1,1,0,12,5
p03183,s020935342,cpp,913,0,0,0,0,0,0,0,1,1,1,3,8
p03183,s022775170,cpp,2505,0,0,0,0,1,1,0,6,2,0,18,23
p03183,s028563735,cpp,1970,0,0,0,0,1,1,0,7,2,0,9,21
p03183,s028737462,cpp,982,0,0,0,0,1,1,0,4,2,0,1,8
p03183,s029161482,cpp,1825,0,0,0,0,1,1,0,4,2,0,4,5
p03183,s029993926,cpp,1525,0,0,0,0,0,1,0,5,2,0,5,22
p03183,s030704491,cpp,967,0,0,0,0,1,1,0,4,2,0,4,10
p03183,s030985605,cpp,1161,0,0,0,0,0,0,0,0,0,0,2,26
p03183,s031999551,cpp,1021,0,1,0,0,0,0,0,3,2,1,3,19
p03183,s003633081,python,216,0,0,0,0,1,1,0,2,2,0,0,6
p03183,s011490160,python,357,0,0,0,0,1,1,0,1,1,0,0,5
p03183,s013745137,python,177,0,0,0,0,1,1,0,2,2,0,0,5
p03183,s021055610,python,599,0,0,0,0,1,1,0,2,2,0,0,25
p03183,s043772692,python,326,0,0,0,0,1,1,0,3,2,0,0,4
p03183,s085623427,python,393,0,0,0,0,1,1,0,2,2,0,0,10
p03183,s092078409,python,389,0,0,0,0,1,1,0,2,2,0,0,10
p03183,s109651631,python,1355,0,0,0,0,0,1,0,3,2,0,4,16
p03183,s120661375,python,590,0,0,0,0,1,1,0,2,2,0,0,9
p03183,s141945722,python,569,0,0,0,0,1,1,0,4,2,0,0,20
p03183,s166786052,python,720,0,0,0,0,1,1,0,3,2,0,0,13
p03183,s176020826,python,438,0,0,0,0,0,1,0,1,1,0,0,5
p03183,s178146940,python,365,0,0,0,0,1,1,0,1,1,0,0,5
p03183,s191423171,python,573,0,0,0,0,1,1,0,2,2,0,0,10
p03183,s197034948,python,905,0,0,0,0,1,1,0,3,2,0,1,6
p03183,s208415480,python,625,0,0,0,0,0,1,0,3,2,0,0,29
p03183,s209178918,python,423,0,0,0,0,1,1,0,3,2,0,0,5
p03183,s245428440,python,910,0,0,0,0,1,1,0,2,2,0,1,8
p03183,s263064011,python,232,0,0,0,0,1,1,0,2,2,0,0,5
p03183,s277376680,python,355,0,0,0,0,1,1,0,3,2,0,0,5
p03183,s385367911,python,461,0,0,0,0,1,1,0,2,2,0,0,23
p03183,s429876858,python,648,0,0,0,0,0,1,0,3,2,0,1,23
p03183,s454493449,python,859,0,0,0,0,1,1,0,3,2,0,1,6
p03183,s477624396,python,354,0,0,0,0,1,1,0,2,2,0,0,14
p03183,s525953649,python,1167,0,0,0,0,0,1,0,3,2,0,3,27
p03183,s529860124,python,446,0,0,0,0,1,1,0,2,2,0,0,6
p03183,s540233387,python,417,0,0,0,0,0,1,0,2,2,0,0,9
p03183,s565211495,python,449,0,0,0,0,0,1,0,1,1,0,3,9
p03183,s565392087,python,386,0,0,0,0,0,1,0,2,2,0,0,8
p03183,s590130742,python,339,0,0,0,0,0,1,0,2,2,0,1,5
p03198,s001182288,cpp,6789,0,0,0,0,0,0,0,12,1,1,29,49
p03198,s002642218,cpp,2918,0,0,0,0,0,0,0,2,1,0,13,36
p03198,s003608925,cpp,3097,0,1,0,0,1,0,0,8,2,1,3,42
p03198,s006612490,cpp,3301,0,0,0,0,1,0,1,22,3,0,10,48
p03198,s012550719,cpp,1145,0,0,0,0,0,0,0,2,1,0,2,7
p03198,s019887411,cpp,1029,0,0,0,0,1,0,0,4,2,0,2,17
p03198,s027379412,cpp,2224,0,0,0,0,1,0,0,13,3,0,1,39
p03198,s032231641,cpp,4756,0,0,0,0,1,0,0,8,2,1,11,15
p03198,s035943123,cpp,3555,0,0,1,0,1,0,0,18,3,0,4,28
p03198,s036443304,cpp,2063,0,0,0,0,0,0,0,3,2,0,4,34
p03198,s036776287,cpp,1044,0,0,0,0,0,0,0,4,1,1,4,8
p03198,s037230686,cpp,3161,0,0,0,0,0,0,0,13,2,1,8,15
p03198,s046919007,cpp,2628,0,0,1,0,1,0,0,4,1,0,2,31
p03198,s048086110,cpp,2148,0,0,0,1,1,0,0,9,2,0,4,75
p03198,s048125636,cpp,25770,0,0,0,0,1,0,1,37,2,1,175,130
p03198,s051785855,cpp,1785,0,0,0,0,1,0,0,10,1,0,5,59
p03198,s054113987,cpp,2337,0,0,0,0,1,0,0,8,2,0,2,11
p03198,s055029044,cpp,1725,0,1,0,0,1,0,1,10,3,1,2,35
p03198,s056253738,cpp,2872,0,0,0,0,0,0,0,2,1,1,12,31
p03198,s056641753,cpp,680,0,0,0,0,0,0,0,6,3,0,2,19
p03198,s057637098,cpp,1759,0,0,0,0,1,0,0,9,2,0,1,19
p03198,s064873807,cpp,2202,0,0,0,0,0,0,0,9,2,1,11,19
p03198,s065183154,cpp,645,0,0,0,0,0,0,0,3,2,0,1,26
p03198,s065494871,cpp,4221,0,0,0,0,0,0,0,7,2,1,9,48
p03198,s068399701,cpp,1790,0,0,0,0,1,0,0,7,1,1,4,37
p03198,s068647500,cpp,1922,0,0,0,0,0,0,0,2,1,0,3,18
p03198,s069395768,cpp,2213,0,0,0,0,0,0,0,9,2,0,6,19
p03198,s072404644,cpp,2468,0,0,0,0,1,0,0,8,2,0,1,19
p03198,s074290527,cpp,2000,0,0,0,0,0,0,0,14,2,0,2,37
p03198,s077096173,cpp,2994,0,0,1,0,1,0,0,6,1,0,1,30
p03198,s119317260,python,1666,0,0,0,0,0,0,0,3,3,0,1,13
p03198,s126123810,python,615,0,0,0,0,0,0,0,4,2,0,1,13
p03198,s129631065,python,1577,0,0,0,0,0,0,0,3,3,0,3,10
p03198,s186533085,python,760,0,0,0,0,1,0,0,3,2,0,2,14
p03198,s189573461,python,2245,0,0,0,0,0,0,0,3,2,0,4,38
p03198,s252746169,python,826,0,0,0,0,1,0,0,5,2,0,2,19
p03198,s256505527,python,1263,0,0,0,0,0,0,0,13,2,0,0,48
p03198,s375142912,python,626,0,0,0,0,1,0,0,4,2,0,1,10
p03198,s412040331,python,840,0,0,0,0,0,0,0,7,2,0,0,12
p03198,s427072837,python,602,0,0,0,0,0,0,0,4,3,0,1,5
p03198,s455118858,python,3518,0,0,0,0,1,0,0,11,2,0,6,40
p03198,s457232560,python,1414,0,0,0,0,0,0,0,9,2,0,0,16
p03198,s499244084,python,916,0,0,0,0,1,0,0,5,2,0,0,13
p03198,s521510237,python,791,0,0,0,0,1,0,0,4,3,0,2,14
p03198,s594079172,python,722,0,0,0,0,0,0,0,1,1,0,1,10
p03198,s622497567,python,780,0,0,0,0,0,0,0,3,2,0,2,10
p03198,s664912003,python,1861,1,0,0,0,1,0,0,11,2,0,0,26
p03198,s758506348,python,809,0,0,0,0,1,0,0,3,2,0,2,14
p03198,s770004895,python,1734,0,0,0,0,0,0,0,3,3,0,3,10
p03198,s805887478,python,2258,0,0,0,0,0,0,0,3,2,0,4,38
p03198,s846784970,python,1321,0,0,0,0,1,0,0,8,2,0,1,20
p03198,s897320988,python,1182,0,0,0,0,1,0,0,7,2,0,1,22
p03198,s912656084,python,1089,0,0,0,0,0,0,0,3,2,0,1,10
p03198,s933491875,python,1417,0,0,0,0,0,0,0,6,2,0,1,28
p03198,s940504412,python,1674,0,0,0,0,1,0,0,6,2,0,2,23
p03198,s956565834,python,881,0,0,0,0,1,0,0,4,3,0,2,12
p03221,s000353524,cpp,1058,0,0,0,0,1,0,0,0,0,0,3,29
p03221,s000521597,cpp,1036,0,0,0,0,0,1,0,4,1,0,1,15
p03221,s000551128,cpp,568,0,0,0,0,0,1,0,4,2,0,3,8
p03221,s000682551,cpp,1250,0,0,0,0,0,0,0,6,2,0,2,10
p03221,s001095418,cpp,781,0,0,0,0,0,1,0,5,1,0,4,8
p03221,s001133662,cpp,1321,0,0,0,0,0,1,0,1,1,0,4,22
p03221,s001212460,cpp,1149,0,0,0,0,0,1,0,3,1,0,1,16
p03221,s002046688,cpp,2182,0,0,0,0,0,1,0,7,2,0,2,5
p03221,s002370691,cpp,727,0,0,0,0,0,1,0,3,1,0,1,7
p03221,s002604441,cpp,943,0,0,0,0,0,0,0,0,0,0,3,12
p03221,s002662122,cpp,1226,0,0,0,0,0,1,0,4,1,0,3,11
p03221,s002662260,cpp,725,0,0,0,0,0,0,0,0,0,1,5,12
p03221,s002703971,cpp,1077,0,0,0,0,0,1,0,5,2,0,1,9
p03221,s003001107,cpp,1259,0,0,0,0,0,1,0,2,1,0,3,5
p03221,s003103023,cpp,1264,0,0,0,0,0,0,0,0,0,0,5,12
p03221,s003138438,cpp,1420,0,0,0,0,0,1,0,3,1,0,8,3
p03221,s003572825,cpp,1300,0,0,0,0,0,1,0,5,2,0,2,13
p03221,s004428463,cpp,802,0,0,0,0,0,0,0,0,0,1,6,10
p03221,s005167429,cpp,984,0,0,0,0,0,1,0,4,1,0,1,17
p03221,s005373430,cpp,565,0,0,0,0,0,1,0,5,2,0,2,9
p03221,s005454898,cpp,1628,0,0,0,0,0,0,0,3,1,1,6,7
p03221,s005653266,cpp,14496,0,0,0,0,0,0,0,1,1,0,37,10
p03221,s005850194,cpp,1572,0,0,0,0,0,0,0,0,0,0,6,7
p03221,s006639648,cpp,662,0,0,0,0,0,0,0,1,1,0,3,10
p03221,s006656577,cpp,788,0,0,0,0,0,1,0,3,1,0,2,7
p03221,s007222047,cpp,659,0,0,0,0,0,1,0,4,1,0,1,11
p03221,s007281933,cpp,891,0,0,0,0,1,1,0,6,1,0,2,26
p03221,s007325485,cpp,1610,0,0,0,0,0,1,0,5,1,0,5,17
p03221,s007672415,cpp,609,0,0,0,0,0,1,0,7,2,0,1,16
p03221,s007725032,cpp,782,0,0,0,0,0,1,0,3,1,0,1,15
p03221,s000394090,python,402,0,0,0,0,0,1,0,3,1,0,1,8
p03221,s000656649,python,391,0,0,0,0,0,1,0,3,1,0,0,3
p03221,s001262344,python,302,0,0,0,0,0,1,0,4,2,0,0,3
p03221,s001830963,python,272,0,0,0,0,0,1,0,2,1,0,0,5
p03221,s002306018,python,501,0,0,0,0,0,1,0,2,1,0,0,2
p03221,s002514899,python,438,0,0,0,0,0,1,0,4,1,0,0,15
p03221,s002852638,python,311,0,0,0,0,0,1,0,3,1,0,0,7
p03221,s004705693,python,483,0,0,0,0,0,1,0,3,1,0,0,8
p03221,s004717346,python,688,0,0,0,0,0,1,0,3,1,0,3,2
p03221,s004820772,python,475,0,0,0,0,0,1,0,4,2,0,0,9
p03221,s005065372,python,435,0,0,0,0,0,1,0,2,1,0,1,6
p03221,s005191440,python,461,0,0,0,0,0,1,0,2,1,0,0,13
p03221,s005206055,python,387,0,0,0,0,0,1,0,2,1,0,0,10
p03221,s005237042,python,647,0,0,0,0,1,1,0,4,2,0,2,19
p03221,s006068008,python,477,0,0,0,0,0,1,0,6,2,0,0,10
p03221,s006297608,python,476,0,0,0,0,0,1,0,4,2,0,0,8
p03221,s006379696,python,255,0,0,0,0,0,1,0,2,1,0,0,2
p03221,s006778106,python,874,0,0,0,0,0,1,0,2,1,0,2,2
p03221,s006963344,python,496,0,0,0,0,0,1,0,3,1,0,0,13
p03221,s007085016,python,424,0,0,0,0,0,1,0,3,1,0,0,7
p03221,s007110723,python,553,0,0,0,0,0,1,0,3,1,0,0,8
p03221,s009356222,python,1014,0,0,0,0,0,1,0,2,1,0,1,7
p03221,s011152603,python,590,0,0,0,0,0,1,0,4,2,0,2,15
p03221,s011238857,python,317,0,0,0,0,0,1,0,3,1,0,0,5
p03221,s011255389,python,437,0,0,0,0,0,1,0,2,1,0,0,11
p03221,s011279044,python,314,0,0,0,0,0,1,0,4,2,0,0,5
p03221,s011517462,python,468,0,0,0,0,0,1,0,3,2,0,1,2
p03221,s011549097,python,571,0,0,0,0,0,1,0,7,2,0,0,13
p03221,s012047815,python,274,0,0,0,0,0,1,0,2,1,0,0,5
p03221,s013545443,python,387,0,0,0,0,0,1,0,3,1,0,0,11
p03229,s000739190,cpp,1266,0,0,0,0,0,1,0,4,1,0,1,8
p03229,s001408710,cpp,1017,0,0,0,0,0,1,0,6,1,0,1,13
p03229,s001797213,cpp,642,0,0,0,0,0,1,0,5,1,0,1,10
p03229,s006067941,cpp,1763,0,0,0,0,0,0,0,0,0,0,7,15
p03229,s007562742,cpp,1144,0,0,0,0,0,1,0,7,1,0,1,13
p03229,s008527471,cpp,674,0,0,0,0,1,1,0,3,2,0,1,26
p03229,s008885238,cpp,923,0,0,0,0,0,1,0,5,1,0,1,29
p03229,s009154670,cpp,1304,0,0,0,0,0,0,0,0,0,0,3,25
p03229,s009578201,cpp,2478,0,0,0,0,0,1,0,6,1,0,1,43
p03229,s010472248,cpp,2360,0,0,0,0,0,1,0,13,1,0,1,23
p03229,s011494196,cpp,1298,0,0,0,0,0,1,0,3,1,0,1,27
p03229,s012781953,cpp,1021,0,0,0,0,0,0,0,0,0,0,1,14
p03229,s013208452,cpp,1304,0,0,0,0,0,0,0,9,1,0,3,17
p03229,s013653219,cpp,572,0,0,0,0,0,1,0,2,1,0,1,8
p03229,s014652587,cpp,1137,0,0,0,0,0,0,0,0,0,1,5,9
p03229,s014830163,cpp,4695,0,0,0,0,0,0,0,2,1,1,22,23
p03229,s015033515,cpp,486,0,0,0,0,0,1,0,2,1,0,1,10
p03229,s015695548,cpp,3172,1,0,0,0,0,1,0,3,1,0,2,31
p03229,s016178397,cpp,1587,1,0,0,0,0,1,0,4,1,0,1,11
p03229,s016350648,cpp,1402,1,0,0,0,0,0,0,2,1,0,3,9
p03229,s016956510,cpp,2268,0,0,0,0,0,0,0,0,0,0,9,5
p03229,s017023361,cpp,1389,0,0,0,0,0,0,0,0,0,1,5,14
p03229,s017296093,cpp,57495,1,1,0,1,1,0,1,49,2,1,261,408
p03229,s019137396,cpp,6596,0,0,0,0,0,1,0,10,1,0,12,6
p03229,s019840436,cpp,2643,0,0,0,0,1,0,0,2,1,0,7,28
p03229,s021526897,cpp,4503,0,0,0,0,0,0,0,3,1,1,25,9
p03229,s023419529,cpp,1228,0,0,0,0,0,1,0,2,1,0,1,6
p03229,s024976471,cpp,556,0,0,0,0,0,1,0,2,1,0,1,0
p03229,s025752803,cpp,977,0,0,0,0,0,1,0,5,1,0,1,28
p03229,s026934588,cpp,597,0,0,0,0,0,1,0,4,1,0,1,10
p03229,s002689548,python,336,0,0,0,0,0,0,0,0,0,0,0,12
p03229,s003774958,python,1137,1,0,0,0,0,1,0,2,1,0,0,18
p03229,s003863270,python,489,0,0,0,0,0,1,0,2,1,0,1,7
p03229,s005211976,python,279,0,0,0,0,0,0,0,0,0,0,0,10
p03229,s006816535,python,1162,0,0,0,0,0,1,0,3,1,0,0,32
p03229,s011238326,python,1013,0,0,0,0,0,1,0,4,1,0,0,43
p03229,s012870199,python,1053,0,0,0,0,0,1,0,5,2,0,3,9
p03229,s017472057,python,327,0,0,0,0,0,0,0,0,0,0,0,12
p03229,s022403733,python,534,0,0,0,0,0,1,0,2,1,0,1,0
p03229,s022650867,python,1512,0,0,0,0,0,1,0,3,1,0,0,15
p03229,s026038316,python,1473,0,0,0,0,0,1,0,5,1,0,0,11
p03229,s027049770,python,691,0,0,0,0,0,1,0,2,1,0,0,22
p03229,s028594031,python,168,0,0,0,0,0,0,0,0,0,0,0,7
p03229,s029294453,python,545,1,0,1,0,0,1,0,4,1,0,0,12
p03229,s032104215,python,410,0,0,0,0,0,1,0,1,1,0,1,10
p03229,s034836405,python,324,0,0,0,0,0,0,0,1,1,0,0,10
p03229,s036303971,python,500,0,0,0,0,0,1,0,7,1,0,0,12
p03229,s037847328,python,687,0,0,0,0,0,1,0,3,1,0,0,10
p03229,s039276480,python,971,0,0,0,0,0,1,0,4,1,0,0,4
p03229,s039667721,python,3229,0,0,0,0,0,1,0,9,1,0,1,16
p03229,s039736650,python,1008,0,0,0,0,0,1,0,9,1,0,1,16
p03229,s042386893,python,1482,0,0,0,0,0,1,0,1,1,0,1,4
p03229,s044214051,python,456,0,0,0,0,0,0,0,0,0,0,0,12
p03229,s049462203,python,661,0,0,0,0,0,1,0,2,1,0,0,20
p03229,s049830228,python,599,0,0,0,0,0,1,0,2,1,0,0,16
p03229,s050012902,python,1086,0,0,0,0,0,1,0,2,1,0,1,6
p03229,s050405796,python,647,1,0,1,0,0,1,0,2,1,0,0,6
p03229,s051137876,python,390,0,0,0,0,0,1,0,1,1,0,0,0
p03229,s053626040,python,362,0,0,0,0,0,0,0,0,0,0,0,13
p03229,s055331924,python,456,0,0,0,0,0,1,0,3,1,0,0,7
p03247,s000449406,cpp,1862,0,0,0,0,1,0,0,7,2,0,1,25
p03247,s002273977,cpp,867,0,0,0,0,0,0,0,6,2,0,1,2
p03247,s003659561,cpp,1557,0,0,0,0,0,0,0,0,0,0,6,19
p03247,s003799205,cpp,2825,0,1,0,0,0,0,0,5,1,1,13,24
p03247,s004185754,cpp,2805,0,0,0,0,0,0,0,0,0,1,16,30
p03247,s005235758,cpp,2264,0,0,0,0,0,0,0,1,1,0,3,7
p03247,s008326802,cpp,1259,0,0,0,0,0,0,0,6,2,0,1,14
p03247,s009918584,cpp,1649,0,0,0,0,0,0,0,8,2,0,1,34
p03247,s012170718,cpp,1601,0,0,0,0,0,0,0,2,1,0,1,14
p03247,s013330115,cpp,1401,0,0,0,0,0,0,0,4,2,0,1,21
p03247,s015227961,cpp,2767,0,1,0,0,0,0,0,5,2,1,2,28
p03247,s016210590,cpp,1896,0,0,0,0,0,0,0,17,2,0,2,43
p03247,s018713345,cpp,2920,0,0,0,0,0,0,0,0,0,1,13,12
p03247,s019422132,cpp,1915,0,0,0,0,0,0,0,2,1,1,3,17
p03247,s020383543,cpp,1304,0,0,0,0,0,0,0,1,1,0,6,20
p03247,s021963663,cpp,1566,0,0,0,0,0,0,0,9,2,0,3,24
p03247,s024119357,cpp,1492,0,0,0,0,0,0,0,6,2,0,2,36
p03247,s025199139,cpp,957,0,0,0,0,0,0,0,5,2,0,1,9
p03247,s025914741,cpp,1462,0,0,0,0,0,0,0,0,0,0,4,24
p03247,s026114248,cpp,1225,0,0,0,0,0,0,0,8,2,0,3,22
p03247,s027085900,cpp,6309,0,1,0,0,0,0,0,4,1,1,19,32
p03247,s027167297,cpp,1072,0,0,0,0,0,0,0,2,1,1,4,17
p03247,s027661640,cpp,3502,0,0,0,0,0,0,0,2,1,0,5,13
p03247,s028175321,cpp,1416,0,0,0,0,1,0,0,7,1,1,5,24
p03247,s031121987,cpp,1058,0,0,0,0,0,0,0,3,1,1,2,17
p03247,s031957481,cpp,1579,0,0,0,0,0,0,0,8,2,0,1,30
p03247,s031958051,cpp,1469,0,0,0,0,0,0,0,7,2,0,2,28
p03247,s032342534,cpp,1954,0,0,0,0,0,0,0,9,3,1,4,16
p03247,s034069665,cpp,1191,0,0,0,0,1,0,0,6,3,0,3,24
p03247,s034729717,cpp,1125,0,0,0,0,0,0,0,9,1,1,3,22
p03247,s018372979,python,1394,0,0,0,0,0,0,0,3,2,0,0,4
p03247,s019109609,python,1253,0,0,0,0,0,0,0,4,2,0,0,5
p03247,s067648125,python,555,0,0,0,0,0,0,0,5,2,0,0,15
p03247,s070065329,python,1156,0,0,0,0,0,0,0,4,2,0,2,0
p03247,s081343315,python,2191,0,0,0,0,0,0,0,6,2,0,8,5
p03247,s083695887,python,1378,0,0,0,0,0,0,0,4,2,0,0,20
p03247,s094978813,python,1743,0,0,0,0,0,0,0,4,1,0,3,1
p03247,s101454675,python,935,0,0,0,0,0,0,0,4,3,0,0,3
p03247,s109230936,python,1116,0,0,0,0,0,0,0,2,2,0,1,11
p03247,s119484878,python,1912,0,0,0,0,0,0,0,9,3,0,1,97
p03247,s125392168,python,1008,0,0,0,0,0,0,0,3,2,0,0,12
p03247,s157904674,python,1243,0,0,0,0,0,0,0,3,1,0,2,9
p03247,s166736526,python,633,0,0,0,0,0,0,0,2,2,0,0,2
p03247,s185169386,python,682,0,0,0,0,0,0,0,3,2,0,0,2
p03247,s214793298,python,1178,0,0,0,0,0,0,0,3,2,0,0,9
p03247,s255280200,python,966,0,0,0,0,0,0,0,4,2,0,0,13
p03247,s291621783,python,1606,0,0,0,0,0,0,0,5,2,0,4,8
p03247,s315719948,python,2402,0,0,0,0,0,0,0,4,2,0,1,1
p03247,s338107444,python,516,0,0,0,0,0,0,0,3,2,0,0,2
p03247,s348311297,python,1158,0,0,0,0,0,0,0,4,2,0,1,5
p03247,s384869472,python,694,0,0,0,0,0,0,0,4,2,0,0,6
p03247,s425941602,python,432,0,0,0,0,0,0,0,3,2,0,0,13
p03247,s480027242,python,1224,0,0,0,0,0,0,0,3,2,0,2,3
p03247,s500507276,python,1199,0,0,0,0,0,0,0,7,3,0,1,13
p03247,s518352839,python,1251,0,0,0,0,0,0,0,3,2,0,2,4
p03247,s576000788,python,862,0,0,0,0,0,0,0,1,1,1,1,13
p03247,s612381562,python,1047,0,0,0,0,0,0,0,2,2,0,1,11
p03247,s668851446,python,828,0,0,0,0,0,0,0,3,2,0,0,1
p03247,s669150184,python,1697,0,0,0,0,0,1,0,4,3,0,7,18
p03247,s682163819,python,1261,0,0,0,0,0,0,0,4,2,0,0,10
p03254,s000130468,cpp,685,0,0,0,0,0,0,0,0,0,0,3,6
p03254,s000131841,cpp,371,0,0,0,0,0,1,0,2,1,0,1,4
p03254,s000146801,cpp,766,0,0,0,0,0,1,0,2,1,0,2,2
p03254,s000484333,cpp,326,0,0,0,0,0,1,0,2,1,0,1,0
p03254,s000550403,cpp,3635,0,0,0,0,0,0,0,3,1,1,11,0
p03254,s001267958,cpp,1222,0,0,0,0,0,0,0,0,0,1,4,0
p03254,s001807855,cpp,482,0,0,0,0,0,0,0,0,0,0,1,5
p03254,s002100178,cpp,468,0,0,0,0,0,1,0,2,1,0,1,4
p03254,s002459146,cpp,414,0,0,0,0,0,1,0,2,1,0,1,4
p03254,s002497474,cpp,908,0,0,0,0,0,1,0,2,1,0,1,4
p03254,s002556762,cpp,823,0,0,0,0,0,0,0,0,0,0,2,3
p03254,s002823839,cpp,581,0,0,0,0,0,0,0,0,0,0,2,2
p03254,s002953670,cpp,916,0,0,0,0,0,1,0,5,1,0,5,2
p03254,s003085998,cpp,782,0,0,0,0,0,1,0,1,1,0,1,3
p03254,s003113922,cpp,648,0,0,0,0,0,1,0,2,1,0,1,2
p03254,s003269917,cpp,386,0,0,0,0,0,1,0,2,1,0,1,2
p03254,s003316226,cpp,479,0,0,0,0,0,1,0,1,1,0,2,2
p03254,s003319220,cpp,763,0,0,0,0,0,1,0,2,1,0,1,1
p03254,s004325846,cpp,542,0,0,0,0,0,1,0,2,1,0,1,0
p03254,s004503332,cpp,451,0,0,0,0,0,1,0,2,1,0,1,1
p03254,s004506148,cpp,294,0,0,0,0,0,1,0,2,1,0,1,4
p03254,s004822710,cpp,600,0,0,0,0,0,0,0,0,0,0,3,2
p03254,s005037004,cpp,501,0,0,0,0,0,1,0,2,1,0,1,0
p03254,s005360412,cpp,1536,0,0,0,0,0,0,0,2,1,1,10,4
p03254,s005722917,cpp,486,0,0,0,0,0,1,0,2,1,0,1,3
p03254,s007200498,cpp,352,0,0,0,0,0,0,0,0,0,0,1,4
p03254,s007401127,cpp,705,0,0,0,0,0,1,0,2,1,0,1,3
p03254,s007695155,cpp,461,0,0,0,0,0,1,0,2,1,0,1,2
p03254,s007792441,cpp,447,0,0,0,0,0,0,0,0,0,0,1,4
p03254,s007989443,cpp,381,0,0,0,0,0,1,0,2,1,0,1,3
p03254,s000005025,python,473,0,0,0,0,0,1,0,1,1,0,2,0
p03254,s000124907,python,233,0,0,0,0,0,1,0,1,1,0,0,0
p03254,s000270719,python,240,0,0,0,0,0,1,0,1,1,0,0,0
p03254,s000761629,python,300,0,0,0,0,0,1,0,1,1,0,0,1
p03254,s000761704,python,270,0,0,0,0,0,1,0,1,1,0,0,3
p03254,s000902377,python,177,0,0,0,0,0,1,0,1,1,0,0,1
p03254,s003009900,python,426,0,0,0,0,0,1,0,1,1,0,1,0
p03254,s003094644,python,465,0,0,0,0,0,1,0,1,1,0,0,3
p03254,s003205619,python,282,0,0,0,0,0,1,0,1,1,0,0,0
p03254,s004139660,python,481,0,0,0,0,0,1,0,1,1,0,1,4
p03254,s004612054,python,375,0,0,0,0,0,1,0,1,1,0,0,0
p03254,s005127078,python,217,0,0,0,0,0,1,0,1,1,0,0,1
p03254,s005420842,python,442,0,0,0,0,0,1,0,1,1,0,1,4
p03254,s006395900,python,330,0,0,0,0,0,1,0,1,1,0,0,2
p03254,s007712916,python,283,0,0,0,0,0,0,0,1,1,0,0,0
p03254,s007923176,python,337,0,0,0,0,0,1,0,1,1,0,0,1
p03254,s012098783,python,189,0,0,0,0,0,1,0,1,1,0,0,3
p03254,s012152766,python,265,0,0,0,0,0,1,0,1,1,0,1,1
p03254,s014882484,python,378,0,0,0,0,0,1,0,1,1,0,0,4
p03254,s018674961,python,488,0,0,0,0,0,1,0,1,1,0,0,3
p03254,s018746803,python,245,0,0,0,0,0,1,0,1,1,0,0,3
p03254,s019262939,python,331,0,0,0,0,0,1,0,1,1,0,0,2
p03254,s019370249,python,231,0,0,0,0,0,0,0,1,1,0,0,0
p03254,s019792152,python,198,0,0,0,0,0,1,0,1,1,0,0,2
p03254,s020031199,python,267,0,0,0,0,0,1,0,1,1,0,0,3
p03254,s020249440,python,283,0,0,0,0,0,1,0,1,1,0,0,2
p03254,s020813746,python,323,0,0,0,0,0,0,0,1,1,0,0,0
p03254,s021779060,python,211,0,0,0,0,0,1,0,1,1,0,0,3
p03254,s022956944,python,297,0,0,0,0,0,0,0,0,0,0,0,1
p03254,s022981808,python,318,0,0,0,0,0,1,0,1,1,0,0,3
p03255,s001200758,cpp,1826,0,0,0,0,1,1,0,4,1,0,2,6
p03255,s002043155,cpp,1414,0,0,0,0,0,0,0,4,1,0,2,2
p03255,s004581163,cpp,576,0,0,0,0,1,0,0,3,2,0,1,8
p03255,s005300178,cpp,1068,0,0,0,0,1,0,0,2,2,0,2,6
p03255,s005886264,cpp,921,0,0,0,0,1,0,0,2,2,0,2,8
p03255,s005924764,cpp,421,0,0,0,0,1,0,0,3,2,0,1,5
p03255,s010877196,cpp,1826,0,0,0,0,0,0,0,1,1,0,7,3
p03255,s015267035,cpp,694,0,0,0,0,1,0,0,4,2,0,1,5
p03255,s015841448,cpp,721,0,0,0,0,1,0,0,4,2,0,2,12
p03255,s017662505,cpp,1459,0,0,0,0,1,0,0,5,2,0,5,7
p03255,s020364273,cpp,1045,0,0,0,0,1,0,0,2,2,0,4,8
p03255,s020711271,cpp,914,0,0,0,0,1,0,0,2,1,0,2,6
p03255,s021483736,cpp,654,0,0,0,0,1,0,0,4,2,0,1,7
p03255,s021961599,cpp,1030,0,0,0,0,0,0,0,1,1,0,2,6
p03255,s023585447,cpp,1376,0,0,0,0,0,0,0,3,1,0,2,4
p03255,s028268859,cpp,792,0,0,0,0,1,0,0,4,2,0,1,8
p03255,s029094890,cpp,582,0,0,0,0,1,0,0,3,2,0,1,6
p03255,s029164362,cpp,1670,0,0,0,0,1,0,0,0,0,0,2,8
p03255,s029755790,cpp,560,0,0,0,0,1,0,0,4,2,0,1,9
p03255,s030110723,cpp,2225,0,0,0,0,1,0,0,3,2,1,10,8
p03255,s031148745,cpp,666,0,0,0,0,1,0,0,3,2,0,1,5
p03255,s039995520,cpp,1730,0,0,0,0,0,1,0,4,2,0,6,7
p03255,s040690590,cpp,815,0,0,0,0,1,0,0,4,2,0,1,6
p03255,s041617047,cpp,1372,0,0,0,0,1,0,0,3,2,0,1,5
p03255,s044475984,cpp,464,0,0,0,0,1,0,0,3,2,0,1,5
p03255,s044811224,cpp,2056,0,0,0,0,0,0,0,6,1,1,9,4
p03255,s046086803,cpp,1450,0,0,0,0,1,0,0,5,2,0,1,10
p03255,s046965067,cpp,827,0,0,0,0,1,0,0,4,2,0,1,12
p03255,s048491900,cpp,1028,0,0,0,0,1,0,0,3,1,0,3,10
p03255,s052010701,cpp,1658,0,0,0,0,0,0,0,4,2,0,2,3
p03255,s000636070,python,159,0,0,0,0,0,0,0,1,1,0,0,3
p03255,s027381814,python,452,0,0,0,0,0,0,0,3,2,0,1,5
p03255,s032745563,python,384,0,0,0,0,0,0,0,3,2,0,0,7
p03255,s038640894,python,483,0,0,0,0,0,0,0,3,2,0,2,5
p03255,s058573787,python,1390,0,0,0,0,1,0,0,8,2,0,16,11
p03255,s065731747,python,426,0,0,0,0,0,0,0,2,2,0,1,2
p03255,s069312828,python,347,0,0,0,0,0,0,0,3,2,0,1,3
p03255,s098193013,python,587,0,0,0,0,1,0,0,3,2,0,1,8
p03255,s121167314,python,295,0,0,0,0,0,0,0,2,2,0,0,2
p03255,s143210130,python,1176,0,0,0,0,0,0,0,5,3,0,0,33
p03255,s144744789,python,408,0,0,0,0,0,0,0,3,2,0,0,7
p03255,s157711719,python,1394,0,0,0,0,1,0,0,8,2,0,16,12
p03255,s183340624,python,1115,0,0,0,0,0,0,0,3,1,1,3,4
p03255,s186861195,python,572,0,0,0,0,0,0,0,3,2,0,0,7
p03255,s189764558,python,1610,0,0,0,0,0,0,0,3,2,0,11,5
p03255,s190422397,python,536,0,0,0,0,1,0,0,3,1,0,2,7
p03255,s212570914,python,570,0,0,0,0,0,1,0,2,2,0,1,4
p03255,s245634882,python,651,0,0,0,0,0,0,0,3,2,0,0,5
p03255,s257105755,python,303,0,0,0,0,0,0,0,3,2,0,0,3
p03255,s258461318,python,436,0,0,0,0,1,0,0,3,2,0,0,4
p03255,s264965978,python,319,0,0,0,0,0,0,0,0,0,0,0,4
p03255,s276240586,python,1004,0,0,0,0,0,0,0,3,2,0,0,7
p03255,s284517170,python,425,0,0,0,0,0,0,0,2,2,0,0,3
p03255,s301276897,python,561,0,0,0,0,0,0,0,3,1,0,2,3
p03255,s312548802,python,344,0,0,0,0,0,0,0,3,2,0,0,3
p03255,s320213009,python,487,0,0,0,0,0,0,0,3,2,0,0,7
p03255,s328328253,python,406,0,0,0,0,1,0,0,3,2,0,0,7
p03255,s330797009,python,570,0,0,0,0,0,1,0,2,2,0,1,4
p03255,s346954141,python,1074,0,0,0,0,0,0,0,3,1,1,3,4
p03255,s365243884,python,425,0,0,0,0,0,0,0,3,2,0,0,5
p03289,s000324653,cpp,397,0,0,0,0,0,0,0,2,1,0,1,5
p03289,s000359495,cpp,463,0,0,0,0,0,0,0,1,1,0,1,3
p03289,s000473060,cpp,488,0,0,0,0,0,0,0,1,1,0,1,4
p03289,s000545483,cpp,629,0,0,0,0,0,0,0,1,1,0,1,7
p03289,s000874555,cpp,883,0,0,0,0,0,0,0,2,2,0,1,3
p03289,s001169282,cpp,511,0,0,0,0,0,0,0,1,1,0,1,5
p03289,s001293093,cpp,841,0,0,0,0,0,0,0,1,1,0,3,5
p03289,s001728243,cpp,893,0,0,0,0,0,0,0,2,1,0,1,11
p03289,s002093061,cpp,748,0,0,0,0,0,0,0,1,1,0,1,4
p03289,s002099458,cpp,449,0,0,0,0,0,0,0,0,0,0,1,0
p03289,s002293979,cpp,784,0,0,0,0,0,0,0,1,1,0,1,7
p03289,s002610835,cpp,525,0,0,0,0,0,0,0,1,1,0,1,5
p03289,s003149697,cpp,1095,0,0,0,0,0,0,0,0,0,0,1,4
p03289,s003171554,cpp,602,0,0,0,0,0,0,0,2,1,0,1,4
p03289,s003441332,cpp,625,0,0,0,0,0,0,0,3,2,0,1,4
p03289,s003482991,cpp,456,0,0,0,0,0,0,0,1,1,0,1,5
p03289,s003947569,cpp,943,0,0,0,0,0,0,0,3,2,0,1,3
p03289,s003949677,cpp,398,0,0,0,0,0,0,0,2,1,0,1,0
p03289,s004218508,cpp,977,0,0,0,0,0,0,0,1,1,0,1,4
p03289,s004301477,cpp,501,0,0,0,0,0,0,0,2,1,0,1,0
p03289,s004421576,cpp,453,0,0,0,0,0,0,0,2,1,0,2,5
p03289,s004456921,cpp,440,0,0,0,0,0,0,0,1,1,0,1,0
p03289,s004470401,cpp,339,0,0,0,0,0,0,0,1,1,0,1,3
p03289,s004660890,cpp,638,0,0,0,0,0,0,0,1,1,0,1,1
p03289,s005077097,cpp,1438,0,0,0,0,0,0,0,0,0,0,5,5
p03289,s005293152,cpp,491,0,0,0,0,0,0,0,2,1,0,1,0
p03289,s005345903,cpp,750,0,0,0,0,0,0,0,1,1,0,1,7
p03289,s005400685,cpp,346,0,0,0,0,0,0,0,1,1,0,1,3
p03289,s005675483,cpp,632,0,0,0,0,0,0,0,2,1,0,1,3
p03289,s005924516,cpp,472,0,0,0,0,0,0,0,1,1,0,1,4
p03289,s000383221,python,66,0,0,0,0,0,0,0,0,0,0,0,0
p03289,s001011063,python,224,0,0,0,0,0,0,0,1,1,0,0,3
p03289,s001036078,python,87,0,0,0,0,0,0,0,0,0,0,0,0
p03289,s001241637,python,285,0,0,0,0,0,0,0,1,1,0,0,2
p03289,s001759521,python,239,0,0,0,0,0,0,0,1,1,0,0,2
p03289,s003055925,python,329,0,0,0,0,0,0,0,1,1,0,0,5
p03289,s003242188,python,223,0,0,0,0,0,0,0,1,1,0,0,2
p03289,s004034963,python,100,0,0,0,0,0,0,0,0,0,0,0,0
p03289,s004164846,python,325,0,0,0,0,0,0,0,1,1,0,0,5
p03289,s005703357,python,165,0,0,0,0,0,0,0,0,0,0,0,3
p03289,s005747537,python,474,0,0,0,0,0,0,0,1,1,0,0,2
p03289,s006559229,python,331,0,0,0,0,0,0,0,2,1,0,0,3
p03289,s006665613,python,124,0,0,0,0,0,0,0,0,0,0,0,2
p03289,s007066026,python,324,0,0,0,0,0,0,0,1,1,0,0,3
p03289,s007825885,python,495,0,0,0,0,0,0,0,3,2,0,0,4
p03289,s007977720,python,251,0,0,0,0,0,0,0,2,1,0,0,3
p03289,s008285871,python,420,0,0,0,0,0,0,0,2,1,0,0,2
p03289,s008495107,python,191,0,0,0,0,0,0,0,0,0,0,0,4
p03289,s008501292,python,205,0,0,0,0,0,0,0,0,0,0,0,3
p03289,s009570086,python,442,0,0,0,0,0,0,0,1,1,0,0,3
p03289,s010394768,python,139,0,0,0,0,0,0,0,0,0,0,0,2
p03289,s010979329,python,963,0,0,0,0,0,0,0,1,1,0,4,2
p03289,s011509145,python,395,0,0,0,0,0,0,0,1,1,0,0,2
p03289,s011684653,python,520,0,0,0,0,0,0,0,1,1,0,1,3
p03289,s011992457,python,233,0,0,0,0,0,0,0,1,1,0,0,6
p03289,s014170050,python,193,0,0,0,0,0,0,0,0,0,0,0,2
p03289,s015257383,python,188,0,0,0,0,0,0,0,0,0,0,1,2
p03289,s015382533,python,430,0,0,0,0,0,0,0,1,1,0,2,2
p03289,s015395252,python,292,0,0,0,0,0,0,0,1,1,0,0,3
p03289,s016125844,python,122,0,0,0,0,0,0,0,0,0,0,0,3
p03308,s000682583,cpp,1177,0,0,0,0,0,0,0,0,0,0,1,3
p03308,s000689988,cpp,460,0,0,0,0,0,0,0,0,0,0,2,3
p03308,s001035353,cpp,367,0,0,0,0,0,0,0,1,1,0,1,5
p03308,s001063411,cpp,328,0,0,0,0,0,0,0,1,1,0,1,3
p03308,s001391705,cpp,381,0,0,0,0,0,0,0,3,2,0,1,4
p03308,s002175467,cpp,2803,0,0,0,0,1,0,1,11,2,0,10,22
p03308,s002197303,cpp,267,0,0,0,0,0,0,0,1,1,0,1,3
p03308,s002472191,cpp,422,0,0,0,0,0,0,0,0,0,0,1,3
p03308,s002805767,cpp,923,0,0,0,0,0,0,0,0,0,0,1,3
p03308,s003072077,cpp,10335,0,0,0,0,1,1,0,22,2,0,62,54
p03308,s003240753,cpp,493,0,0,0,0,0,0,0,0,0,0,1,3
p03308,s003653121,cpp,190,0,0,0,0,0,0,0,1,1,0,1,3
p03308,s003803258,cpp,211,0,0,0,0,0,0,0,1,1,0,1,0
p03308,s004368993,cpp,337,0,0,0,0,0,0,0,1,1,0,1,0
p03308,s004848366,cpp,277,0,0,0,0,0,0,0,3,2,0,1,3
p03308,s004920586,cpp,2389,0,0,0,0,0,0,0,4,1,1,13,0
p03308,s004968859,cpp,227,0,0,0,0,0,0,0,1,1,0,1,3
p03308,s005002793,cpp,236,0,0,0,0,0,0,0,1,1,0,1,0
p03308,s005140419,cpp,217,0,0,0,0,0,0,0,1,1,0,1,3
p03308,s005228857,cpp,851,0,0,0,0,0,0,0,2,1,1,3,3
p03308,s006000860,cpp,249,0,0,0,0,0,0,0,1,1,0,1,5
p03308,s006120768,cpp,1570,0,0,0,0,0,0,0,0,0,0,5,3
p03308,s006342706,cpp,318,0,0,0,0,0,0,0,0,0,0,1,3
p03308,s006434431,cpp,271,0,0,0,0,0,0,0,1,1,0,1,3
p03308,s006544294,cpp,690,0,0,0,0,0,0,0,0,0,0,4,0
p03308,s006781130,cpp,352,0,0,0,0,0,0,0,3,2,0,1,5
p03308,s006836875,cpp,840,0,0,0,0,0,0,0,1,1,0,5,3
p03308,s007253031,cpp,408,0,0,0,0,0,0,0,2,1,0,1,6
p03308,s007326737,cpp,260,0,0,0,0,0,0,0,1,1,0,1,3
p03308,s007380637,cpp,342,0,0,0,0,0,0,0,2,2,0,1,3
p03308,s000814924,python,61,0,0,0,0,0,0,0,0,0,0,0,0
p03308,s001584582,python,88,0,0,0,0,0,0,0,0,0,0,0,2
p03308,s001888850,python,70,0,0,0,0,0,0,0,0,0,0,0,0
p03308,s001932501,python,68,0,0,0,0,0,0,0,0,0,0,0,0
p03308,s001973526,python,86,0,0,0,0,0,0,0,0,0,0,0,2
p03308,s002761571,python,147,0,0,0,0,0,0,0,2,2,0,0,2
p03308,s004491828,python,303,0,0,0,0,0,0,0,0,0,0,0,0
p03308,s004937756,python,126,0,0,0,0,0,0,0,0,0,0,0,2
p03308,s006275821,python,99,0,0,0,0,0,0,0,0,0,0,0,2
p03308,s006611869,python,88,0,0,0,0,0,0,0,0,0,0,0,0
p03308,s006840179,python,94,0,0,0,0,0,0,0,0,0,0,0,0
p03308,s006955871,python,75,0,0,0,0,0,0,0,0,0,0,0,0
p03308,s007551296,python,89,0,0,0,0,0,0,0,0,0,0,0,2
p03308,s007637938,python,73,0,0,0,0,0,0,0,0,0,0,0,0
p03308,s009313458,python,62,0,0,0,0,0,0,0,0,0,0,0,0
p03308,s009523122,python,81,0,0,0,0,0,0,0,0,0,0,0,0
p03308,s009567112,python,103,0,0,0,0,0,0,0,0,0,0,0,0
p03308,s009728308,python,202,0,0,0,0,0,0,0,1,1,0,0,6
p03308,s010007183,python,90,0,0,0,0,0,0,0,0,0,0,0,0
p03308,s011054246,python,83,0,0,0,0,0,0,0,0,0,0,0,2
p03308,s012246350,python,127,0,0,0,0,0,0,0,1,1,0,0,1
p03308,s013041778,python,74,0,0,0,0,0,0,0,0,0,0,0,2
p03308,s013433753,python,76,0,0,0,0,0,0,0,0,0,0,0,0
p03308,s013903537,python,90,0,0,0,0,0,0,0,0,0,0,0,2
p03308,s013971627,python,151,0,0,0,0,0,0,0,0,0,0,0,2
p03308,s014643949,python,104,0,0,0,0,0,0,0,0,0,0,0,2
p03308,s014867856,python,158,0,0,0,0,0,0,0,2,2,0,0,2
p03308,s015560331,python,87,0,0,0,0,0,0,0,0,0,0,0,0
p03308,s016547970,python,126,0,0,0,0,0,0,0,0,0,0,0,0
p03308,s016665120,python,171,0,0,0,0,0,0,0,2,2,0,0,2
p03322,s000099489,cpp,1547,0,0,0,0,0,0,0,4,1,0,8,19
p03322,s004333624,cpp,1705,0,0,0,0,1,0,0,7,2,0,3,52
p03322,s005785458,cpp,2745,0,0,0,0,1,0,0,20,2,0,5,86
p03322,s010037385,cpp,2806,0,0,0,0,1,0,0,8,1,0,8,52
p03322,s014139514,cpp,2485,0,0,0,0,1,0,0,7,2,1,4,68
p03322,s021365359,cpp,1842,0,0,0,0,0,0,0,15,1,0,9,39
p03322,s024062432,cpp,3470,0,0,0,0,1,0,0,12,2,0,2,90
p03322,s026477721,cpp,1673,0,0,0,0,1,0,0,3,1,0,5,82
p03322,s028331348,cpp,1314,0,0,0,0,0,0,0,5,1,0,3,10
p03322,s030389434,cpp,1862,0,0,0,0,0,0,0,5,1,0,6,11
p03322,s032050234,cpp,2943,0,1,0,0,1,0,0,4,1,1,10,55
p03322,s034985283,cpp,2537,0,0,0,0,1,0,0,11,1,0,10,57
p03322,s036625171,cpp,688,0,0,0,0,1,0,0,2,1,0,1,22
p03322,s037070121,cpp,2944,0,1,0,0,1,0,0,4,1,1,10,55
p03322,s039845120,cpp,2316,0,0,0,0,1,0,0,5,2,0,9,71
p03322,s042144690,cpp,2086,0,0,0,0,0,0,0,15,1,0,9,39
p03322,s046367735,cpp,2317,0,0,0,0,0,0,0,3,1,1,9,59
p03322,s056523533,cpp,1426,0,0,0,0,1,0,0,6,2,0,8,33
p03322,s057625340,cpp,3592,0,0,0,0,0,0,0,5,1,0,30,21
p03322,s058303357,cpp,2299,0,0,0,0,0,0,0,8,2,1,6,23
p03322,s061271045,cpp,691,0,0,0,0,1,0,0,2,1,0,3,22
p03322,s061482053,cpp,2533,0,0,0,0,1,0,0,5,1,0,1,38
p03322,s064651955,cpp,2278,0,0,0,0,1,0,0,3,1,1,2,91
p03322,s065158956,cpp,2671,0,0,0,0,1,0,0,1,1,0,4,75
p03322,s065945359,cpp,2770,0,0,0,0,0,0,0,11,2,0,3,78
p03322,s068012176,cpp,586,0,0,0,0,1,0,0,2,1,0,1,18
p03322,s068057186,cpp,8237,0,0,0,0,0,0,0,6,1,1,31,46
p03322,s077117006,cpp,6733,0,0,0,0,0,0,0,1,1,0,15,24
p03322,s079580578,cpp,1755,0,0,0,0,1,0,0,3,1,0,4,57
p03322,s080557002,cpp,1330,0,0,0,0,1,0,0,4,1,0,5,29
p03322,s489853164,python,1315,0,0,0,0,1,0,0,4,1,0,2,18
p03322,s895858270,python,1275,0,0,0,0,0,0,0,5,2,0,1,10
p03326,s000867821,cpp,1030,0,0,0,0,0,1,0,3,1,0,2,7
p03326,s001140751,cpp,3468,0,0,0,0,1,0,1,6,2,1,25,26
p03326,s002849361,cpp,801,0,0,0,0,0,0,0,0,0,0,3,7
p03326,s003489082,cpp,1371,0,0,0,0,0,0,0,4,1,0,2,3
p03326,s004188476,cpp,2709,0,0,0,0,0,1,0,5,2,0,1,38
p03326,s004437215,cpp,685,0,0,0,0,0,0,0,0,0,0,2,10
p03326,s004512133,cpp,667,0,0,0,0,0,1,0,6,3,0,1,11
p03326,s004572848,cpp,653,0,0,0,0,0,1,0,4,2,0,2,6
p03326,s004590584,cpp,1663,0,0,0,0,0,1,0,3,1,0,3,8
p03326,s005019073,cpp,1577,0,1,0,0,0,0,0,2,2,1,5,21
p03326,s005678332,cpp,3366,0,0,0,0,0,1,0,4,1,0,9,14
p03326,s005678802,cpp,793,0,0,0,0,0,1,0,7,3,0,1,11
p03326,s005736966,cpp,1176,0,0,0,0,0,1,0,6,4,0,2,8
p03326,s005910479,cpp,563,0,0,0,0,0,1,0,6,4,0,1,8
p03326,s006456829,cpp,1236,0,0,0,0,0,0,0,2,2,1,4,18
p03326,s007006499,cpp,1196,0,0,0,0,0,1,0,10,2,0,1,17
p03326,s007459957,cpp,1006,0,0,0,0,0,1,0,4,2,0,3,13
p03326,s007803564,cpp,663,0,0,0,0,0,1,0,5,3,0,1,14
p03326,s007961984,cpp,1569,0,0,0,0,0,0,0,0,0,0,4,17
p03326,s009109263,cpp,703,0,0,0,0,0,1,0,6,4,0,2,11
p03326,s009525154,cpp,1623,0,0,0,0,0,0,0,2,2,0,4,11
p03326,s010120063,cpp,746,0,0,0,0,0,0,0,3,2,0,1,6
p03326,s010344224,cpp,1075,0,0,0,0,0,1,0,5,2,0,1,21
p03326,s010996586,cpp,2409,0,0,0,0,0,0,0,1,1,1,15,22
p03326,s011090022,cpp,940,0,0,0,0,0,1,0,6,4,0,1,8
p03326,s011120022,cpp,1236,0,0,0,0,0,1,0,4,2,0,1,9
p03326,s011712824,cpp,837,0,0,0,0,0,1,0,2,1,0,1,8
p03326,s011994370,cpp,937,0,0,0,0,0,1,0,3,1,0,4,4
p03326,s012476756,cpp,1235,0,0,0,0,0,0,0,0,0,0,3,20
p03326,s012805085,cpp,1217,0,0,0,0,0,0,0,3,3,0,3,9
p03326,s000218793,python,426,0,0,0,0,0,0,0,4,3,0,0,6
p03326,s000660833,python,408,0,0,0,0,0,0,0,1,1,0,0,3
p03326,s001247076,python,516,0,0,0,0,0,0,0,2,1,0,0,13
p03326,s001483542,python,437,0,0,0,0,1,0,0,4,2,0,1,10
p03326,s002466626,python,1172,0,0,0,0,0,1,0,5,2,0,3,6
p03326,s002957759,python,949,0,0,0,0,0,0,0,3,3,0,4,1
p03326,s004838112,python,259,0,0,0,0,0,0,0,3,3,0,0,4
p03326,s005904504,python,888,0,0,0,0,0,0,0,1,1,0,5,5
p03326,s006353586,python,685,0,0,0,0,0,0,0,1,1,0,0,40
p03326,s007343211,python,563,0,0,0,0,0,0,0,5,4,0,0,1
p03326,s007527048,python,397,0,0,0,0,0,0,0,2,2,0,0,1
p03326,s010672426,python,539,0,0,0,0,0,1,0,6,4,0,0,4
p03326,s012413867,python,384,0,0,0,0,0,0,0,4,4,0,0,7
p03326,s012438644,python,420,0,0,0,0,0,0,0,2,1,0,0,16
p03326,s013327814,python,407,0,0,0,0,0,0,0,1,1,0,0,5
p03326,s013463680,python,413,0,0,0,0,0,0,0,5,4,0,0,1
p03326,s015542160,python,327,0,0,0,0,0,0,0,1,1,0,0,1
p03326,s015670758,python,342,0,0,0,0,0,0,0,4,4,0,0,1
p03326,s015713810,python,1533,0,0,0,0,0,1,0,4,3,0,1,4
p03326,s016559588,python,507,0,0,0,0,0,1,0,5,3,0,0,10
p03326,s016707850,python,1563,0,0,0,0,0,1,0,3,1,0,0,56
p03326,s019071967,python,399,0,0,0,0,0,0,0,3,2,0,0,5
p03326,s019753548,python,495,0,0,0,0,0,1,0,5,4,0,0,4
p03326,s020536585,python,570,0,0,0,0,0,0,0,3,2,0,0,11
p03326,s020824031,python,382,0,0,0,0,0,0,0,3,2,0,0,1
p03326,s020876487,python,839,0,0,0,0,0,1,0,4,3,0,1,7
p03326,s021783219,python,670,0,0,0,0,0,1,0,6,4,0,0,4
p03326,s022471351,python,474,0,0,0,0,0,0,0,4,3,0,0,4
p03326,s022913537,python,482,0,0,0,0,0,1,0,3,2,0,0,11
p03326,s023483902,python,1285,0,0,0,0,0,0,0,1,1,0,5,32
p03330,s000026277,cpp,1775,0,0,0,0,0,0,0,8,4,1,2,20
p03330,s000673884,cpp,1402,0,0,0,0,0,0,0,0,0,0,11,16
p03330,s000863820,cpp,1018,0,0,0,0,0,0,0,8,4,0,1,16
p03330,s001595023,cpp,2155,0,0,0,0,0,0,0,3,3,0,3,12
p03330,s002656240,cpp,1511,0,0,0,0,0,0,0,10,4,0,3,22
p03330,s002733091,cpp,3584,0,0,0,0,0,0,0,1,1,0,10,29
p03330,s002868440,cpp,1581,0,1,0,0,0,0,0,1,1,1,10,16
p03330,s002983764,cpp,1042,0,0,0,0,0,0,0,9,5,0,1,7
p03330,s003424017,cpp,987,0,0,0,0,0,0,0,8,3,0,1,16
p03330,s003555723,cpp,1177,0,0,0,0,0,0,0,8,4,0,1,14
p03330,s003836846,cpp,1591,0,0,0,0,0,0,0,10,3,0,1,16
p03330,s003894238,cpp,1421,0,0,0,0,0,0,0,10,3,0,1,16
p03330,s004219244,cpp,642,0,0,0,0,0,0,0,8,3,0,1,12
p03330,s004460898,cpp,1354,0,0,0,0,0,0,0,10,4,0,1,22
p03330,s005259525,cpp,840,0,0,0,0,0,0,0,12,4,0,1,22
p03330,s005285278,cpp,1000,0,0,0,0,0,0,0,0,0,1,3,24
p03330,s005656106,cpp,1866,0,0,0,0,0,0,0,9,4,1,3,20
p03330,s005880029,cpp,1584,0,0,0,0,0,0,0,0,0,0,1,18
p03330,s007148839,cpp,1012,0,0,0,0,0,0,0,10,3,0,1,22
p03330,s007311836,cpp,1079,0,0,0,0,0,0,0,0,0,0,2,8
p03330,s007459163,cpp,2369,0,0,0,0,0,0,0,14,3,0,1,20
p03330,s009010873,cpp,953,0,0,0,0,0,0,0,8,4,0,1,16
p03330,s009158300,cpp,776,0,0,0,0,0,0,0,7,3,0,1,18
p03330,s009229727,cpp,1513,0,0,0,0,0,0,0,10,3,0,1,0
p03330,s009462692,cpp,761,0,0,0,0,0,0,0,10,4,0,1,20
p03330,s009820308,cpp,1046,0,0,0,0,0,0,0,10,3,0,1,18
p03330,s010299339,cpp,12326,0,0,0,0,0,0,0,9,3,1,87,13
p03330,s010641928,cpp,1085,0,0,0,0,0,0,0,10,3,0,1,16
p03330,s011330442,cpp,1127,0,0,0,0,0,0,0,10,3,0,1,20
p03330,s013200024,cpp,1133,0,0,0,0,0,0,0,11,4,0,1,30
p03330,s000628656,python,531,0,0,0,0,0,0,0,5,3,0,0,4
p03330,s000755781,python,1592,0,0,0,0,0,0,0,8,4,0,0,13
p03330,s001098646,python,554,0,0,0,0,0,0,0,4,3,0,0,12
p03330,s002492551,python,887,0,0,0,0,0,0,0,7,3,0,0,4
p03330,s002653180,python,551,0,0,0,0,0,0,0,7,3,0,0,10
p03330,s007754006,python,794,0,0,0,0,0,0,0,3,2,0,0,15
p03330,s009221550,python,514,0,0,0,0,0,0,0,4,3,0,0,12
p03330,s011427888,python,673,0,0,0,0,0,0,0,7,4,0,0,14
p03330,s012053243,python,603,0,0,0,0,0,1,0,8,3,0,0,25
p03330,s013159231,python,828,0,0,0,0,0,1,0,10,3,0,0,47
p03330,s013648030,python,706,0,0,0,0,0,0,0,9,4,0,0,15
p03330,s016426773,python,1196,0,0,0,0,0,0,0,9,3,0,0,39
p03330,s017817930,python,468,0,0,0,0,0,0,0,5,3,0,0,9
p03330,s018312069,python,670,0,0,0,0,0,0,0,6,3,0,0,16
p03330,s020803380,python,756,0,0,0,0,0,0,0,7,3,0,0,9
p03330,s021931335,python,726,0,0,0,0,0,1,0,6,3,0,0,30
p03330,s023197927,python,696,0,0,0,0,0,0,0,7,3,0,0,8
p03330,s024292842,python,426,0,0,0,0,0,0,0,1,1,0,0,7
p03330,s025849155,python,996,0,0,0,0,0,1,0,7,3,0,0,15
p03330,s028830255,python,859,0,0,0,0,0,0,0,5,3,0,1,7
p03330,s029814515,python,858,0,0,0,0,0,0,0,8,3,0,2,11
p03330,s029860930,python,885,0,0,0,0,0,0,0,6,2,0,0,24
p03330,s030610972,python,434,0,0,0,0,0,0,0,5,3,0,0,8
p03330,s033786226,python,855,0,0,0,0,0,0,0,8,4,0,0,18
p03330,s036016434,python,740,0,0,0,0,0,0,0,5,3,0,0,12
p03330,s037015498,python,564,0,0,0,0,0,0,0,8,3,0,0,11
p03330,s037196237,python,3099,0,0,0,0,0,0,0,10,4,1,18,18
p03330,s037627193,python,743,0,0,0,0,0,0,0,7,4,0,0,18
p03330,s042642688,python,796,0,0,0,0,0,0,0,6,3,0,0,7
p03330,s043257737,python,881,0,0,0,0,0,0,0,7,3,0,2,10
p03366,s002782025,cpp,468,0,0,0,0,1,0,0,2,1,0,1,16
p03366,s012713079,cpp,564,0,1,0,0,1,0,0,2,1,1,2,14
p03366,s013914514,cpp,886,0,0,0,0,1,0,0,1,1,0,1,16
p03366,s014532839,cpp,1413,0,0,0,0,1,0,0,7,1,0,4,21
p03366,s017145845,cpp,576,0,0,0,0,1,0,0,2,1,0,1,16
p03366,s017315846,cpp,1020,0,0,0,0,0,0,0,4,2,0,1,2
p03366,s019439193,cpp,977,0,0,0,0,1,0,0,4,2,0,1,18
p03366,s020229025,cpp,1773,0,0,0,0,0,0,0,0,0,1,3,28
p03366,s020476443,cpp,797,0,1,0,0,1,0,0,2,1,1,3,24
p03366,s022534915,cpp,628,0,0,0,0,1,0,0,4,2,0,1,20
p03366,s029147689,cpp,1147,0,1,0,0,1,0,0,4,2,1,3,28
p03366,s030524261,cpp,806,0,1,0,0,1,0,0,3,1,1,3,18
p03366,s031388182,cpp,836,0,0,0,0,1,0,0,2,1,0,1,14
p03366,s033500339,cpp,572,0,1,0,0,1,0,0,1,1,1,2,18
p03366,s034910008,cpp,1022,0,0,0,0,1,1,0,4,1,0,3,23
p03366,s037262382,cpp,1006,0,1,0,0,1,0,0,3,1,1,5,18
p03366,s038611254,cpp,844,0,1,0,0,1,0,0,3,1,1,4,18
p03366,s044863341,cpp,5797,0,0,0,0,0,0,0,12,2,1,16,21
p03366,s046509146,cpp,681,0,0,0,0,1,0,0,2,1,0,1,14
p03366,s047870780,cpp,1225,0,0,0,0,1,0,0,4,1,0,2,15
p03366,s048657611,cpp,852,0,1,0,0,1,0,0,3,1,1,3,28
p03366,s050479469,cpp,621,0,0,0,0,1,0,0,2,1,0,1,17
p03366,s055353660,cpp,460,0,0,0,0,1,0,0,2,1,0,1,15
p03366,s057587434,cpp,586,0,0,0,0,1,0,0,2,1,0,2,18
p03366,s058303542,cpp,903,0,1,0,0,1,0,0,1,1,1,2,16
p03366,s058770992,cpp,1045,0,1,0,0,1,0,0,1,1,1,3,14
p03366,s061333187,cpp,1360,0,1,0,0,1,0,0,5,1,1,4,18
p03366,s061886013,cpp,633,0,0,0,0,1,0,0,4,2,0,1,23
p03366,s062504136,cpp,981,0,0,0,0,0,0,0,1,1,1,2,20
p03366,s065833038,cpp,1569,0,0,0,0,1,0,0,2,1,0,6,14
p03366,s113569078,python,2191,0,0,0,0,0,0,0,2,1,0,14,29
p03366,s184229194,python,1435,0,0,0,0,0,0,0,3,1,0,8,15
p03366,s237526534,python,1659,0,0,0,0,0,0,0,3,1,0,8,23
p03366,s705441835,python,1071,1,0,1,0,0,0,0,1,1,0,0,15
p03366,s726108191,python,1394,0,0,0,0,1,1,0,2,1,0,9,21
p03366,s964392884,python,723,0,0,0,0,0,0,0,2,1,0,1,4
p03373,s000211143,cpp,351,0,0,0,0,0,0,0,1,1,0,1,0
p03373,s000947318,cpp,321,0,0,0,0,0,0,0,0,0,0,1,0
p03373,s001516150,cpp,463,0,0,0,0,0,0,0,3,1,0,2,0
p03373,s001624889,cpp,4664,0,0,0,0,0,0,0,8,1,0,47,3
p03373,s001991850,cpp,316,0,0,0,0,0,0,0,0,0,0,1,0
p03373,s002848991,cpp,892,0,0,0,0,0,0,0,0,0,0,1,0
p03373,s003030838,cpp,425,0,0,0,0,0,0,0,0,0,0,2,0
p03373,s003305000,cpp,430,0,0,0,0,0,0,0,0,0,0,1,0
p03373,s003397677,cpp,1471,0,0,0,0,0,0,0,2,1,0,2,0
p03373,s003541380,cpp,304,0,0,0,0,0,0,0,1,1,0,1,0
p03373,s004696023,cpp,1101,0,0,0,0,0,0,0,1,1,0,3,0
p03373,s005354750,cpp,1207,0,0,0,0,0,0,0,0,0,0,1,0
p03373,s005837508,cpp,698,0,0,0,0,0,0,0,0,0,0,1,0
p03373,s006203506,cpp,981,0,0,0,0,0,0,0,0,0,0,1,0
p03373,s007031926,cpp,458,0,0,0,0,0,0,0,0,0,0,1,0
p03373,s007418759,cpp,668,0,0,0,0,0,0,0,1,1,0,6,0
p03373,s008206909,cpp,318,0,0,0,0,0,0,0,0,0,0,1,0
p03373,s008981448,cpp,288,0,0,0,0,0,0,0,0,0,0,1,0
p03373,s009267692,cpp,1396,0,0,0,0,0,0,0,0,0,1,3,0
p03373,s009441473,cpp,381,0,0,0,0,0,0,0,1,1,0,1,0
p03373,s009454588,cpp,762,0,0,0,0,0,0,0,0,0,0,1,0
p03373,s009950004,cpp,367,0,0,0,0,0,0,0,1,1,0,2,0
p03373,s010070881,cpp,571,0,0,0,0,0,0,0,1,1,0,1,0
p03373,s010231926,cpp,845,0,0,0,0,0,0,0,1,1,0,3,0
p03373,s010475293,cpp,445,0,0,0,0,0,0,0,0,0,0,1,0
p03373,s010475665,cpp,3757,0,0,0,0,0,0,0,2,1,1,9,1
p03373,s010581883,cpp,727,0,0,0,0,0,0,0,0,0,0,1,0
p03373,s011270115,cpp,301,0,0,0,0,0,0,0,0,0,0,1,0
p03373,s012064581,cpp,742,0,0,0,0,0,0,0,0,0,0,1,0
p03373,s012610606,cpp,317,0,0,0,0,0,0,0,0,0,0,1,0
p03373,s002399237,python,196,0,0,0,0,0,0,0,0,0,0,0,0
p03373,s002680548,python,365,0,0,0,0,0,0,0,1,1,0,0,0
p03373,s003882970,python,148,0,0,0,0,0,0,0,0,0,0,0,0
p03373,s005325575,python,840,0,0,0,0,0,0,0,0,0,0,0,5
p03373,s005581018,python,212,0,0,0,0,0,0,0,1,1,0,0,0
p03373,s006489271,python,394,0,0,0,0,0,0,0,0,0,0,0,0
p03373,s011911200,python,279,0,0,0,0,0,0,0,1,1,0,0,0
p03373,s012253154,python,332,0,0,0,0,0,0,0,0,0,0,0,0
p03373,s012489977,python,251,0,0,0,0,0,0,0,0,0,0,0,0
p03373,s014197271,python,287,0,0,0,0,0,0,0,0,0,0,0,0
p03373,s014217688,python,172,0,0,0,0,0,0,0,0,0,0,0,0
p03373,s021120539,python,321,0,0,0,0,0,0,0,0,0,0,0,0
p03373,s023579132,python,539,0,0,0,0,0,0,0,1,1,0,0,0
p03373,s023813808,python,359,0,0,0,0,0,0,0,0,0,0,0,0
p03373,s025448031,python,908,0,0,0,0,0,0,0,1,1,0,0,27
p03373,s026696041,python,205,0,0,0,0,0,0,0,1,1,0,0,0
p03373,s029020602,python,143,0,0,0,0,0,0,0,0,0,0,0,0
p03373,s035009436,python,159,0,0,0,0,0,0,0,0,0,0,1,0
p03373,s039701813,python,149,0,0,0,0,0,0,0,1,1,0,0,0
p03373,s039901302,python,127,0,0,0,0,0,0,0,0,0,0,0,0
p03373,s040147247,python,299,0,0,0,0,0,0,0,1,1,0,1,0
p03373,s040355396,python,220,0,0,0,0,0,0,0,1,1,0,0,0
p03373,s042796337,python,323,0,0,0,0,0,0,0,0,0,0,0,0
p03373,s043369873,python,291,0,0,0,0,0,0,0,0,0,0,0,0
p03373,s046029305,python,295,0,0,0,0,0,0,0,1,1,0,0,0
p03373,s047837268,python,165,0,0,0,0,0,0,0,0,0,0,0,0
p03373,s048190783,python,159,0,0,0,0,0,0,0,0,0,0,0,0
p03373,s048316927,python,154,0,0,0,0,0,0,0,0,0,0,0,0
p03373,s048875682,python,272,0,0,0,0,0,0,0,0,0,0,0,0
p03373,s052361378,python,224,0,0,0,0,0,0,0,0,0,0,0,0
p03380,s000661152,cpp,837,0,0,0,0,0,0,0,2,1,0,1,9
p03380,s000716983,cpp,518,0,0,0,0,0,0,0,1,1,0,1,3
p03380,s001675964,cpp,869,0,0,0,0,0,1,0,2,1,0,1,6
p03380,s001927459,cpp,1024,0,0,0,0,0,0,0,3,1,1,5,7
p03380,s002871516,cpp,652,0,0,0,0,0,1,0,2,1,0,1,5
p03380,s003073293,cpp,587,0,0,0,0,0,0,0,2,1,0,1,4
p03380,s003103912,cpp,841,0,0,0,0,0,0,0,0,0,0,1,5
p03380,s003373943,cpp,821,0,0,0,0,0,0,0,0,0,0,1,9
p03380,s004238883,cpp,1807,0,0,0,0,0,0,0,0,0,1,5,2
p03380,s004259234,cpp,513,0,0,0,0,0,1,0,3,1,0,1,10
p03380,s005621341,cpp,486,0,0,0,0,0,0,0,1,1,0,1,7
p03380,s005942887,cpp,578,0,0,0,0,0,1,0,2,1,0,1,8
p03380,s006056577,cpp,3299,0,0,0,0,0,0,0,7,1,1,13,6
p03380,s006173153,cpp,777,0,0,0,0,0,1,0,2,1,0,2,4
p03380,s007456601,cpp,575,0,0,0,0,0,1,0,2,1,0,1,7
p03380,s007980171,cpp,605,0,0,0,0,0,0,0,0,0,0,1,5
p03380,s008451337,cpp,917,0,0,0,0,0,0,0,0,0,0,1,4
p03380,s009000333,cpp,781,0,0,0,0,0,1,0,2,1,0,1,7
p03380,s009046820,cpp,665,0,0,0,0,0,0,0,0,0,0,1,5
p03380,s009258916,cpp,706,0,0,0,0,0,1,0,1,1,0,1,7
p03380,s010544262,cpp,4090,0,0,0,0,0,0,1,5,2,1,14,12
p03380,s010767505,cpp,487,0,0,0,0,0,0,0,0,0,0,1,5
p03380,s011386395,cpp,956,0,0,0,0,0,1,0,4,1,0,2,8
p03380,s012489446,cpp,635,0,0,0,0,0,0,0,2,1,0,1,5
p03380,s012622273,cpp,661,0,0,0,0,0,0,0,2,1,1,2,6
p03380,s013363903,cpp,634,0,0,0,0,0,0,0,0,0,0,1,11
p03380,s014729137,cpp,1977,0,0,0,0,0,0,0,0,0,0,2,7
p03380,s014913565,cpp,236,0,0,0,0,0,0,0,2,1,0,1,6
p03380,s015971836,cpp,443,0,0,0,0,0,1,0,2,1,0,1,5
p03380,s016785945,cpp,669,0,0,0,0,0,0,0,0,0,0,3,7
p03380,s000100661,python,265,0,0,0,0,0,1,0,1,1,0,0,7
p03380,s002550332,python,303,0,0,0,0,0,0,0,1,1,0,1,2
p03380,s004304422,python,291,0,0,0,0,0,1,0,1,1,0,1,7
p03380,s004321577,python,157,0,0,0,0,0,1,0,1,1,0,0,1
p03380,s004672505,python,291,0,0,0,0,0,0,0,1,1,0,0,10
p03380,s005104629,python,278,0,0,0,0,0,0,0,0,0,0,0,2
p03380,s005185386,python,152,0,0,0,0,0,0,0,0,0,0,0,4
p03380,s005755161,python,327,0,0,0,0,0,1,0,1,1,0,0,10
p03380,s007241440,python,243,0,0,0,0,0,1,0,1,1,0,0,6
p03380,s007312518,python,234,0,0,0,0,0,1,0,1,1,0,0,4
p03380,s007690855,python,217,0,0,0,0,0,0,0,0,0,0,1,2
p03380,s008157379,python,231,0,0,0,0,0,1,0,1,1,0,0,8
p03380,s009202467,python,640,0,0,0,0,0,0,0,1,1,1,1,10
p03380,s010831073,python,234,0,0,0,0,0,0,0,1,1,0,0,0
p03380,s010985344,python,420,0,0,0,0,0,1,0,2,1,0,0,2
p03380,s011108509,python,640,0,0,0,0,0,0,0,0,0,0,2,10
p03380,s013595050,python,6374,1,0,1,1,1,0,0,9,2,1,18,25
p03380,s013836795,python,370,0,0,0,0,0,1,0,1,1,0,0,3
p03380,s016551881,python,269,0,0,0,0,0,0,0,1,1,0,0,4
p03380,s017238175,python,360,0,0,0,0,0,0,0,1,1,0,1,0
p03380,s019107769,python,173,0,0,0,0,0,1,0,1,1,0,0,0
p03380,s019338215,python,361,0,0,0,0,0,1,0,1,1,0,1,5
p03380,s019877445,python,240,0,0,0,0,0,0,0,1,1,0,0,1
p03380,s020209460,python,197,0,0,0,0,0,0,0,0,0,0,0,1
p03380,s020632158,python,227,0,0,0,0,0,1,0,1,1,0,0,1
p03380,s021396637,python,353,0,0,0,0,0,0,0,0,0,0,0,7
p03380,s021471319,python,186,0,0,0,0,0,0,0,1,1,0,0,1
p03380,s021818135,python,235,0,0,0,0,0,0,0,1,1,0,0,0
p03380,s022443255,python,240,0,0,0,0,0,1,0,1,1,0,0,4
p03380,s023420521,python,196,0,0,0,0,0,0,0,1,1,0,0,2
p03407,s000110983,cpp,221,0,0,0,0,0,0,0,0,0,0,1,0
p03407,s000497472,cpp,412,0,0,0,0,0,0,0,0,0,0,1,0
p03407,s000939680,cpp,131,0,0,0,0,0,0,0,0,0,0,1,0
p03407,s001133843,cpp,263,0,0,0,0,0,0,0,0,0,0,1,0
p03407,s001574391,cpp,192,0,0,0,0,0,0,0,0,0,0,1,0
p03407,s001772422,cpp,287,0,0,0,0,0,0,0,0,0,0,1,0
p03407,s001811922,cpp,167,0,0,0,0,0,0,0,0,0,0,1,0
p03407,s001918050,cpp,191,0,0,0,0,0,0,0,0,0,0,1,0
p03407,s001950743,cpp,1121,0,0,0,0,0,0,0,0,0,0,1,0
p03407,s002028132,cpp,215,0,0,0,0,0,0,0,0,0,0,1,0
p03407,s002044479,cpp,175,0,0,0,0,0,0,0,0,0,0,1,0
p03407,s002176352,cpp,150,0,0,0,0,0,0,0,0,0,0,1,0
p03407,s002197803,cpp,224,0,0,0,0,0,0,0,0,0,0,1,0
p03407,s002399874,cpp,154,0,0,0,0,0,0,0,0,0,0,1,0
p03407,s002514129,cpp,175,0,0,0,0,0,0,0,0,0,0,1,0
p03407,s002743458,cpp,584,0,0,0,0,0,0,0,0,0,0,1,0
p03407,s003120001,cpp,147,0,0,0,0,0,0,0,0,0,0,1,0
p03407,s003286013,cpp,253,0,0,0,0,0,0,0,0,0,0,1,0
p03407,s003397792,cpp,203,0,0,0,0,0,0,0,0,0,0,1,0
p03407,s003662617,cpp,167,0,0,0,0,0,0,0,0,0,0,1,0
p03407,s003765074,cpp,158,0,0,0,0,0,0,0,0,0,0,1,0
p03407,s004018741,cpp,220,0,0,0,0,0,0,0,0,0,0,1,0
p03407,s004074187,cpp,155,0,0,0,0,0,0,0,0,0,0,1,0
p03407,s004627563,cpp,145,0,0,0,0,0,0,0,0,0,0,1,0
p03407,s004780283,cpp,202,0,0,0,0,0,0,0,0,0,0,1,0
p03407,s004876298,cpp,174,0,0,0,0,0,0,0,0,0,0,1,0
p03407,s004935100,cpp,536,0,0,0,0,0,0,0,0,0,0,1,0
p03407,s005012279,cpp,155,0,0,0,0,0,0,0,0,0,0,1,0
p03407,s005131355,cpp,165,0,0,0,0,0,0,0,0,0,0,1,0
p03407,s005610807,cpp,146,0,0,0,0,0,0,0,0,0,0,1,0
p03407,s000129149,python,103,0,0,0,0,0,0,0,0,0,0,0,3
p03407,s000354852,python,68,0,0,0,0,0,0,0,0,0,0,0,0
p03407,s000554071,python,60,0,0,0,0,0,0,0,0,0,0,0,1
p03407,s001005143,python,85,0,0,0,0,0,0,0,0,0,0,0,0
p03407,s001172500,python,90,0,0,0,0,0,0,0,0,0,0,0,0
p03407,s001449314,python,84,0,0,0,0,0,0,0,0,0,0,0,0
p03407,s001638063,python,88,0,0,0,0,0,0,0,0,0,0,0,0
p03407,s002682335,python,108,0,0,0,0,0,0,0,0,0,0,0,3
p03407,s004575831,python,66,0,0,0,0,0,0,0,0,0,0,0,0
p03407,s005397264,python,87,0,0,0,0,0,0,0,0,0,0,0,0
p03407,s005844980,python,122,0,0,0,0,0,0,0,0,0,0,0,0
p03407,s005978084,python,80,0,0,0,0,0,0,0,0,0,0,0,0
p03407,s006316623,python,73,0,0,0,0,0,0,0,0,0,0,0,0
p03407,s006643458,python,90,0,0,0,0,0,0,0,0,0,0,0,0
p03407,s006957883,python,72,0,0,0,0,0,0,0,0,0,0,0,0
p03407,s007873151,python,67,0,0,0,0,0,0,0,0,0,0,0,0
p03407,s008602179,python,114,0,0,0,0,0,0,0,0,0,0,0,3
p03407,s009204624,python,80,0,0,0,0,0,0,0,0,0,0,0,0
p03407,s009616283,python,207,0,0,0,0,0,0,0,0,0,0,1,0
p03407,s010226605,python,77,0,0,0,0,0,0,0,0,0,0,0,0
p03407,s010233295,python,86,0,0,0,0,0,0,0,0,0,0,0,0
p03407,s010365042,python,63,0,0,0,0,0,0,0,0,0,0,0,0
p03407,s010684776,python,79,0,0,0,0,0,0,0,0,0,0,0,0
p03407,s011135696,python,90,0,0,0,0,0,0,0,0,0,0,0,0
p03407,s011584542,python,88,0,0,0,0,0,0,0,0,0,0,0,0
p03407,s011674978,python,82,0,0,0,0,0,0,0,0,0,0,0,0
p03407,s012252381,python,240,0,0,0,0,0,0,0,0,0,0,0,0
p03407,s012268775,python,81,0,0,0,0,0,0,0,0,0,0,0,0
p03407,s012588139,python,91,0,0,0,0,0,0,0,0,0,0,0,0
p03407,s013096593,python,90,0,0,0,0,0,0,0,0,0,0,0,0
p03449,s000068729,cpp,395,0,0,0,0,0,0,0,5,2,0,1,8
p03449,s000703973,cpp,463,0,0,0,0,1,0,0,4,2,0,1,18
p03449,s000787250,cpp,645,0,0,0,0,0,0,0,2,1,0,2,4
p03449,s000950193,cpp,4128,0,0,0,0,0,0,0,11,1,1,26,6
p03449,s001388442,cpp,1067,0,0,0,0,1,0,0,0,0,0,1,14
p03449,s001555619,cpp,414,0,0,0,0,0,0,0,5,2,0,1,6
p03449,s002109707,cpp,435,0,0,0,0,0,0,0,5,2,0,1,6
p03449,s002409237,cpp,496,0,0,0,0,0,0,0,4,2,0,1,4
p03449,s002590996,cpp,505,0,0,0,0,0,0,0,5,2,0,1,10
p03449,s002641103,cpp,541,0,0,0,0,0,0,0,3,1,0,1,8
p03449,s003081994,cpp,1106,0,0,0,0,0,0,0,0,0,1,6,7
p03449,s003228874,cpp,561,0,0,0,0,0,0,0,5,2,0,1,0
p03449,s003357870,cpp,295,0,0,0,0,1,0,0,3,2,0,1,10
p03449,s003371381,cpp,1400,0,1,0,0,1,0,0,0,0,1,7,32
p03449,s003600359,cpp,609,0,0,0,0,1,0,0,6,2,0,1,12
p03449,s003735522,cpp,524,0,0,0,0,1,0,0,3,1,0,1,10
p03449,s004124635,cpp,447,0,0,0,0,1,0,0,4,2,0,1,14
p03449,s004262656,cpp,550,0,0,0,0,1,0,0,6,2,0,1,18
p03449,s004828693,cpp,768,0,0,0,0,1,0,0,3,1,0,1,13
p03449,s004906275,cpp,2284,0,0,0,0,1,0,0,2,1,1,9,34
p03449,s004989548,cpp,1886,0,0,0,0,0,0,0,3,2,1,10,8
p03449,s005075909,cpp,720,0,0,0,0,1,0,0,4,2,0,1,18
p03449,s005105798,cpp,770,0,0,0,0,0,0,0,5,2,0,1,2
p03449,s005475321,cpp,618,0,0,0,0,0,0,0,4,2,0,1,10
p03449,s005703589,cpp,760,0,0,0,0,0,0,0,4,2,0,1,4
p03449,s006522122,cpp,698,0,0,0,0,0,0,0,5,2,0,2,17
p03449,s006565384,cpp,693,0,0,0,0,0,0,0,4,2,0,1,17
p03449,s007063268,cpp,723,0,0,0,0,1,0,0,2,1,0,2,20
p03449,s007133339,cpp,428,0,0,0,0,0,0,0,3,1,0,1,5
p03449,s007508642,cpp,653,0,0,0,0,0,0,0,4,2,0,1,0
p03449,s001942820,python,376,0,0,0,0,1,0,0,2,1,0,0,16
p03449,s002417604,python,269,0,0,0,0,0,0,0,3,2,0,0,2
p03449,s002631081,python,273,0,0,0,0,0,0,0,2,1,0,0,4
p03449,s003713709,python,174,0,0,0,0,0,0,0,1,1,0,0,2
p03449,s004519398,python,135,0,0,0,0,0,0,0,0,0,0,0,2
p03449,s004541342,python,239,0,0,0,0,0,0,0,3,2,0,0,4
p03449,s005469938,python,306,0,0,0,0,0,0,0,2,1,0,0,9
p03449,s005794964,python,157,0,0,0,0,0,0,0,1,1,0,0,2
p03449,s005809078,python,482,0,0,0,0,1,0,0,2,2,0,1,18
p03449,s005888827,python,175,0,0,0,0,0,0,0,0,0,0,0,8
p03449,s005938041,python,342,0,0,0,0,0,0,0,1,1,0,0,2
p03449,s006467887,python,228,0,0,0,0,0,0,0,1,1,0,0,2
p03449,s006917843,python,294,0,0,0,0,0,0,0,2,1,0,1,4
p03449,s007624962,python,153,0,0,0,0,0,0,0,0,0,0,0,2
p03449,s009039741,python,274,0,0,0,0,0,0,0,2,1,0,0,10
p03449,s009434818,python,134,0,0,0,0,0,0,0,0,0,0,0,2
p03449,s010034102,python,166,0,0,0,0,0,0,0,1,1,0,0,2
p03449,s011688570,python,351,0,0,0,0,0,0,0,1,1,0,1,4
p03449,s011832615,python,391,0,0,0,0,1,0,0,2,1,0,0,26
p03449,s011940116,python,188,0,0,0,0,0,0,0,1,1,0,0,2
p03449,s012283602,python,359,0,0,0,0,0,0,0,4,2,0,0,8
p03449,s012458763,python,293,0,0,0,0,0,0,0,2,1,0,0,4
p03449,s012991599,python,189,0,0,0,0,1,0,0,1,1,0,0,6
p03449,s013211384,python,259,0,0,0,0,0,0,0,1,1,0,0,3
p03449,s013706784,python,195,0,0,0,0,0,0,0,1,1,0,0,2
p03449,s013735758,python,301,0,0,0,0,0,0,0,2,1,0,0,8
p03449,s014259778,python,228,0,0,0,0,0,0,0,0,0,0,0,2
p03449,s015416972,python,506,0,0,0,0,1,0,0,3,1,0,1,17
p03449,s017059335,python,307,0,0,0,0,0,0,0,2,1,0,0,8
p03449,s018192777,python,176,0,0,0,0,0,0,0,1,1,0,0,2
p03478,s000024550,cpp,1646,0,0,0,0,0,0,0,0,0,1,6,0
p03478,s000430636,cpp,868,0,0,0,0,0,0,0,0,0,0,3,0
p03478,s000444149,cpp,1285,0,0,0,0,0,0,0,1,1,0,2,0
p03478,s000470255,cpp,438,0,0,0,0,0,0,0,0,0,0,1,0
p03478,s000490301,cpp,381,0,0,0,0,0,0,0,1,1,0,2,0
p03478,s000760767,cpp,1228,0,0,0,0,0,0,0,0,0,0,3,1
p03478,s000806809,cpp,662,0,0,0,0,0,0,0,2,2,0,1,0
p03478,s001149486,cpp,346,0,0,0,0,0,0,0,2,1,0,2,1
p03478,s001231328,cpp,382,0,0,0,0,0,0,0,2,2,0,1,0
p03478,s001489472,cpp,4842,0,0,0,0,0,0,0,3,2,1,13,2
p03478,s001673048,cpp,627,0,0,0,0,0,0,0,1,1,0,2,0
p03478,s001699877,cpp,368,0,0,0,0,0,0,0,2,2,0,1,0
p03478,s001778680,cpp,465,0,0,0,0,0,0,0,2,2,0,1,1
p03478,s001848522,cpp,402,0,0,0,0,0,0,0,2,1,0,2,0
p03478,s001849364,cpp,704,0,0,0,0,0,0,0,2,2,0,1,0
p03478,s001895699,cpp,541,0,0,0,0,0,0,0,2,1,0,2,0
p03478,s002058229,cpp,396,0,0,0,0,0,0,0,2,2,0,1,0
p03478,s002540791,cpp,299,0,0,0,0,0,0,0,2,1,0,2,0
p03478,s002735772,cpp,1353,0,0,0,0,0,0,0,1,1,0,1,0
p03478,s003452212,cpp,732,0,0,0,0,0,0,0,2,2,0,1,1
p03478,s003565781,cpp,454,0,0,0,0,0,0,0,2,1,0,2,0
p03478,s003665050,cpp,6444,0,0,0,0,0,0,0,9,1,1,37,6
p03478,s003927405,cpp,2686,0,0,0,1,1,0,0,7,2,0,10,16
p03478,s003993585,cpp,328,0,0,0,0,0,0,0,0,0,0,2,0
p03478,s004084506,cpp,889,0,0,0,0,0,0,0,1,1,0,1,0
p03478,s004338399,cpp,246,0,0,0,0,0,0,0,1,1,0,1,0
p03478,s004774044,cpp,660,0,0,0,0,0,0,0,2,2,0,1,0
p03478,s004911926,cpp,500,0,0,0,0,0,0,0,2,2,0,1,2
p03478,s005166654,cpp,395,0,0,0,0,0,0,0,2,2,0,1,0
p03478,s005265979,cpp,442,0,0,0,0,0,0,0,3,2,0,2,0
p03478,s000010940,python,154,0,0,0,0,0,0,0,1,1,0,0,0
p03478,s000085702,python,101,0,0,0,0,0,0,0,0,0,0,0,0
p03478,s000341608,python,201,0,0,0,0,0,0,0,2,1,0,1,0
p03478,s000357052,python,197,0,0,0,0,0,0,0,1,1,0,1,0
p03478,s000551120,python,144,0,0,0,0,0,0,0,1,1,0,0,0
p03478,s000967434,python,177,0,0,0,0,0,0,0,1,1,0,0,0
p03478,s001544223,python,158,0,0,0,0,0,0,0,1,1,0,0,0
p03478,s001778683,python,307,0,0,0,0,0,0,0,2,1,0,1,0
p03478,s002013711,python,144,0,0,0,0,0,0,0,1,1,0,0,0
p03478,s002091566,python,202,0,0,0,0,0,0,0,2,2,0,0,0
p03478,s002391470,python,172,0,0,0,0,0,0,0,1,1,0,0,0
p03478,s002404676,python,142,0,0,0,0,0,0,0,1,1,0,0,0
p03478,s002497989,python,187,0,0,0,0,0,0,0,1,1,0,0,0
p03478,s003206156,python,161,0,0,0,0,0,0,0,1,1,0,0,0
p03478,s003536272,python,239,0,0,0,0,0,0,0,2,2,0,0,1
p03478,s003665047,python,185,0,0,0,0,0,0,0,2,2,0,0,1
p03478,s003805913,python,175,0,0,0,0,0,0,0,2,2,0,0,0
p03478,s004091038,python,236,0,0,0,0,0,0,0,2,2,0,0,1
p03478,s004183910,python,164,0,0,0,0,0,0,0,2,2,0,0,1
p03478,s004214274,python,352,0,0,0,0,0,0,0,2,2,0,2,0
p03478,s004655361,python,154,0,0,0,0,0,0,0,1,1,0,0,0
p03478,s004803841,python,158,0,0,0,0,0,0,0,1,1,0,0,0
p03478,s004988816,python,196,0,0,0,0,0,0,0,2,2,0,0,0
p03478,s006529381,python,202,0,0,0,0,0,0,0,1,1,0,0,0
p03478,s006862067,python,131,0,0,0,0,0,0,0,0,0,0,1,0
p03478,s007429908,python,329,0,0,0,0,0,0,0,2,1,0,1,0
p03478,s007711955,python,251,0,0,0,0,0,0,0,2,2,0,0,0
p03478,s007782956,python,185,0,0,0,0,0,0,0,2,2,0,0,0
p03478,s007999079,python,321,0,0,0,0,0,0,0,2,1,0,1,3
p03478,s008442186,python,2923,0,0,0,0,1,0,0,16,2,0,24,18
p03484,s002791945,cpp,1376,0,1,0,1,0,0,0,5,1,1,3,10
p03484,s005589784,cpp,10720,1,1,0,1,1,0,0,30,2,1,40,157
p03484,s012847276,cpp,1840,0,1,0,1,0,0,0,6,1,1,3,14
p03484,s025549713,cpp,1987,0,1,0,0,0,0,0,7,1,1,4,15
p03484,s026390259,cpp,1079,0,0,0,1,0,0,0,6,1,1,3,5
p03484,s028742928,cpp,1934,0,0,0,0,0,0,0,9,2,1,4,15
p03484,s040535523,cpp,1505,0,1,0,0,0,0,0,8,2,1,2,14
p03484,s041486027,cpp,1799,0,0,0,1,0,0,0,5,1,1,6,7
p03484,s062088570,cpp,1982,0,1,0,1,1,0,0,1,1,1,5,17
p03484,s065896283,cpp,1538,0,0,0,0,0,0,0,6,1,1,5,8
p03484,s069673265,cpp,1490,0,1,0,1,0,0,0,5,1,1,2,18
p03484,s074447607,cpp,1623,0,1,0,1,1,0,0,7,1,1,8,22
p03484,s087588906,cpp,3281,0,0,0,0,0,0,0,6,2,0,2,11
p03484,s090626760,cpp,1632,0,1,0,1,0,0,0,8,1,1,3,18
p03484,s092186837,cpp,1190,0,1,0,1,0,0,0,8,1,1,5,10
p03484,s100397409,cpp,1994,0,1,0,0,0,0,0,6,1,1,4,10
p03484,s108382331,cpp,1783,0,0,0,1,0,0,0,8,2,1,5,20
p03484,s109053026,cpp,1717,0,0,0,1,0,0,0,6,2,1,2,8
p03484,s112986056,cpp,1420,0,0,0,1,0,0,0,7,1,1,4,9
p03484,s114927911,cpp,2234,0,1,0,1,0,0,0,10,1,1,8,31
p03484,s114959781,cpp,2079,0,0,0,1,0,0,0,5,1,1,3,7
p03484,s115742620,cpp,2718,0,1,0,0,0,0,0,5,2,1,3,24
p03484,s118694810,cpp,1511,0,0,0,0,0,0,0,10,2,1,3,18
p03484,s119788387,cpp,2299,0,0,0,1,0,0,0,2,1,1,5,16
p03484,s131057545,cpp,3140,0,0,0,1,0,0,0,8,2,1,4,15
p03484,s131456573,cpp,1277,0,1,0,1,0,0,0,6,2,1,4,14
p03484,s132724136,cpp,1286,0,1,0,1,0,0,0,8,1,1,2,14
p03484,s134319112,cpp,1454,0,1,0,1,0,0,0,3,1,1,4,17
p03484,s142224182,cpp,1455,0,1,0,1,0,0,0,7,1,1,4,29
p03484,s143169007,cpp,6551,0,0,0,0,0,0,0,4,1,1,6,20
p03484,s011242818,python,3216,1,0,0,1,0,1,0,13,3,0,1,28
p03484,s078209272,python,1985,1,0,1,0,1,1,0,8,2,0,2,23
p03484,s597630091,python,2043,1,0,1,0,1,1,0,8,2,0,2,23
p03491,s000975659,cpp,50100,1,0,0,0,1,0,0,13,2,1,15,27
p03491,s002150582,cpp,1425,0,0,0,0,0,0,0,2,1,0,7,28
p03491,s006935583,cpp,1679,0,1,0,0,0,0,0,2,1,1,4,10
p03491,s008817035,cpp,1619,0,1,0,0,0,0,0,1,1,1,4,23
p03491,s011090174,cpp,1081,0,0,0,0,0,0,0,3,2,0,1,8
p03491,s015154284,cpp,879,0,1,0,0,1,0,0,3,1,1,5,8
p03491,s018393758,cpp,4169,0,0,0,0,1,0,0,2,1,1,18,10
p03491,s024364297,cpp,6367,0,1,0,0,1,0,0,10,2,1,22,49
p03491,s025736199,cpp,592,0,0,0,0,0,0,0,2,1,1,4,14
p03491,s027279857,cpp,837,0,0,0,0,0,0,0,4,2,0,4,19
p03491,s027533550,cpp,1292,1,0,0,0,1,0,0,4,2,0,2,13
p03491,s030392576,cpp,996,0,0,0,0,0,0,0,3,2,0,2,11
p03491,s031736857,cpp,1472,0,0,0,0,1,0,0,1,1,0,1,19
p03491,s033306432,cpp,1178,0,0,0,0,0,0,0,5,1,1,5,11
p03491,s038375488,cpp,1168,0,1,0,0,0,0,0,2,1,1,4,10
p03491,s041771938,cpp,2097,0,0,0,0,0,0,0,3,1,1,4,17
p03491,s045092629,cpp,3822,0,0,0,0,1,0,0,3,1,1,15,10
p03491,s045877624,cpp,1247,0,0,0,0,1,0,0,3,1,1,5,13
p03491,s047577613,cpp,1936,0,1,0,0,1,0,0,3,1,1,12,21
p03491,s048063590,cpp,1085,0,0,0,0,0,0,0,4,2,0,2,11
p03491,s049345930,cpp,1040,0,0,0,0,0,0,0,6,2,1,2,19
p03491,s051551504,cpp,1152,0,0,0,0,0,0,0,3,2,0,1,14
p03491,s054868338,cpp,1303,0,0,0,0,0,0,0,6,1,0,7,11
p03491,s055060481,cpp,1985,0,0,0,0,0,0,0,6,1,1,10,23
p03491,s057029279,cpp,749,0,0,0,0,0,0,0,4,2,1,2,12
p03491,s059923132,cpp,1117,0,0,0,0,0,0,0,1,1,0,3,9
p03491,s060189458,cpp,837,0,0,0,0,0,0,0,1,1,1,3,2
p03491,s060667650,cpp,3926,0,0,0,0,0,0,0,3,1,1,16,8
p03491,s061053328,cpp,2413,0,0,0,0,0,0,0,6,1,1,9,18
p03491,s061123175,cpp,6633,1,1,0,0,1,0,1,27,3,1,18,56
p03491,s010771269,python,2964,0,0,0,0,0,0,0,4,2,0,3,12
p03491,s015857349,python,582,0,0,0,0,0,1,0,5,3,0,1,2
p03491,s148797633,python,1036,0,0,0,0,0,1,0,4,3,0,1,5
p03491,s165582638,python,1198,0,0,0,0,0,0,0,5,1,1,6,1
p03491,s189486906,python,847,0,0,0,0,0,0,0,2,2,1,4,4
p03491,s192838728,python,803,0,1,0,0,0,0,0,2,1,1,4,8
p03491,s200870988,python,968,0,0,0,0,0,0,0,5,2,0,1,15
p03491,s221379521,python,1500,0,0,0,0,0,0,0,5,1,0,5,3
p03491,s233291939,python,917,0,0,0,0,0,1,0,2,1,0,4,8
p03491,s245667426,python,2104,0,0,0,0,0,1,0,4,2,0,1,31
p03491,s300589970,python,990,0,0,0,0,0,0,0,4,2,0,5,7
p03491,s384910547,python,1198,0,0,0,0,0,0,0,5,1,1,6,1
p03491,s417671544,python,803,0,1,0,0,0,0,0,2,1,1,4,8
p03491,s435919789,python,1485,0,0,0,0,0,0,0,5,2,0,7,9
p03491,s511179107,python,855,0,0,0,0,0,0,0,4,2,0,4,7
p03491,s536109238,python,1600,0,0,0,0,0,0,0,7,2,0,1,2
p03491,s562474275,python,646,0,0,0,0,0,1,0,6,2,0,1,9
p03491,s577551519,python,591,0,0,0,0,0,0,0,4,2,0,1,4
p03491,s578726032,python,1241,0,0,0,0,0,0,0,5,1,1,6,1
p03491,s610509052,python,1042,0,0,0,0,0,0,0,5,2,0,5,8
p03491,s620182355,python,536,0,0,0,0,0,0,0,2,2,1,1,14
p03491,s695641543,python,1362,0,0,0,0,0,0,0,4,1,1,4,0
p03491,s721742467,python,855,0,1,0,0,0,0,0,5,2,1,2,8
p03491,s778538411,python,1752,1,0,1,0,0,1,0,5,2,0,1,22
p03491,s821335732,python,849,0,0,0,0,0,0,0,6,2,0,1,8
p03491,s822196991,python,1217,0,0,0,0,1,0,0,3,1,1,3,10
p03491,s862939324,python,1508,0,0,0,0,0,0,0,5,2,0,2,2
p03491,s915932952,python,577,0,0,0,0,0,1,0,3,2,0,1,8
p03496,s000169231,cpp,3032,0,0,0,0,1,0,0,1,1,0,5,27
p03496,s001293372,cpp,797,0,0,0,0,0,0,0,4,1,0,1,4
p03496,s001572585,cpp,1288,0,0,0,0,1,0,0,5,1,0,1,24
p03496,s002085770,cpp,1273,0,0,0,0,0,0,0,0,0,0,1,7
p03496,s002548132,cpp,956,0,0,0,0,0,0,0,7,1,0,1,5
p03496,s003498270,cpp,870,0,0,0,0,0,0,0,3,1,0,1,0
p03496,s005141947,cpp,615,0,0,0,0,0,0,0,1,1,0,1,4
p03496,s005993061,cpp,2064,0,0,0,0,1,0,0,7,2,0,1,21
p03496,s007935975,cpp,1553,0,0,0,0,0,0,0,9,1,0,1,1
p03496,s008269014,cpp,871,0,0,0,0,0,0,0,6,1,0,4,3
p03496,s009128781,cpp,1318,0,0,0,0,0,0,0,6,1,0,2,5
p03496,s010440628,cpp,10753,1,0,0,0,1,0,1,17,2,1,53,92
p03496,s011944384,cpp,1309,0,0,0,0,0,0,0,8,1,0,1,7
p03496,s012439513,cpp,1526,0,0,0,0,0,0,0,7,2,0,1,13
p03496,s013950678,cpp,1184,0,0,0,0,0,0,0,0,0,0,5,7
p03496,s016209364,cpp,1191,0,0,0,0,0,0,0,8,1,0,1,3
p03496,s016459777,cpp,7461,0,0,0,0,1,0,0,7,2,1,40,41
p03496,s016979504,cpp,1338,0,0,0,0,0,0,0,0,0,1,4,5
p03496,s017934188,cpp,3924,0,0,0,0,1,0,0,8,1,1,16,16
p03496,s018142115,cpp,1087,0,0,0,0,0,0,0,5,1,0,1,0
p03496,s018234878,cpp,1368,0,0,0,0,1,0,0,2,1,0,1,16
p03496,s019695188,cpp,2212,0,0,0,0,0,0,0,12,2,0,4,6
p03496,s020527680,cpp,545,0,0,0,0,0,0,0,3,1,0,1,5
p03496,s020575335,cpp,1335,0,0,0,0,1,0,0,1,1,0,4,10
p03496,s023079865,cpp,688,0,0,0,0,0,0,0,5,1,0,1,3
p03496,s023571604,cpp,760,0,0,0,0,0,0,0,4,1,0,1,13
p03496,s024245786,cpp,1237,0,0,0,0,0,0,0,2,1,0,4,5
p03496,s025306488,cpp,1511,0,0,0,0,0,0,0,8,1,0,5,11
p03496,s027856949,cpp,1063,0,0,0,0,0,0,0,4,2,0,1,5
p03496,s028825203,cpp,1506,0,0,0,0,0,0,0,0,0,0,4,1
p03496,s001461177,python,599,0,0,0,0,0,0,0,4,1,0,2,2
p03496,s005852524,python,455,0,0,0,0,0,0,0,4,1,0,1,2
p03496,s009784152,python,764,0,0,0,0,0,1,0,5,1,0,0,5
p03496,s011585897,python,1045,0,0,0,0,0,0,0,5,1,0,1,3
p03496,s011662280,python,335,0,0,0,0,0,0,0,4,1,0,0,0
p03496,s011663147,python,310,0,0,0,0,0,0,0,4,1,0,0,4
p03496,s014151612,python,807,0,0,0,0,0,0,0,7,2,0,0,13
p03496,s014250794,python,767,0,0,0,0,1,0,0,5,1,0,1,10
p03496,s014456272,python,744,0,0,0,0,0,0,0,4,1,0,0,0
p03496,s023860422,python,553,0,0,0,0,0,0,0,7,1,0,0,6
p03496,s026030265,python,562,0,0,0,0,0,0,0,3,1,0,0,0
p03496,s026923532,python,986,0,0,0,0,0,0,0,3,1,0,0,8
p03496,s036311110,python,487,0,0,0,0,0,0,0,4,1,0,1,0
p03496,s038472535,python,864,0,0,0,0,1,0,0,4,1,0,1,13
p03496,s040906579,python,2063,0,0,0,0,0,0,0,8,1,0,18,2
p03496,s041424663,python,334,0,0,0,0,0,0,0,4,1,0,0,0
p03496,s043547627,python,880,0,0,0,0,0,0,0,4,1,0,2,0
p03496,s044816454,python,527,0,0,0,0,0,0,0,5,1,0,0,0
p03496,s050361986,python,884,0,0,0,0,0,0,0,8,1,0,0,4
p03496,s051680633,python,1033,0,0,0,0,0,0,0,5,1,0,1,0
p03496,s058445342,python,757,0,0,0,0,0,0,0,7,1,0,0,4
p03496,s064246663,python,607,0,0,0,0,0,0,0,6,1,0,0,0
p03496,s065615411,python,387,0,0,0,0,0,0,0,2,1,0,0,2
p03496,s068741738,python,680,0,0,0,0,1,0,0,5,1,0,2,8
p03496,s076693961,python,757,0,0,0,0,0,0,0,5,1,0,0,4
p03496,s081511960,python,857,0,0,0,0,0,0,0,2,1,0,1,0
p03496,s090492221,python,343,0,0,0,0,0,0,0,4,1,0,0,7
p03496,s093277805,python,1144,0,0,0,0,0,0,0,5,1,0,4,8
p03496,s102925650,python,1072,0,0,0,0,1,0,0,6,1,0,4,4
p03496,s107009275,python,559,0,0,0,0,0,0,0,7,1,0,0,4
p03527,s001156401,cpp,6345,0,0,0,0,1,0,0,20,2,1,29,48
p03527,s002113344,cpp,2199,0,0,0,0,0,0,0,0,0,0,9,23
p03527,s006558668,cpp,2584,0,1,0,0,1,0,0,12,2,1,2,55
p03527,s011440166,cpp,3206,0,0,0,0,0,0,0,7,2,1,16,21
p03527,s015508985,cpp,1260,0,1,0,0,0,0,0,3,1,1,2,12
p03527,s017427792,cpp,3597,0,0,0,0,0,0,0,4,1,1,17,28
p03527,s020045454,cpp,5185,0,0,0,0,1,0,0,1,1,0,9,33
p03527,s020654497,cpp,13762,0,1,0,0,1,0,0,22,2,1,115,43
p03527,s025620611,cpp,3221,0,0,0,0,1,0,0,17,2,0,1,60
p03527,s026731669,cpp,1540,0,1,0,0,1,0,0,5,1,1,2,16
p03527,s037630556,cpp,1732,0,0,0,0,0,0,1,6,1,0,5,16
p03527,s041200799,cpp,1468,0,0,0,0,1,0,0,7,2,0,4,18
p03527,s047993254,cpp,1276,0,1,0,0,1,0,1,5,1,1,3,13
p03527,s061227944,cpp,935,0,1,0,0,0,0,0,0,0,1,2,14
p03527,s064126161,cpp,1227,1,0,0,0,0,0,0,7,3,0,1,31
p03527,s068309621,cpp,1825,0,1,0,0,0,0,0,4,1,1,3,20
p03527,s071327697,cpp,3576,0,0,0,0,0,0,1,13,2,0,16,35
p03527,s071864095,cpp,9358,0,0,0,0,1,0,0,7,1,0,50,17
p03527,s073852850,cpp,5767,0,0,0,0,0,0,0,3,1,1,10,22
p03527,s075532939,cpp,2002,0,0,0,0,1,0,0,1,1,0,8,24
p03527,s088432740,cpp,1405,0,0,0,0,0,1,0,4,2,0,1,47
p03527,s090300232,cpp,2395,0,0,0,0,1,0,0,3,1,1,17,18
p03527,s092270793,cpp,1002,0,1,0,0,1,0,0,5,1,1,2,15
p03527,s100189249,cpp,1306,0,1,0,0,0,0,0,8,2,1,4,34
p03527,s100377703,cpp,1387,0,1,0,0,1,0,1,4,1,1,3,24
p03527,s105363960,cpp,2357,0,0,0,0,0,1,0,9,2,0,7,35
p03527,s110627612,cpp,3505,0,0,0,0,0,0,0,4,2,1,10,23
p03527,s118939347,cpp,6705,1,1,0,0,1,0,0,12,2,1,25,52
p03527,s124890436,cpp,2486,0,0,0,0,0,0,0,8,2,0,2,24
p03527,s131287874,cpp,2465,0,0,0,0,0,1,0,11,2,0,8,21
p03527,s350267995,python,2089,0,1,0,0,0,0,0,6,1,1,1,16
p03527,s874722028,python,2641,0,1,0,0,1,0,0,6,1,1,2,39
p03532,s002369620,cpp,4005,0,1,0,0,1,0,0,4,1,1,23,68
p03532,s003390894,cpp,3349,0,1,0,0,1,0,0,12,2,1,7,61
p03532,s013714452,cpp,2309,0,1,0,0,1,0,1,11,1,1,9,62
p03532,s032599996,cpp,1814,1,0,0,0,1,0,0,3,2,0,4,18
p03532,s045420663,cpp,1772,0,1,0,0,1,0,1,8,1,1,7,57
p03532,s058343344,cpp,2688,0,1,0,0,1,0,1,13,1,1,14,59
p03532,s058650043,cpp,2886,0,1,0,0,1,0,0,3,1,1,15,42
p03532,s071957918,cpp,3999,0,0,0,0,1,1,0,15,2,0,18,37
p03532,s079187043,cpp,3656,1,0,0,0,1,0,0,5,2,1,23,30
p03532,s083609417,cpp,1982,0,1,0,0,1,0,0,4,1,1,9,37
p03532,s083747820,cpp,3250,0,1,0,0,1,0,1,21,3,1,14,129
p03532,s085121850,cpp,2292,0,1,0,0,1,0,1,8,1,1,8,51
p03532,s087049207,cpp,1348,0,0,0,0,1,0,0,5,1,1,4,59
p03532,s101148522,cpp,2682,0,1,0,0,1,0,0,9,2,1,11,34
p03532,s105745194,cpp,2127,0,1,0,0,1,0,1,9,1,1,8,75
p03532,s110615143,cpp,2946,0,1,0,0,1,0,0,13,1,1,15,101
p03532,s113553749,cpp,2154,0,1,0,0,1,0,0,10,1,1,9,47
p03532,s115647877,cpp,3300,0,0,0,0,1,0,0,16,3,0,4,100
p03532,s117354681,cpp,1828,0,1,0,0,1,0,1,9,1,1,7,55
p03532,s119019282,cpp,2497,0,1,0,0,1,0,0,9,1,1,10,58
p03532,s124110733,cpp,1771,0,1,0,0,1,0,0,9,1,1,9,68
p03532,s125094926,cpp,5251,1,0,0,0,1,0,0,7,2,1,28,35
p03532,s129303500,cpp,5567,0,0,0,0,1,1,0,10,2,0,41,19
p03532,s129430024,cpp,2587,0,1,0,0,1,0,0,10,1,1,10,81
p03532,s130222523,cpp,2035,0,1,0,0,1,0,0,10,2,1,9,60
p03532,s131197245,cpp,1811,0,1,0,0,1,0,0,10,1,1,9,47
p03532,s133950763,cpp,2534,0,1,0,0,1,0,1,5,1,1,18,33
p03532,s135817438,cpp,1101,1,0,0,0,0,0,0,5,2,0,1,12
p03532,s136494978,cpp,2000,0,1,0,0,1,0,1,11,1,1,9,67
p03532,s136653765,cpp,2158,0,1,0,0,1,0,0,7,2,1,4,52
p03534,s000885958,cpp,1613,0,0,0,0,0,0,0,2,1,0,3,3
p03534,s001238582,cpp,394,0,0,0,0,0,0,0,1,1,0,1,4
p03534,s002050061,cpp,902,0,0,0,0,0,0,0,0,0,0,1,5
p03534,s002850551,cpp,702,0,0,0,0,0,0,0,1,1,0,1,2
p03534,s005989091,cpp,892,0,0,0,0,1,1,0,4,1,0,1,16
p03534,s007603904,cpp,3473,0,1,0,0,1,0,0,8,2,1,13,31
p03534,s007813248,cpp,645,0,0,0,0,0,0,0,0,0,0,1,4
p03534,s010724323,cpp,844,0,0,0,0,0,0,0,0,0,0,1,7
p03534,s013486951,cpp,7649,0,0,0,0,0,0,0,12,1,1,42,7
p03534,s014094099,cpp,447,0,0,0,0,0,0,0,0,0,0,1,2
p03534,s014244722,cpp,416,0,0,0,0,0,0,0,2,1,0,1,4
p03534,s014855282,cpp,5485,0,0,0,0,0,0,0,2,1,1,26,5
p03534,s015512428,cpp,980,0,0,0,0,0,0,0,1,1,0,1,12
p03534,s015579986,cpp,1110,0,0,0,0,0,0,0,1,1,0,1,11
p03534,s016194292,cpp,560,0,0,0,0,0,0,0,1,1,0,1,2
p03534,s016319706,cpp,4239,0,0,0,0,0,0,0,2,1,1,14,4
p03534,s016370124,cpp,665,0,0,0,0,0,0,0,1,1,0,1,16
p03534,s018174625,cpp,926,0,0,0,0,0,0,0,1,1,0,1,0
p03534,s018595012,cpp,2029,0,0,0,0,0,0,0,0,0,0,4,2
p03534,s022574013,cpp,3892,0,0,0,0,1,0,1,8,2,1,23,43
p03534,s024190977,cpp,513,0,0,0,0,0,0,0,1,1,0,1,8
p03534,s025151642,cpp,414,0,0,0,0,0,0,0,1,1,0,1,2
p03534,s026185886,cpp,768,0,0,0,0,0,0,0,1,1,0,3,8
p03534,s026318291,cpp,326,0,0,0,0,0,0,0,1,1,0,1,5
p03534,s027085316,cpp,961,0,0,0,0,0,0,0,0,0,0,4,4
p03534,s028099316,cpp,747,0,0,0,0,0,0,0,2,1,0,4,7
p03534,s032980185,cpp,1623,0,0,0,0,0,0,0,4,1,1,12,8
p03534,s035963982,cpp,595,0,0,0,0,0,0,0,0,0,0,2,2
p03534,s038999864,cpp,569,0,0,0,0,0,0,0,0,0,0,1,2
p03534,s042128325,cpp,1899,0,0,0,0,0,0,0,0,0,0,4,5
p03534,s009588730,python,181,0,0,0,0,0,0,0,0,0,0,0,1
p03534,s023789053,python,355,0,0,0,0,0,0,0,2,1,0,0,8
p03534,s026742284,python,578,0,0,0,0,0,0,0,2,1,0,1,5
p03534,s030044523,python,228,0,0,0,0,0,0,0,1,1,0,0,4
p03534,s032198692,python,427,0,0,0,0,0,0,0,1,1,0,0,0
p03534,s047319116,python,123,0,0,0,0,0,0,0,0,0,0,0,1
p03534,s051727135,python,221,0,0,0,0,0,0,0,2,1,0,0,1
p03534,s077036427,python,243,0,0,0,0,0,0,0,0,0,0,1,0
p03534,s084600241,python,280,0,0,0,0,1,0,0,0,0,0,1,8
p03534,s101954548,python,153,0,0,0,0,0,0,0,1,1,0,0,1
p03534,s103549911,python,149,0,0,0,0,0,0,0,0,0,0,0,4
p03534,s107937594,python,459,0,0,0,0,0,0,0,0,0,0,1,3
p03534,s108341263,python,134,0,0,0,0,0,0,0,0,0,0,0,0
p03534,s116428200,python,241,0,0,0,0,0,0,0,1,1,0,0,0
p03534,s118877365,python,221,0,0,0,0,0,0,0,1,1,0,0,0
p03534,s122558568,python,140,0,0,0,0,0,0,0,0,0,0,0,2
p03534,s132131570,python,217,0,0,0,0,0,0,0,0,0,0,1,0
p03534,s142833541,python,426,0,0,0,0,0,0,0,1,1,0,0,9
p03534,s160158258,python,88,0,0,0,0,0,0,0,0,0,0,0,0
p03534,s163710327,python,95,0,0,0,0,0,0,0,0,0,0,0,2
p03534,s172630738,python,225,0,0,0,0,0,0,0,0,0,0,0,0
p03534,s186933179,python,1633,0,0,0,0,0,0,0,1,1,0,1,0
p03534,s202813685,python,167,0,0,0,0,0,0,0,0,0,0,0,2
p03534,s213082941,python,87,0,0,0,0,0,0,0,0,0,0,0,0
p03534,s231757604,python,152,0,0,0,0,0,0,0,0,0,0,0,0
p03534,s235924624,python,912,0,0,0,0,0,0,0,0,0,0,9,0
p03534,s238821871,python,405,0,0,0,0,0,0,0,0,0,0,0,0
p03534,s260679441,python,144,0,0,0,0,0,0,0,1,1,0,0,2
p03534,s263094600,python,199,0,0,0,0,0,0,0,1,1,0,0,3
p03534,s264101504,python,325,0,0,0,0,0,0,0,0,0,0,0,6
p03540,s080777033,cpp,2306,0,0,0,0,1,0,0,10,4,0,5,107
p03540,s132709296,cpp,2712,0,1,0,0,1,0,0,16,4,1,7,46
p03540,s178003240,cpp,1988,0,0,0,0,1,0,0,12,2,1,3,45
p03540,s187916221,cpp,2601,0,0,0,0,1,0,0,14,6,0,3,53
p03540,s188595189,cpp,2573,0,0,0,0,1,0,0,13,6,0,3,65
p03540,s254093500,cpp,3764,0,0,0,0,1,0,0,0,0,1,17,81
p03540,s303140453,cpp,1973,0,0,0,0,1,0,0,11,6,0,5,48
p03540,s588513476,cpp,1821,0,0,0,0,1,0,0,19,6,0,1,101
p03540,s657638694,cpp,1564,0,1,0,0,1,0,0,9,4,1,4,39
p03540,s739697659,cpp,1375,0,0,0,0,1,0,0,9,6,0,2,45
p03540,s761002128,cpp,3545,0,0,0,0,0,0,0,6,3,0,4,57
p03540,s800235321,cpp,2487,0,1,0,0,1,0,0,16,4,1,3,40
p03554,s000870917,cpp,2389,0,1,0,0,1,0,0,6,1,1,5,37
p03554,s002162058,cpp,1183,0,0,0,0,1,0,0,8,2,0,4,36
p03554,s004716188,cpp,1427,0,0,0,0,1,1,0,3,1,0,4,18
p03554,s006328459,cpp,2321,0,1,0,0,1,0,0,5,2,1,6,56
p03554,s012925744,cpp,6879,0,0,0,0,1,0,0,21,1,1,47,47
p03554,s016255889,cpp,2265,0,0,0,0,1,1,0,5,1,0,7,27
p03554,s017799492,cpp,1599,0,0,0,0,1,0,0,6,2,1,4,29
p03554,s019449226,cpp,1248,0,1,0,0,1,0,0,4,2,1,3,23
p03554,s022143877,cpp,2110,0,1,0,0,1,0,0,5,2,1,3,14
p03554,s027965521,cpp,7192,0,0,0,0,1,0,0,9,1,1,16,31
p03554,s028870110,cpp,3400,0,0,0,0,1,0,0,7,1,1,15,27
p03554,s030055374,cpp,3098,0,0,0,0,1,0,0,3,1,0,13,22
p03554,s030315309,cpp,6492,0,0,0,0,1,0,0,9,1,1,11,54
p03554,s031322312,cpp,2134,0,0,0,0,1,1,0,6,2,0,11,30
p03554,s034895074,cpp,1976,0,0,0,0,1,1,0,7,1,0,11,26
p03554,s035551972,cpp,3449,0,1,0,0,1,0,0,7,2,1,12,28
p03554,s040235473,cpp,2596,0,0,0,0,1,1,0,9,2,0,7,13
p03554,s040514250,cpp,3238,0,0,0,0,1,1,0,8,2,0,9,40
p03554,s042545505,cpp,1980,0,0,0,0,0,0,0,2,1,1,7,31
p03554,s043436210,cpp,5695,0,0,0,0,1,0,0,5,2,1,17,70
p03554,s047681671,cpp,4939,0,0,0,0,1,0,0,2,1,0,19,43
p03554,s047753494,cpp,2081,0,1,0,0,1,0,0,6,1,1,8,41
p03554,s047775785,cpp,3932,0,0,0,0,1,1,0,16,1,0,17,47
p03554,s049430688,cpp,4994,0,0,0,0,1,1,0,7,2,0,7,51
p03554,s049874255,cpp,1433,0,0,0,0,0,0,0,8,2,0,4,9
p03554,s050051216,cpp,1595,0,0,0,0,1,1,0,6,1,0,5,20
p03554,s055611135,cpp,1618,0,0,0,0,1,0,0,8,2,0,7,14
p03554,s060793028,cpp,3740,0,0,0,0,1,1,0,5,2,0,17,27
p03554,s068332311,cpp,1889,0,1,0,0,1,0,0,4,2,1,7,17
p03554,s071641408,cpp,1104,0,0,0,0,1,0,0,4,1,0,7,19
p03554,s032431751,python,2258,0,0,0,0,1,1,0,6,1,0,5,22
p03554,s209953398,python,1558,0,0,0,0,1,1,0,8,2,0,3,25
p03554,s256424656,python,2649,0,0,0,0,1,1,0,6,1,0,5,28
p03554,s622078287,python,1519,0,0,0,0,1,1,0,8,2,0,3,25
p03557,s000263620,cpp,1542,0,0,0,0,0,1,0,3,2,0,1,12
p03557,s000359585,cpp,732,0,0,0,0,0,1,0,4,1,0,1,4
p03557,s000502894,cpp,955,0,0,0,0,0,1,0,1,1,0,1,4
p03557,s000629228,cpp,940,0,0,0,0,0,0,0,0,0,0,2,4
p03557,s000991310,cpp,600,0,0,0,0,1,1,0,8,2,0,1,12
p03557,s001259969,cpp,1650,0,0,0,1,1,1,0,5,2,0,1,12
p03557,s001337364,cpp,1013,0,0,0,0,0,0,0,0,0,0,4,5
p03557,s001481272,cpp,980,0,0,0,0,0,1,0,7,2,0,1,9
p03557,s003132056,cpp,1896,0,0,0,0,0,0,0,5,1,1,5,5
p03557,s003427507,cpp,692,0,0,0,0,0,1,0,7,2,0,1,9
p03557,s003428717,cpp,835,0,0,0,0,1,1,0,7,1,0,1,12
p03557,s003660012,cpp,841,0,0,0,0,0,1,0,4,1,0,1,2
p03557,s003968287,cpp,2240,0,0,0,0,1,1,0,3,1,0,7,23
p03557,s004071154,cpp,1084,0,0,0,0,0,0,0,0,0,0,2,5
p03557,s004076433,cpp,766,0,0,0,0,0,0,0,0,0,0,2,5
p03557,s004439161,cpp,927,0,0,0,0,0,1,0,4,1,0,1,5
p03557,s005120188,cpp,1412,0,0,0,0,0,0,0,4,1,1,3,5
p03557,s005330685,cpp,813,0,0,0,0,0,0,0,0,0,1,4,4
p03557,s005403123,cpp,1720,0,0,0,1,0,0,0,2,1,0,6,0
p03557,s005432558,cpp,2082,0,0,0,0,0,0,0,2,2,1,8,5
p03557,s005648949,cpp,707,0,0,0,0,0,1,0,4,1,0,1,5
p03557,s005905206,cpp,810,0,0,0,0,1,1,0,1,1,0,2,9
p03557,s005919418,cpp,1246,0,0,0,0,1,1,0,1,1,0,3,10
p03557,s006689234,cpp,665,0,0,0,0,0,1,0,4,1,0,1,5
p03557,s006775026,cpp,602,0,0,0,0,0,1,0,5,2,0,1,5
p03557,s007150208,cpp,646,0,0,0,0,0,1,0,4,1,0,1,5
p03557,s007378603,cpp,875,0,0,0,0,0,1,0,4,1,0,1,5
p03557,s007478917,cpp,1467,0,0,0,0,0,0,0,0,0,0,8,5
p03557,s007840735,cpp,884,0,0,0,0,0,1,0,4,1,0,2,0
p03557,s007947171,cpp,697,0,0,0,0,0,1,0,1,1,0,1,5
p03557,s000979789,python,395,0,0,0,0,0,1,0,2,1,0,0,5
p03557,s001886307,python,337,0,0,0,0,0,1,0,1,1,0,0,0
p03557,s001900506,python,655,0,0,0,0,0,1,0,2,1,0,8,1
p03557,s001929024,python,780,0,0,0,0,1,1,0,2,1,0,5,7
p03557,s002047477,python,905,0,0,0,1,1,1,0,5,2,0,2,6
p03557,s004095147,python,326,0,0,0,0,0,1,0,1,1,0,0,1
p03557,s004515905,python,332,0,0,0,0,0,1,0,1,1,0,0,2
p03557,s004520728,python,266,0,0,0,0,0,1,0,1,1,0,0,0
p03557,s004745431,python,332,0,0,0,0,0,1,0,1,1,0,0,0
p03557,s005301161,python,506,0,0,0,0,0,1,0,2,1,0,0,3
p03557,s006723750,python,467,0,0,0,0,0,1,0,2,1,0,0,1
p03557,s007287011,python,275,0,0,0,0,0,1,0,1,1,0,0,0
p03557,s007582987,python,375,0,0,0,0,1,1,0,3,3,0,0,15
p03557,s007639939,python,262,0,0,0,0,0,1,0,1,1,0,0,0
p03557,s008388987,python,265,0,0,0,0,0,1,0,1,1,0,0,2
p03557,s008420547,python,311,0,0,0,0,0,1,0,1,1,0,0,2
p03557,s008474052,python,246,0,0,0,0,0,1,0,1,1,0,0,0
p03557,s008622370,python,351,0,0,0,0,0,0,0,0,0,0,1,0
p03557,s008956202,python,288,0,0,0,0,0,1,0,1,1,0,0,0
p03557,s009874154,python,459,0,0,0,0,1,1,0,2,1,0,0,6
p03557,s010156227,python,1034,0,0,0,0,1,1,0,5,2,0,1,17
p03557,s011330529,python,294,0,0,0,0,0,1,0,1,1,0,0,0
p03557,s011504311,python,501,0,0,0,0,0,1,0,1,1,0,1,2
p03557,s011766636,python,295,0,0,0,0,0,1,0,1,1,0,0,1
p03557,s011880124,python,307,0,0,0,0,0,1,0,1,1,0,0,0
p03557,s012021058,python,233,0,0,0,0,0,0,0,0,0,0,0,0
p03557,s012032772,python,728,0,0,0,0,0,1,0,1,1,0,1,0
p03557,s012034085,python,474,0,0,0,0,1,1,0,4,1,0,0,12
p03557,s012243097,python,360,0,0,0,0,1,1,0,2,1,0,0,5
p03557,s012995725,python,340,0,0,0,0,0,0,0,0,0,0,0,0
p03563,s000029980,cpp,4956,0,0,0,0,0,0,0,7,2,1,20,14
p03563,s000102284,cpp,124,0,0,0,0,0,0,0,0,0,0,1,0
p03563,s000200008,cpp,165,0,0,0,0,0,0,0,0,0,0,1,0
p03563,s000437588,cpp,145,0,0,0,0,0,0,0,0,0,0,1,0
p03563,s000466642,cpp,121,0,0,0,0,0,0,0,0,0,0,1,0
p03563,s000486259,cpp,130,0,0,0,0,0,0,0,0,0,0,1,0
p03563,s000499579,cpp,109,0,0,0,0,0,0,0,0,0,0,1,0
p03563,s000569578,cpp,130,0,0,0,0,0,0,0,0,0,0,1,0
p03563,s000765704,cpp,118,0,0,0,0,0,0,0,0,0,0,1,0
p03563,s000774149,cpp,114,0,0,0,0,0,0,0,0,0,0,1,0
p03563,s000779582,cpp,147,0,0,0,0,0,0,0,0,0,0,1,0
p03563,s000900738,cpp,751,0,0,0,0,0,0,0,0,0,0,1,0
p03563,s000931599,cpp,118,0,0,0,0,0,0,0,0,0,0,1,0
p03563,s000946586,cpp,192,0,0,0,0,0,0,0,0,0,0,1,0
p03563,s001000862,cpp,482,0,0,0,0,0,0,0,0,0,0,3,0
p03563,s001063049,cpp,122,0,0,0,0,0,0,0,0,0,0,1,0
p03563,s001220256,cpp,316,0,0,0,0,0,0,0,0,0,0,1,0
p03563,s001221156,cpp,122,0,0,0,0,0,0,0,0,0,0,1,0
p03563,s001314402,cpp,127,0,0,0,0,0,0,0,0,0,0,1,0
p03563,s001377274,cpp,126,0,0,0,0,0,0,0,0,0,0,1,0
p03563,s001609822,cpp,595,0,0,0,0,0,0,0,0,0,0,3,0
p03563,s001708719,cpp,110,0,0,0,0,0,0,0,0,0,0,1,0
p03563,s001755639,cpp,136,0,0,0,0,0,0,0,0,0,0,1,0
p03563,s001908639,cpp,123,0,0,0,0,0,0,0,0,0,0,1,0
p03563,s001956068,cpp,122,0,0,0,0,0,0,0,0,0,0,1,0
p03563,s002040902,cpp,121,0,0,0,0,0,0,0,0,0,0,1,0
p03563,s002072589,cpp,109,0,0,0,0,0,0,0,0,0,0,1,0
p03563,s002142197,cpp,191,0,0,0,0,0,0,0,0,0,0,1,0
p03563,s002237149,cpp,292,0,0,0,0,0,0,0,1,1,0,1,0
p03563,s002491646,cpp,129,0,0,0,0,0,0,0,0,0,0,1,0
p03563,s000537911,python,51,0,0,0,0,0,0,0,0,0,0,0,0
p03563,s001053161,python,46,0,0,0,0,0,0,0,0,0,0,0,0
p03563,s001402368,python,50,0,0,0,0,0,0,0,0,0,0,0,0
p03563,s001623324,python,61,0,0,0,0,0,0,0,0,0,0,0,0
p03563,s001911079,python,39,0,0,0,0,0,0,0,0,0,0,0,0
p03563,s002054335,python,42,0,0,0,0,0,0,0,0,0,0,0,0
p03563,s002589122,python,51,0,0,0,0,0,0,0,0,0,0,0,0
p03563,s003199464,python,56,0,0,0,0,0,0,0,0,0,0,0,0
p03563,s003382610,python,118,0,0,0,0,0,0,0,0,0,0,1,0
p03563,s003554067,python,46,0,0,0,0,0,0,0,0,0,0,0,0
p03563,s005336677,python,251,0,0,0,0,0,0,0,0,0,0,0,0
p03563,s006178573,python,46,0,0,0,0,0,0,0,0,0,0,0,0
p03563,s006667748,python,42,0,0,0,0,0,0,0,0,0,0,0,0
p03563,s006712547,python,59,0,0,0,0,0,0,0,0,0,0,0,0
p03563,s006834551,python,46,0,0,0,0,0,0,0,0,0,0,0,0
p03563,s006846097,python,33,0,0,0,0,0,0,0,0,0,0,0,0
p03563,s006948443,python,53,0,0,0,0,0,0,0,0,0,0,0,0
p03563,s007480333,python,35,0,0,0,0,0,0,0,0,0,0,0,0
p03563,s007967347,python,43,0,0,0,0,0,0,0,0,0,0,0,0
p03563,s008304480,python,58,0,0,0,0,0,0,0,0,0,0,0,0
p03563,s009292698,python,50,0,0,0,0,0,0,0,0,0,0,0,0
p03563,s010010138,python,42,0,0,0,0,0,0,0,0,0,0,0,0
p03563,s010443261,python,45,0,0,0,0,0,0,0,0,0,0,0,0
p03563,s010749318,python,35,0,0,0,0,0,0,0,0,0,0,0,0
p03563,s010809096,python,42,0,0,0,0,0,0,0,0,0,0,0,0
p03563,s010965433,python,45,0,0,0,0,0,0,0,0,0,0,0,0
p03563,s012006325,python,51,0,0,0,0,0,0,0,0,0,0,0,0
p03563,s012277642,python,46,0,0,0,0,0,0,0,0,0,0,0,0
p03563,s012759555,python,77,0,0,0,0,0,0,0,0,0,0,0,0
p03563,s012764043,python,58,0,0,0,0,0,0,0,0,0,0,0,0
p03564,s000152009,cpp,255,0,0,0,0,0,0,0,1,1,0,1,0
p03564,s000202197,cpp,185,0,0,0,0,0,0,0,1,1,0,1,0
p03564,s000355706,cpp,310,0,0,0,0,0,0,0,2,2,0,1,0
p03564,s000463449,cpp,180,0,0,0,0,0,0,0,1,1,0,1,0
p03564,s000590885,cpp,1802,0,0,0,0,0,0,0,0,0,0,4,0
p03564,s000676496,cpp,211,0,0,0,0,0,0,0,1,1,0,1,0
p03564,s000724430,cpp,197,0,0,0,0,0,0,0,1,1,0,1,0
p03564,s000726025,cpp,240,0,0,0,0,0,0,0,1,1,0,1,0
p03564,s001103804,cpp,259,0,0,0,0,0,0,0,1,1,0,1,0
p03564,s001266611,cpp,306,0,0,0,0,0,0,0,2,1,0,1,0
p03564,s001579406,cpp,543,0,0,0,0,0,0,0,0,0,0,2,0
p03564,s001822553,cpp,524,0,0,0,0,0,0,0,2,2,0,1,0
p03564,s001899904,cpp,1248,0,0,0,0,0,0,0,1,1,1,7,0
p03564,s002271374,cpp,1833,0,0,0,1,0,0,0,3,1,1,5,4
p03564,s002364727,cpp,157,0,0,0,0,0,0,0,1,1,0,1,0
p03564,s002412500,cpp,310,0,0,0,0,0,0,0,0,0,0,2,0
p03564,s002629343,cpp,400,0,0,0,0,0,0,0,0,0,0,2,0
p03564,s002721056,cpp,191,0,0,0,0,0,0,0,1,1,0,1,0
p03564,s002843888,cpp,252,0,0,0,0,0,0,0,1,1,0,1,0
p03564,s003074600,cpp,1815,0,0,0,0,0,0,0,1,1,0,2,0
p03564,s003580975,cpp,277,0,0,0,0,0,0,0,1,1,0,1,0
p03564,s003663909,cpp,331,0,0,0,0,0,0,0,0,0,0,2,0
p03564,s003780166,cpp,975,0,0,0,0,0,0,0,1,1,1,3,0
p03564,s004031802,cpp,181,0,0,0,0,0,0,0,1,1,0,1,0
p03564,s004050106,cpp,342,0,0,0,0,0,0,0,1,1,0,1,0
p03564,s004180785,cpp,239,0,0,0,0,0,0,0,1,1,0,1,0
p03564,s004562903,cpp,224,0,0,0,0,0,0,0,1,1,0,1,0
p03564,s004685584,cpp,159,0,0,0,0,0,0,0,1,1,0,1,0
p03564,s004791603,cpp,187,0,0,0,0,0,0,0,0,0,0,1,0
p03564,s005056193,cpp,1050,0,0,0,0,0,0,0,0,0,0,4,0
p03564,s000490085,python,98,0,0,0,0,0,0,0,1,1,0,0,0
p03564,s000770293,python,89,0,0,0,0,0,0,0,1,1,0,0,0
p03564,s000878171,python,113,0,0,0,0,0,0,0,1,1,0,0,0
p03564,s000935370,python,119,0,0,0,0,0,0,0,1,1,0,0,0
p03564,s001363844,python,135,0,0,0,0,0,0,0,1,1,0,0,0
p03564,s002273739,python,142,0,0,0,0,0,0,0,1,1,0,0,0
p03564,s002339547,python,133,0,0,0,0,0,0,0,1,1,0,0,0
p03564,s003706387,python,114,0,0,0,0,0,0,0,1,1,0,0,0
p03564,s003777489,python,172,0,0,0,0,0,0,0,0,0,1,1,0
p03564,s004802297,python,128,0,0,0,0,0,0,0,1,1,0,0,0
p03564,s006085044,python,132,0,0,0,0,0,0,0,1,1,0,0,0
p03564,s006220125,python,133,0,0,0,0,0,0,0,1,1,0,0,0
p03564,s006581714,python,113,0,0,0,0,0,0,0,1,1,0,0,0
p03564,s006929817,python,85,0,0,0,0,0,0,0,1,1,0,0,0
p03564,s007568141,python,105,0,0,0,0,0,0,0,1,1,0,0,0
p03564,s007758159,python,158,0,0,0,0,0,0,0,1,1,0,0,0
p03564,s007866070,python,75,0,0,0,0,0,0,0,1,1,0,0,0
p03564,s009527449,python,121,0,0,0,0,0,0,0,1,1,0,0,0
p03564,s009998201,python,108,0,0,0,0,0,0,0,1,1,0,0,0
p03564,s010292128,python,135,0,0,0,0,0,0,0,1,1,0,0,0
p03564,s010425387,python,99,0,0,0,0,0,0,0,1,1,0,0,0
p03564,s010827291,python,183,0,0,0,0,0,0,0,1,1,0,0,0
p03564,s011650257,python,109,0,0,0,0,0,0,0,1,1,0,0,0
p03564,s012773401,python,103,0,0,0,0,0,0,0,1,1,0,0,0
p03564,s012869455,python,470,0,0,0,0,0,0,0,1,1,0,1,0
p03564,s014161355,python,109,0,0,0,0,0,0,0,1,1,0,0,0
p03564,s014436264,python,401,0,0,0,0,0,0,0,1,1,0,1,0
p03564,s014616412,python,91,0,0,0,0,0,0,0,1,1,0,0,0
p03564,s015120206,python,77,0,0,0,0,0,0,0,1,1,0,0,0
p03564,s016572155,python,159,0,0,0,0,0,0,0,1,1,0,0,0
p03570,s000184900,cpp,617,0,0,0,0,0,0,0,2,2,0,3,6
p03570,s002676700,cpp,1350,0,0,0,0,1,0,0,5,2,1,5,26
p03570,s002699990,cpp,1998,0,0,0,0,0,0,0,0,0,0,4,13
p03570,s003677045,cpp,1585,0,0,0,0,1,0,0,1,1,0,6,16
p03570,s003686831,cpp,1774,0,0,0,0,0,0,0,6,2,0,3,15
p03570,s005157860,cpp,717,0,0,0,0,1,0,0,5,2,0,2,19
p03570,s006156234,cpp,488,0,1,0,0,1,0,0,0,0,1,2,7
p03570,s010004562,cpp,582,0,0,0,0,1,0,0,2,1,0,2,8
p03570,s010451696,cpp,1365,0,0,0,0,0,0,0,5,2,0,2,7
p03570,s010493416,cpp,412,0,0,0,0,0,0,0,3,2,0,1,7
p03570,s012607110,cpp,1629,0,1,0,0,0,0,0,1,1,1,6,10
p03570,s013339520,cpp,841,0,0,0,0,0,0,0,2,2,0,1,10
p03570,s013503832,cpp,1780,0,1,0,0,0,0,0,0,0,1,13,6
p03570,s013821145,cpp,1384,0,0,0,0,1,0,0,4,2,0,1,18
p03570,s014539108,cpp,1547,0,1,0,0,1,0,0,1,1,1,7,13
p03570,s014605900,cpp,552,0,0,0,0,0,0,0,3,1,0,2,10
p03570,s017946508,cpp,1610,0,0,0,0,1,0,0,0,0,1,5,14
p03570,s018123141,cpp,869,0,0,0,0,0,0,0,2,2,0,1,2
p03570,s018268495,cpp,600,0,0,0,0,0,0,0,2,2,0,2,6
p03570,s018685407,cpp,950,0,1,0,0,1,0,0,0,0,1,2,24
p03570,s019922266,cpp,1451,0,1,0,0,0,0,0,2,1,1,5,9
p03570,s020105263,cpp,1955,0,0,0,0,0,0,0,1,1,0,1,9
p03570,s020322439,cpp,1373,0,0,0,0,0,0,0,5,2,0,1,13
p03570,s020543629,cpp,772,0,0,0,0,1,0,0,3,2,0,1,17
p03570,s020822146,cpp,3776,0,0,0,0,0,0,0,2,1,1,10,5
p03570,s022908651,cpp,1398,0,0,0,0,1,0,0,0,0,0,1,18
p03570,s024581568,cpp,1408,0,0,0,0,1,0,0,0,0,0,1,11
p03570,s025826009,cpp,1174,0,0,0,0,0,0,0,2,2,0,1,18
p03570,s026223426,cpp,414,0,0,0,0,1,0,0,2,2,0,1,6
p03570,s027135388,cpp,901,0,0,0,0,0,0,0,2,2,0,1,6
p03570,s066282874,python,230,0,0,0,0,1,0,0,1,1,0,0,5
p03570,s076738808,python,589,0,0,0,0,1,0,0,4,2,0,0,16
p03570,s160292892,python,1115,0,0,0,0,1,0,0,3,2,0,1,22
p03570,s167503789,python,281,0,0,0,0,0,0,0,1,1,0,0,3
p03570,s180115901,python,461,0,0,0,0,0,0,0,2,2,0,0,12
p03570,s184334993,python,518,0,0,0,0,1,0,0,3,2,0,2,10
p03570,s189387606,python,1059,0,0,0,0,1,0,0,4,2,0,2,13
p03570,s235988532,python,477,0,0,0,0,1,0,0,2,2,0,0,8
p03570,s239699418,python,470,0,0,0,0,0,0,0,2,2,0,1,1
p03570,s261744291,python,398,0,0,0,0,0,0,0,1,1,0,0,5
p03570,s269318585,python,432,0,0,0,0,1,0,0,2,2,0,0,8
p03570,s275468681,python,241,0,0,0,0,0,0,0,1,1,0,0,5
p03570,s340101915,python,599,0,0,0,0,1,0,0,3,2,0,0,20
p03570,s387736210,python,207,0,0,0,0,0,0,0,1,1,0,0,2
p03570,s439471062,python,289,0,0,0,0,1,0,0,2,2,0,0,6
p03570,s443672950,python,556,0,0,0,0,1,0,0,3,2,0,1,9
p03570,s471168298,python,480,0,0,0,0,0,0,0,2,2,0,0,7
p03570,s539441768,python,427,0,0,0,0,1,0,0,3,2,0,0,14
p03570,s572674294,python,454,0,0,0,0,1,0,0,3,2,0,0,9
p03570,s594445433,python,716,0,0,0,0,0,0,0,2,2,0,1,11
p03570,s615354469,python,378,0,0,0,0,1,0,0,3,2,0,0,11
p03570,s627036404,python,557,0,0,0,0,0,0,0,1,1,0,1,4
p03570,s645977951,python,400,0,0,0,0,0,0,0,1,1,0,1,4
p03570,s765681720,python,550,0,0,0,0,0,0,0,2,1,0,1,4
p03570,s770382795,python,428,0,0,0,0,1,0,0,2,2,0,0,13
p03570,s889755738,python,1406,0,0,0,0,0,0,0,3,2,0,0,11
p03570,s942806607,python,743,0,0,0,0,0,0,0,2,2,0,1,12
p03570,s976663076,python,447,0,0,0,0,1,0,0,3,2,0,0,21
p03570,s982419404,python,1060,0,0,0,0,0,0,0,2,2,0,9,8
p03571,s026035497,cpp,1252,0,0,0,0,0,1,0,2,1,0,2,6
p03571,s032751315,cpp,2773,0,0,0,0,0,1,0,3,1,0,1,1
p03571,s034508766,cpp,4176,0,0,0,1,0,0,0,5,1,0,13,38
p03571,s039279113,cpp,2378,0,0,0,0,0,1,0,6,3,0,7,5
p03571,s045877445,cpp,4555,0,0,0,0,0,0,0,6,1,0,32,0
p03571,s051342076,cpp,7433,0,0,0,0,0,0,0,4,1,1,61,5
p03571,s089644613,cpp,3438,0,0,0,0,0,1,0,8,1,0,6,12
p03571,s093195085,cpp,1970,0,0,0,0,0,0,0,10,3,1,8,23
p03571,s099869251,cpp,2200,0,0,0,0,0,0,0,4,2,0,6,0
p03571,s133659391,cpp,5958,0,0,0,0,1,0,0,5,1,1,52,21
p03571,s177073285,cpp,5093,0,0,0,0,0,0,0,19,5,0,3,55
p03571,s212781259,cpp,1512,0,0,0,0,0,1,0,2,1,0,2,6
p03571,s299420485,cpp,1800,0,0,0,0,0,0,0,3,1,0,4,0
p03571,s411624758,cpp,1508,0,0,0,0,0,1,0,5,1,0,4,0
p03571,s440710852,cpp,7249,0,0,0,1,0,0,0,10,1,1,33,2
p03571,s464509044,cpp,1536,0,0,0,0,0,0,0,3,1,0,4,0
p03571,s485641190,cpp,1088,0,0,0,0,0,1,0,2,1,0,2,6
p03571,s491665274,cpp,1677,0,0,0,0,0,0,0,1,1,0,4,23
p03571,s513120789,cpp,2115,1,0,0,1,0,0,0,2,2,0,6,27
p03571,s516483207,cpp,1984,0,0,0,0,0,1,0,2,1,0,4,28
p03571,s567480037,cpp,3933,0,1,0,0,1,0,0,8,1,1,13,29
p03571,s628372343,cpp,2181,0,0,0,0,0,0,0,4,2,0,6,0
p03571,s646826930,cpp,1365,0,0,0,0,0,1,0,2,1,0,2,6
p03571,s681447688,cpp,1565,0,0,0,0,0,0,0,3,1,0,4,0
p03571,s727003287,cpp,1280,0,0,0,0,0,1,0,2,1,0,2,6
p03571,s731697586,cpp,2217,0,0,0,0,0,1,0,13,2,0,3,20
p03571,s743949820,cpp,1739,0,0,0,0,0,0,0,1,1,0,1,0
p03571,s760584123,cpp,1615,0,0,0,0,0,1,0,1,1,0,1,0
p03571,s827873736,cpp,1901,0,0,0,0,0,1,0,7,1,0,3,15
p03571,s873433282,cpp,1454,0,0,0,0,0,1,0,2,1,0,2,0
p03624,s000198390,cpp,429,0,0,0,0,0,0,0,3,1,0,1,4
p03624,s000208563,cpp,605,0,0,0,0,0,0,0,5,3,0,1,7
p03624,s000350875,cpp,1215,0,0,0,0,0,0,0,0,0,0,2,4
p03624,s000516667,cpp,366,0,0,0,0,0,0,0,2,1,0,1,3
p03624,s000705512,cpp,466,0,0,0,0,0,0,0,3,2,0,1,3
p03624,s000778863,cpp,385,0,0,0,0,0,0,0,2,1,0,1,3
p03624,s000829496,cpp,274,0,0,0,0,0,0,0,2,1,0,1,0
p03624,s001023290,cpp,456,0,0,0,0,0,0,0,3,2,0,1,3
p03624,s001050863,cpp,727,0,0,0,0,0,0,0,0,0,0,1,1
p03624,s001862688,cpp,335,0,0,0,0,0,0,0,2,1,0,1,3
p03624,s001912847,cpp,362,0,0,0,0,0,0,0,2,1,0,1,2
p03624,s001971955,cpp,646,0,0,0,0,0,0,0,0,0,0,1,3
p03624,s002374644,cpp,1348,0,0,0,0,0,0,0,0,0,1,4,3
p03624,s002403315,cpp,495,0,0,0,0,0,1,0,2,1,0,1,5
p03624,s002597903,cpp,1074,0,0,0,0,0,0,0,0,0,1,7,0
p03624,s003118369,cpp,555,0,0,0,0,0,1,0,1,1,0,1,4
p03624,s003416941,cpp,261,0,0,0,0,0,0,0,1,1,0,1,0
p03624,s003889112,cpp,1783,0,0,0,0,0,0,0,0,0,0,5,8
p03624,s004098361,cpp,660,0,0,0,0,0,0,0,2,1,1,4,2
p03624,s004800070,cpp,398,0,0,0,0,0,0,0,2,1,0,1,3
p03624,s004824139,cpp,977,0,0,0,0,0,0,0,2,1,1,3,0
p03624,s005123466,cpp,638,0,0,0,0,0,0,0,1,1,0,1,2
p03624,s005341570,cpp,640,0,0,0,0,0,0,0,0,0,0,1,3
p03624,s005362916,cpp,305,0,0,0,0,0,0,0,0,0,0,1,3
p03624,s005446444,cpp,479,0,0,0,0,0,0,0,1,1,0,1,1
p03624,s005754101,cpp,531,0,0,0,0,0,0,0,2,1,0,1,0
p03624,s005754583,cpp,441,0,0,0,0,0,0,0,3,1,0,1,4
p03624,s006135810,cpp,459,0,0,0,0,0,0,0,2,1,0,1,0
p03624,s006382064,cpp,423,0,0,0,0,0,0,0,3,2,0,1,4
p03624,s006765853,cpp,387,0,0,0,0,0,0,0,2,1,0,1,3
p03624,s000165323,python,159,0,0,0,0,0,1,0,1,1,0,0,1
p03624,s000185918,python,204,0,0,0,0,0,0,0,1,1,0,0,0
p03624,s000286870,python,852,0,0,0,0,0,0,0,2,1,0,2,5
p03624,s000496626,python,143,0,0,0,0,0,0,0,1,1,0,0,0
p03624,s000504313,python,166,0,0,0,0,0,0,0,1,1,0,0,0
p03624,s001438162,python,175,0,0,0,0,0,0,0,0,0,0,1,1
p03624,s001975827,python,242,0,0,0,0,0,0,0,1,1,0,0,2
p03624,s002368810,python,1152,0,0,0,0,0,0,0,0,0,0,0,0
p03624,s002633042,python,159,0,0,0,0,0,0,0,1,1,0,0,1
p03624,s002964261,python,160,0,0,0,0,0,0,0,1,1,0,0,0
p03624,s003023832,python,208,0,0,0,0,0,0,0,2,1,0,0,1
p03624,s003892090,python,192,0,0,0,0,0,0,0,1,1,0,0,3
p03624,s003912674,python,177,0,0,0,0,0,0,0,1,1,0,0,2
p03624,s004064696,python,147,0,0,0,0,0,0,0,2,1,0,0,1
p03624,s004271824,python,227,0,0,0,0,0,0,0,1,1,0,0,2
p03624,s004277500,python,378,0,0,0,0,0,1,0,3,2,0,0,3
p03624,s004501122,python,216,0,0,0,0,0,0,0,1,1,0,0,1
p03624,s005016528,python,149,0,0,0,0,0,0,0,1,1,0,0,0
p03624,s005032799,python,163,0,0,0,0,0,0,0,0,0,0,0,1
p03624,s005063387,python,116,0,0,0,0,0,0,0,0,0,0,0,1
p03624,s005086207,python,173,0,0,0,0,0,0,0,1,1,0,0,0
p03624,s005411068,python,129,0,0,0,0,0,0,0,1,1,0,0,1
p03624,s005951363,python,178,0,0,0,0,0,0,0,1,1,0,0,0
p03624,s006488378,python,162,0,0,0,0,0,0,0,2,1,0,0,0
p03624,s006764959,python,143,0,0,0,0,0,0,0,1,1,0,0,0
p03624,s006786742,python,164,0,0,0,0,0,0,0,1,1,0,0,0
p03624,s006964086,python,317,0,0,0,0,0,0,0,2,1,0,1,3
p03624,s007026230,python,125,0,0,0,0,0,0,0,1,1,0,0,0
p03624,s007036830,python,155,0,0,0,0,0,1,0,1,1,0,0,0
p03624,s007532743,python,139,0,0,0,0,0,0,0,1,1,0,0,0
p03643,s000231862,cpp,366,0,0,0,0,0,0,0,0,0,0,1,0
p03643,s000301793,cpp,1249,0,0,0,0,0,0,0,1,1,1,4,0
p03643,s000389972,cpp,103,0,0,0,0,0,0,0,0,0,0,1,0
p03643,s000414597,cpp,387,0,0,0,0,0,0,0,0,0,0,1,0
p03643,s000513664,cpp,217,0,0,0,0,0,0,0,0,0,0,1,0
p03643,s000633841,cpp,324,0,0,0,0,0,0,0,0,0,0,1,0
p03643,s002034497,cpp,931,0,0,0,0,0,0,0,0,0,0,1,0
p03643,s002090440,cpp,381,0,0,0,0,0,0,0,0,0,0,1,0
p03643,s002594547,cpp,1501,0,0,0,0,0,0,0,0,0,0,1,0
p03643,s002916787,cpp,100,0,0,0,0,0,0,0,0,0,0,1,0
p03643,s003098807,cpp,141,0,0,0,0,0,0,0,0,0,0,1,0
p03643,s003164048,cpp,120,0,0,0,0,0,0,0,0,0,0,1,0
p03643,s003321363,cpp,1222,0,0,0,0,0,0,0,0,0,0,3,0
p03643,s003687389,cpp,1046,0,0,0,0,0,0,0,0,0,1,7,0
p03643,s003735063,cpp,438,0,0,0,0,0,0,0,0,0,0,1,0
p03643,s003828427,cpp,135,0,0,0,0,0,0,0,0,0,0,1,0
p03643,s003973759,cpp,122,0,0,0,0,0,0,0,0,0,0,1,0
p03643,s004953820,cpp,112,0,0,0,0,0,0,0,0,0,0,1,0
p03643,s005593743,cpp,461,0,0,0,0,0,0,0,0,0,0,2,0
p03643,s005627963,cpp,132,0,0,0,0,0,0,0,0,0,0,1,0
p03643,s005686470,cpp,100,0,0,0,0,0,0,0,0,0,0,1,0
p03643,s006128318,cpp,109,0,0,0,0,0,0,0,0,0,0,1,0
p03643,s006243990,cpp,555,0,0,0,0,0,0,0,1,1,1,3,0
p03643,s006345406,cpp,168,0,0,0,0,0,0,0,0,0,0,1,0
p03643,s006857391,cpp,114,0,0,0,0,0,0,0,0,0,0,1,0
p03643,s007043812,cpp,1023,0,0,0,0,0,0,0,0,0,0,3,0
p03643,s007475189,cpp,146,0,0,0,0,0,0,0,0,0,0,1,0
p03643,s008532198,cpp,111,0,0,0,0,0,0,0,0,0,0,1,0
p03643,s008608883,cpp,102,0,0,0,0,0,0,0,0,0,0,1,0
p03643,s009175463,cpp,139,0,0,0,0,0,0,0,0,0,0,1,0
p03643,s000210782,python,20,0,0,0,0,0,0,0,0,0,0,0,0
p03643,s000609077,python,28,0,0,0,0,0,0,0,0,0,0,0,0
p03643,s000632628,python,26,0,0,0,0,0,0,0,0,0,0,0,0
p03643,s001168860,python,23,0,0,0,0,0,0,0,0,0,0,0,0
p03643,s001259649,python,47,0,0,0,0,0,0,0,0,0,0,0,0
p03643,s001463688,python,27,0,0,0,0,0,0,0,0,0,0,0,0
p03643,s001796376,python,40,0,0,0,0,0,0,0,0,0,0,0,0
p03643,s001851630,python,20,0,0,0,0,0,0,0,0,0,0,0,0
p03643,s002420703,python,20,0,0,0,0,0,0,0,0,0,0,0,0
p03643,s002722200,python,20,0,0,0,0,0,0,0,0,0,0,0,0
p03643,s002931526,python,21,0,0,0,0,0,0,0,0,0,0,0,0
p03643,s003046428,python,22,0,0,0,0,0,0,0,0,0,0,0,0
p03643,s003911336,python,29,0,0,0,0,0,0,0,0,0,0,0,0
p03643,s004062286,python,20,0,0,0,0,0,0,0,0,0,0,0,0
p03643,s004180912,python,29,0,0,0,0,0,0,0,0,0,0,0,0
p03643,s004314710,python,37,0,0,0,0,0,0,0,0,0,0,0,0
p03643,s004657815,python,30,0,0,0,0,0,0,0,0,0,0,0,0
p03643,s005381482,python,25,0,0,0,0,0,0,0,0,0,0,0,0
p03643,s005682099,python,34,0,0,0,0,0,0,0,0,0,0,0,0
p03643,s006245052,python,28,0,0,0,0,0,0,0,0,0,0,0,0
p03643,s007640656,python,26,0,0,0,0,0,0,0,0,0,0,0,0
p03643,s008038412,python,34,0,0,0,0,0,0,0,0,0,0,0,0
p03643,s008177682,python,20,0,0,0,0,0,0,0,0,0,0,0,0
p03643,s009544537,python,26,0,0,0,0,0,0,0,0,0,0,0,0
p03643,s009676905,python,25,0,0,0,0,0,0,0,0,0,0,0,0
p03643,s011603529,python,29,0,0,0,0,0,0,0,0,0,0,0,0
p03643,s011686766,python,46,0,0,0,0,0,0,0,0,0,0,0,0
p03643,s012746454,python,24,0,0,0,0,0,0,0,0,0,0,0,0
p03643,s013211490,python,22,0,0,0,0,0,0,0,0,0,0,0,0
p03643,s013683576,python,34,0,0,0,0,0,0,0,0,0,0,0,0
p03647,s000411918,cpp,1724,0,0,0,0,1,0,0,4,2,0,2,14
p03647,s000677577,cpp,2173,0,0,0,0,0,0,0,0,0,0,9,3
p03647,s000756306,cpp,833,0,1,0,0,0,0,0,2,1,1,2,9
p03647,s001429129,cpp,1592,0,0,0,0,0,0,0,6,2,0,4,8
p03647,s002413367,cpp,621,0,0,0,0,1,0,0,4,3,0,1,12
p03647,s002893536,cpp,458,0,0,0,0,0,0,0,2,1,0,1,4
p03647,s003969500,cpp,548,0,0,0,0,0,0,0,1,1,0,1,4
p03647,s003993869,cpp,1640,1,0,0,0,0,0,0,1,1,0,3,9
p03647,s005272229,cpp,1158,0,0,0,0,0,0,0,2,1,0,1,3
p03647,s006746967,cpp,954,0,0,0,0,0,0,0,7,1,0,5,17
p03647,s007015323,cpp,387,0,0,0,0,0,0,0,2,1,0,1,12
p03647,s007515846,cpp,1014,0,1,0,0,0,0,0,2,1,1,3,10
p03647,s008314623,cpp,451,0,0,0,0,0,0,0,3,2,0,1,10
p03647,s008576512,cpp,764,0,0,0,0,0,0,0,2,1,0,1,4
p03647,s009687784,cpp,521,0,0,0,0,1,0,0,2,1,0,1,6
p03647,s009964101,cpp,2024,1,0,0,0,1,0,0,3,2,0,4,15
p03647,s010319070,cpp,339,0,0,0,0,0,0,0,2,1,0,1,8
p03647,s011898780,cpp,1132,0,0,0,0,0,0,0,3,1,0,1,8
p03647,s012108304,cpp,551,0,0,0,0,0,0,0,2,1,0,2,0
p03647,s012258887,cpp,548,0,0,0,0,0,0,0,2,1,0,1,0
p03647,s012549799,cpp,1223,0,0,0,0,0,0,0,1,1,0,4,8
p03647,s012587598,cpp,406,0,0,0,0,0,0,0,2,1,0,1,4
p03647,s013934399,cpp,445,0,0,0,0,0,0,0,2,1,0,1,4
p03647,s014388961,cpp,2098,0,0,0,0,0,0,0,5,1,1,12,4
p03647,s014942073,cpp,382,0,0,0,0,0,0,0,2,1,0,1,4
p03647,s016408146,cpp,365,0,0,0,0,0,0,0,2,1,0,1,5
p03647,s016495375,cpp,1664,0,0,0,0,0,0,0,2,2,1,3,4
p03647,s017207561,cpp,445,0,0,0,0,0,0,0,3,2,0,1,4
p03647,s017469900,cpp,655,0,0,0,0,0,0,0,2,1,0,1,10
p03647,s017625830,cpp,675,0,0,0,0,0,0,0,0,0,0,3,4
p03647,s004832899,python,267,0,0,0,0,0,0,0,2,1,0,0,3
p03647,s015641171,python,354,0,0,0,0,0,0,0,3,2,0,0,4
p03647,s020583444,python,308,0,0,0,0,0,0,0,2,1,0,0,1
p03647,s026890105,python,273,0,0,0,0,0,0,0,1,1,0,0,0
p03647,s032449210,python,251,0,0,0,0,0,0,0,2,1,0,0,4
p03647,s034705706,python,319,0,0,0,0,0,0,0,1,1,0,0,0
p03647,s053698749,python,640,0,0,0,0,0,0,0,4,2,0,1,7
p03647,s057655392,python,347,0,0,0,0,0,0,0,1,1,0,1,0
p03647,s061843748,python,275,0,0,0,0,0,0,0,1,1,0,0,0
p03647,s070453264,python,264,0,0,0,0,0,0,0,2,1,0,0,4
p03647,s075044468,python,652,0,0,0,0,0,0,0,4,1,0,3,16
p03647,s083286498,python,294,0,0,0,0,0,0,0,2,1,0,0,0
p03647,s086341867,python,318,0,0,0,0,0,0,0,1,1,0,0,2
p03647,s086482653,python,268,0,0,0,0,0,0,0,1,1,0,0,0
p03647,s088670393,python,1880,0,0,0,0,0,0,0,5,2,1,14,4
p03647,s094256021,python,408,0,0,0,0,0,0,0,2,1,0,1,6
p03647,s098314354,python,245,0,0,0,0,0,0,0,1,1,0,0,4
p03647,s103926632,python,418,0,0,0,0,0,0,0,2,1,0,0,6
p03647,s114673040,python,369,0,0,0,0,0,0,0,1,1,0,0,12
p03647,s114826502,python,315,0,0,0,0,0,0,0,1,1,0,0,10
p03647,s122217097,python,470,0,0,0,0,0,0,0,2,2,0,0,0
p03647,s133926018,python,274,0,0,0,0,0,0,0,1,1,0,0,4
p03647,s136884366,python,1913,1,0,0,0,0,0,0,7,2,0,11,13
p03647,s137658730,python,366,0,0,0,0,0,0,0,2,1,0,0,3
p03647,s142297768,python,228,0,0,0,0,0,0,0,1,1,0,0,0
p03647,s154536083,python,302,0,0,0,0,0,0,0,2,1,0,0,4
p03647,s159750012,python,289,0,0,0,0,0,0,0,3,2,0,0,4
p03647,s160007958,python,447,0,0,0,0,0,0,0,2,1,0,0,4
p03647,s181667246,python,290,0,0,0,0,0,0,0,2,1,0,0,0
p03647,s184665041,python,273,0,0,0,0,0,0,0,2,1,0,0,8
p03671,s000234104,cpp,131,0,0,0,0,0,0,0,0,0,0,1,0
p03671,s001335271,cpp,271,0,0,0,0,0,0,0,1,1,0,1,3
p03671,s001554986,cpp,247,0,0,0,0,0,0,0,0,0,0,1,0
p03671,s002001144,cpp,159,0,0,0,0,0,0,0,0,0,0,1,0
p03671,s002078068,cpp,3148,0,1,0,0,1,0,0,4,2,1,10,32
p03671,s002194422,cpp,152,0,0,0,0,0,0,0,0,0,0,1,0
p03671,s002387746,cpp,347,0,0,0,0,0,0,0,0,0,0,2,0
p03671,s002566138,cpp,270,0,0,0,0,0,0,0,0,0,0,1,0
p03671,s002616081,cpp,242,0,0,0,0,0,0,0,1,1,0,1,5
p03671,s002677898,cpp,250,0,0,0,0,1,0,0,3,2,0,1,9
p03671,s004026399,cpp,803,0,0,0,0,0,0,0,0,0,0,1,0
p03671,s004196767,cpp,735,0,0,0,0,0,0,0,0,0,0,2,0
p03671,s004501563,cpp,306,0,0,0,0,0,0,0,0,0,0,1,0
p03671,s004760540,cpp,147,0,0,0,0,0,0,0,0,0,0,1,0
p03671,s005077945,cpp,234,0,0,0,0,0,0,0,0,0,0,1,0
p03671,s005324290,cpp,355,0,0,0,0,0,0,0,0,0,0,1,0
p03671,s005456523,cpp,266,0,0,0,0,0,0,0,0,0,0,1,0
p03671,s005464851,cpp,205,0,0,0,0,0,0,0,0,0,0,1,0
p03671,s005577574,cpp,171,0,0,0,0,0,0,0,0,0,0,1,0
p03671,s005861066,cpp,147,0,0,0,0,0,0,0,0,0,0,1,0
p03671,s006007199,cpp,245,0,0,0,0,0,0,0,0,0,0,1,0
p03671,s006764134,cpp,166,0,0,0,0,0,0,0,0,0,0,1,0
p03671,s006851442,cpp,175,0,0,0,0,0,0,0,0,0,0,1,0
p03671,s007112137,cpp,146,0,0,0,0,0,0,0,0,0,0,1,0
p03671,s007351828,cpp,377,0,0,0,0,0,0,0,0,0,1,2,2
p03671,s007662637,cpp,173,0,0,0,0,0,0,0,1,1,0,1,3
p03671,s007941326,cpp,269,0,0,0,0,0,0,0,0,0,0,1,0
p03671,s008108950,cpp,305,0,0,0,0,0,0,0,0,0,0,1,0
p03671,s008156427,cpp,182,0,0,0,0,0,0,0,0,0,0,1,0
p03671,s008444591,cpp,475,0,0,0,0,0,0,0,0,0,0,1,0
p03671,s000227036,python,57,0,0,0,0,0,0,0,0,0,0,0,0
p03671,s001208491,python,68,0,0,0,0,0,0,0,0,0,0,0,0
p03671,s001343970,python,72,0,0,0,0,0,0,0,0,0,0,0,0
p03671,s002659476,python,223,0,0,0,0,0,0,0,0,0,0,0,0
p03671,s003604105,python,59,0,0,0,0,0,0,0,0,0,0,0,2
p03671,s003909039,python,61,0,0,0,0,0,0,0,0,0,0,0,1
p03671,s004076531,python,197,0,0,0,0,0,0,0,0,0,0,0,0
p03671,s004110066,python,61,0,0,0,0,0,0,0,0,0,0,0,0
p03671,s004867296,python,48,0,0,0,0,0,0,0,0,0,0,0,1
p03671,s005598294,python,68,0,0,0,0,0,0,0,0,0,0,0,1
p03671,s005613372,python,58,0,0,0,0,0,0,0,0,0,0,0,1
p03671,s006012528,python,72,0,0,0,0,0,0,0,0,0,0,0,0
p03671,s006020518,python,63,0,0,0,0,0,0,0,0,0,0,0,2
p03671,s006053560,python,93,0,0,0,0,0,0,0,0,0,0,0,0
p03671,s006590478,python,48,0,0,0,0,0,0,0,0,0,0,0,1
p03671,s007603772,python,2200,1,0,1,0,0,0,0,4,2,0,14,6
p03671,s007712749,python,125,0,0,0,0,0,0,0,0,0,0,0,0
p03671,s007988938,python,60,0,0,0,0,0,0,0,0,0,0,0,0
p03671,s008024399,python,60,0,0,0,0,0,0,0,0,0,0,0,0
p03671,s008372708,python,56,0,0,0,0,0,0,0,0,0,0,0,2
p03671,s008687059,python,57,0,0,0,0,0,0,0,0,0,0,0,0
p03671,s008750286,python,54,0,0,0,0,0,0,0,0,0,0,0,0
p03671,s009386325,python,74,0,0,0,0,0,0,0,0,0,0,0,2
p03671,s009489996,python,61,0,0,0,0,0,0,0,0,0,0,0,2
p03671,s009974928,python,51,0,0,0,0,0,0,0,0,0,0,0,0
p03671,s010120956,python,104,0,0,0,0,0,0,0,0,0,0,0,0
p03671,s010529005,python,125,0,0,0,0,0,0,0,0,0,0,0,0
p03671,s011015558,python,63,0,0,0,0,0,0,0,0,0,0,0,2
p03671,s011018601,python,60,0,0,0,0,0,0,0,0,0,0,0,0
p03671,s011206238,python,54,0,0,0,0,0,0,0,0,0,0,0,0
p03710,s002994114,cpp,1688,0,0,0,0,1,0,0,5,2,0,3,30
p03710,s003787863,cpp,1370,0,0,0,0,1,0,0,8,2,0,2,17
p03710,s016482275,cpp,2079,0,0,0,0,0,0,0,4,1,1,5,14
p03710,s021917212,cpp,1912,0,0,0,0,0,0,0,3,1,1,4,14
p03710,s033429336,cpp,1085,0,0,0,0,0,0,0,5,2,0,1,21
p03710,s051212543,cpp,1148,0,0,0,0,1,0,0,4,2,1,2,23
p03710,s051587220,cpp,632,0,0,0,0,1,0,0,0,0,0,1,46
p03710,s052417754,cpp,1244,0,0,0,0,1,0,0,8,2,0,5,29
p03710,s054085090,cpp,2164,0,0,0,0,1,0,0,6,2,1,7,34
p03710,s059405510,cpp,1901,0,0,0,0,1,0,0,8,2,1,10,12
p03710,s065480635,cpp,1709,0,0,0,0,1,0,0,9,2,0,3,47
p03710,s066061723,cpp,1635,0,0,0,0,0,0,0,7,3,0,2,9
p03710,s066172650,cpp,1808,0,0,0,0,1,0,0,7,2,0,6,15
p03710,s066339490,cpp,13652,0,0,0,0,0,0,0,14,3,1,42,20
p03710,s066696923,cpp,1049,0,0,0,0,0,0,0,7,2,0,2,42
p03710,s067427307,cpp,2278,0,0,0,1,1,0,0,15,2,0,8,80
p03710,s071350690,cpp,1088,0,0,0,0,1,0,0,9,3,0,3,15
p03710,s080138510,cpp,722,0,0,0,0,1,0,0,4,2,1,2,8
p03710,s086940751,cpp,1417,0,0,0,0,1,0,0,7,2,1,4,18
p03710,s087359678,cpp,1622,0,0,0,0,1,0,0,4,2,0,2,13
p03710,s097099676,cpp,740,0,0,0,0,1,0,0,6,2,0,1,42
p03710,s100136144,cpp,4552,0,0,0,0,1,0,0,6,1,1,21,45
p03710,s100871229,cpp,1358,0,0,0,0,1,0,0,9,3,0,2,23
p03710,s100977949,cpp,3655,0,0,0,0,0,0,0,8,1,1,10,12
p03710,s103417954,cpp,1400,0,0,0,0,1,0,0,9,3,0,2,14
p03710,s104786824,cpp,1915,0,0,0,0,1,0,0,5,1,0,5,13
p03710,s105427786,cpp,1879,0,0,0,0,1,1,0,10,2,0,3,44
p03710,s108506052,cpp,836,0,0,0,0,1,0,0,6,2,1,3,34
p03710,s110595070,cpp,1918,0,0,0,0,1,0,0,9,2,0,3,47
p03710,s112896495,cpp,1320,0,0,0,0,1,0,0,7,2,0,3,27
p03710,s026847141,python,407,0,0,0,0,0,1,0,4,3,0,0,0
p03710,s069167988,python,361,0,0,0,0,0,1,0,4,3,0,0,0
p03710,s140766107,python,375,0,0,0,0,0,1,0,4,3,0,0,0
p03710,s282149614,python,354,0,0,0,0,0,1,0,4,3,0,0,0
p03710,s305902255,python,1696,0,0,0,0,0,0,0,8,2,1,2,14
p03710,s422639172,python,386,0,0,0,0,0,1,0,4,3,0,0,0
p03710,s434901985,python,723,0,0,0,0,0,1,0,4,3,0,0,0
p03710,s508580676,python,810,0,0,0,0,0,1,0,4,3,0,0,0
p03710,s516715824,python,372,0,0,0,0,0,1,0,4,3,0,0,0
p03710,s563333310,python,378,0,0,0,0,0,1,0,4,3,0,0,0
p03710,s568356299,python,380,0,0,0,0,0,1,0,4,3,0,0,0
p03710,s570955296,python,364,0,0,0,0,0,1,0,4,3,0,0,0
p03710,s584772149,python,376,0,0,0,0,0,1,0,4,3,0,0,0
p03710,s593420692,python,382,0,0,0,0,0,1,0,4,3,0,0,0
p03710,s731714266,python,354,0,0,0,0,0,1,0,4,3,0,0,0
p03710,s732163339,python,378,0,0,0,0,0,1,0,4,3,0,0,0
p03710,s759434270,python,325,0,0,0,0,0,1,0,4,3,0,0,0
p03710,s790498985,python,1684,0,0,0,0,0,0,0,8,2,1,2,14
p03710,s865343624,python,648,0,0,0,0,0,1,0,4,3,0,0,0
p03710,s895876095,python,354,0,0,0,0,0,1,0,4,3,0,0,0
p03710,s968289456,python,378,0,0,0,0,0,1,0,4,3,0,0,0
p03712,s000505650,cpp,1392,0,0,0,0,0,0,0,0,0,0,5,2
p03712,s000633653,cpp,299,0,0,0,0,0,0,0,0,0,0,2,0
p03712,s000918013,cpp,368,0,0,0,0,0,0,0,3,1,0,1,0
p03712,s001041888,cpp,440,0,0,0,0,0,0,0,4,2,0,1,5
p03712,s001279641,cpp,523,0,0,0,0,0,0,0,5,2,0,1,3
p03712,s002069276,cpp,356,0,0,0,0,0,0,0,1,1,0,1,0
p03712,s002141289,cpp,573,0,0,0,0,0,0,0,6,2,0,1,8
p03712,s002326255,cpp,3369,0,1,0,0,1,0,0,4,2,1,12,35
p03712,s002418034,cpp,743,0,0,0,0,0,0,0,2,2,0,2,0
p03712,s002566642,cpp,313,0,0,0,0,0,0,0,0,0,0,2,0
p03712,s002743373,cpp,498,0,0,0,0,0,0,0,4,2,0,1,2
p03712,s002846578,cpp,479,0,0,0,0,0,0,0,0,0,0,1,2
p03712,s002881058,cpp,373,0,0,0,0,0,0,0,3,1,0,2,2
p03712,s002975900,cpp,389,0,0,0,0,0,0,0,3,1,0,1,0
p03712,s003373893,cpp,578,0,0,0,0,0,0,0,0,0,0,2,2
p03712,s003527059,cpp,360,0,0,0,0,0,0,0,3,2,0,1,0
p03712,s003703074,cpp,317,0,0,0,0,0,0,0,2,2,0,1,0
p03712,s004129634,cpp,376,0,0,0,0,0,0,0,3,2,0,1,3
p03712,s004246030,cpp,1767,0,0,0,0,0,0,0,3,3,0,3,4
p03712,s004370941,cpp,400,0,0,0,0,0,0,0,4,2,0,1,0
p03712,s004405519,cpp,5588,0,0,0,0,0,0,0,10,1,0,27,18
p03712,s004419280,cpp,378,0,0,0,0,0,0,0,4,1,0,1,0
p03712,s004628772,cpp,320,0,0,0,0,0,0,0,2,2,0,1,0
p03712,s004794556,cpp,463,0,0,0,0,0,0,0,6,2,0,1,12
p03712,s004949458,cpp,907,0,0,0,0,0,0,0,0,0,0,4,2
p03712,s005043450,cpp,449,0,0,0,0,0,0,0,3,2,0,1,0
p03712,s005088922,cpp,357,0,0,0,0,0,0,0,2,1,0,1,1
p03712,s005205911,cpp,373,0,0,0,0,0,0,0,3,1,0,1,0
p03712,s005670896,cpp,440,0,0,0,0,0,0,0,0,0,0,5,0
p03712,s006295800,cpp,920,0,0,0,0,0,0,0,3,1,1,2,0
p03712,s000286448,python,143,0,0,0,0,0,0,0,1,1,0,0,1
p03712,s000667781,python,222,0,0,0,0,0,0,0,2,1,0,0,1
p03712,s000846222,python,185,0,0,0,0,0,0,0,2,1,0,0,1
p03712,s000908816,python,131,0,0,0,0,0,0,0,1,1,0,0,0
p03712,s001012828,python,133,0,0,0,0,0,0,0,1,1,0,0,0
p03712,s001468709,python,109,0,0,0,0,0,0,0,1,1,0,0,0
p03712,s002152563,python,175,0,0,0,0,0,0,0,2,1,0,0,1
p03712,s002281638,python,143,0,0,0,0,0,0,0,1,1,0,0,0
p03712,s003436868,python,308,0,0,0,0,0,0,0,3,1,0,0,2
p03712,s005158540,python,1311,0,0,0,0,0,0,0,2,1,0,5,0
p03712,s005238844,python,262,0,0,0,0,0,0,0,3,2,0,0,4
p03712,s005436603,python,149,0,0,0,0,0,0,0,1,1,0,0,0
p03712,s006431808,python,267,0,0,0,0,0,0,0,3,1,0,0,0
p03712,s006811902,python,175,0,0,0,0,0,0,0,2,1,0,0,0
p03712,s007976459,python,304,0,0,0,0,0,0,0,2,2,0,0,2
p03712,s008167391,python,253,0,0,0,0,0,0,0,4,1,0,0,2
p03712,s008548011,python,123,0,0,0,0,0,0,0,1,1,0,0,0
p03712,s009149698,python,422,0,0,0,0,0,0,0,3,1,0,1,1
p03712,s009963400,python,911,0,0,0,0,0,0,0,4,2,0,0,2
p03712,s010480912,python,110,0,0,0,0,0,0,0,1,1,0,0,0
p03712,s011132931,python,122,0,0,0,0,0,0,0,1,1,0,0,0
p03712,s012051707,python,109,0,0,0,0,0,0,0,1,1,0,0,0
p03712,s012218367,python,120,0,0,0,0,0,0,0,1,1,0,0,0
p03712,s012611571,python,195,0,0,0,0,0,0,0,1,1,0,0,0
p03712,s012929276,python,181,0,0,0,0,0,0,0,2,1,0,0,1
p03712,s013440334,python,266,0,0,0,0,0,0,0,2,1,0,0,3
p03712,s014032376,python,266,0,0,0,0,0,0,0,4,2,0,0,5
p03712,s014103971,python,295,0,0,0,0,0,0,0,3,1,0,0,8
p03712,s015160380,python,2045,0,0,0,0,0,0,0,6,2,0,8,6
p03712,s015670529,python,140,0,0,0,0,0,0,0,1,1,0,0,0
p03720,s000092391,cpp,318,0,0,0,0,0,0,0,2,1,0,1,0
p03720,s000118406,cpp,271,0,0,0,0,0,0,0,2,1,0,1,3
p03720,s000133236,cpp,519,0,0,0,0,0,0,0,2,1,0,1,2
p03720,s000216020,cpp,266,0,0,0,0,0,0,0,2,1,0,1,3
p03720,s000321409,cpp,425,0,0,0,0,0,0,0,2,1,0,1,3
p03720,s000352286,cpp,275,0,0,0,0,0,0,0,2,1,0,1,3
p03720,s000439853,cpp,1437,0,0,0,0,0,0,0,0,0,0,6,2
p03720,s000855360,cpp,520,0,0,0,0,0,0,0,2,1,0,1,3
p03720,s000861874,cpp,559,0,0,0,0,0,0,0,2,1,0,1,3
p03720,s001660558,cpp,1862,0,0,0,0,0,0,0,1,1,1,5,4
p03720,s001721899,cpp,477,0,0,0,0,0,0,0,4,1,0,1,8
p03720,s001811496,cpp,357,0,0,0,0,0,0,0,3,2,0,1,0
p03720,s001914854,cpp,306,0,0,0,0,0,0,0,3,1,0,1,4
p03720,s001991259,cpp,306,0,0,0,0,0,0,0,3,1,0,1,7
p03720,s002003825,cpp,369,0,0,0,0,0,0,0,4,2,0,1,8
p03720,s002138583,cpp,378,0,0,0,0,0,0,0,2,1,0,1,3
p03720,s002194239,cpp,320,0,0,0,0,0,0,0,2,1,0,1,0
p03720,s002458905,cpp,572,0,0,0,0,0,0,0,2,1,0,2,3
p03720,s002475791,cpp,1318,0,0,0,0,0,0,0,2,1,0,2,3
p03720,s002481564,cpp,267,0,0,0,0,0,0,0,2,1,0,1,0
p03720,s002645957,cpp,571,0,0,0,0,0,0,0,4,2,0,1,0
p03720,s002915342,cpp,280,0,0,0,0,0,0,0,2,1,0,1,0
p03720,s002961787,cpp,290,0,0,0,0,0,0,0,2,1,0,1,0
p03720,s002995925,cpp,477,0,0,0,0,0,0,0,3,2,0,1,0
p03720,s003318393,cpp,935,0,0,0,0,0,0,0,1,1,0,3,3
p03720,s003422023,cpp,809,0,0,0,0,0,0,0,2,1,0,3,0
p03720,s003533865,cpp,469,0,0,0,0,0,0,0,0,0,0,3,9
p03720,s003910472,cpp,352,0,0,0,0,0,0,0,2,1,0,1,3
p03720,s004033844,cpp,769,0,0,0,0,0,0,0,0,0,0,4,3
p03720,s004154034,cpp,302,0,0,0,0,0,0,0,2,1,0,1,3
p03720,s000087647,python,181,0,0,0,0,0,0,0,2,1,0,0,0
p03720,s000215693,python,186,0,0,0,0,0,0,0,2,1,0,0,2
p03720,s000352442,python,180,0,0,0,0,0,0,0,2,1,0,0,4
p03720,s000875904,python,140,0,0,0,0,0,0,0,1,1,0,0,0
p03720,s000961172,python,297,0,0,0,0,0,0,0,2,1,0,0,3
p03720,s001721453,python,144,0,0,0,0,0,0,0,2,1,0,0,0
p03720,s001726071,python,185,0,0,0,0,0,0,0,2,1,0,0,2
p03720,s001862509,python,353,0,0,0,0,0,0,0,3,2,0,0,4
p03720,s002068550,python,243,0,0,0,0,0,0,0,2,1,0,0,12
p03720,s002304993,python,393,0,0,0,0,0,0,0,2,1,0,1,5
p03720,s002811008,python,187,0,0,0,0,0,0,0,2,1,0,0,2
p03720,s003265571,python,168,0,0,0,0,0,0,0,2,1,0,0,2
p03720,s004309539,python,243,0,0,0,0,0,0,0,2,1,0,0,1
p03720,s005701268,python,195,0,0,0,0,0,0,0,2,1,0,0,2
p03720,s006200275,python,226,0,0,0,0,0,0,0,2,1,0,0,5
p03720,s006690974,python,238,0,0,0,0,0,0,0,2,1,0,0,5
p03720,s006925522,python,224,0,0,0,0,0,0,0,2,1,0,0,2
p03720,s007654566,python,250,0,0,0,0,0,0,0,3,2,0,0,1
p03720,s008178695,python,253,0,0,0,0,0,0,0,2,2,0,0,4
p03720,s008521663,python,233,0,0,0,0,0,0,0,3,2,0,0,2
p03720,s008870388,python,246,0,0,0,0,0,0,0,2,1,0,1,3
p03720,s009052175,python,76,0,0,0,0,0,0,0,1,1,0,0,0
p03720,s009542868,python,210,0,0,0,0,0,0,0,3,1,0,0,3
p03720,s009697964,python,156,0,0,0,0,0,0,0,2,1,0,0,3
p03720,s009698458,python,177,0,0,0,0,0,0,0,2,1,0,0,0
p03720,s010177451,python,234,0,0,0,0,0,0,0,3,1,0,1,4
p03720,s011315147,python,178,0,0,0,0,0,0,0,2,1,0,0,4
p03720,s011455255,python,181,0,0,0,0,0,0,0,3,2,0,0,1
p03720,s012489220,python,218,0,0,0,0,0,0,0,2,1,0,0,3
p03720,s012643528,python,212,0,0,0,0,0,0,0,2,2,0,0,1
p03740,s000163030,cpp,226,0,0,0,0,0,0,0,0,0,0,1,0
p03740,s001351870,cpp,425,0,0,0,0,0,0,0,0,0,0,1,0
p03740,s001422021,cpp,1024,0,0,0,0,0,0,0,0,0,0,1,0
p03740,s001944874,cpp,916,0,0,0,0,0,0,0,0,0,1,3,0
p03740,s002033356,cpp,11979,0,0,0,0,0,0,0,17,2,1,111,6
p03740,s005108087,cpp,692,0,0,0,0,0,0,0,0,0,0,3,0
p03740,s005700517,cpp,1660,0,0,0,0,0,0,0,0,0,0,4,0
p03740,s006296565,cpp,1434,0,0,0,0,0,0,0,2,1,0,2,0
p03740,s007106775,cpp,15818,0,0,0,0,1,0,0,12,2,1,79,22
p03740,s011262176,cpp,583,0,0,0,0,0,0,0,0,0,0,1,0
p03740,s011284546,cpp,327,0,0,0,0,0,0,0,0,0,0,1,0
p03740,s012556795,cpp,182,0,0,0,0,0,0,0,0,0,0,1,0
p03740,s013261320,cpp,3226,0,0,0,0,0,0,0,1,1,1,19,0
p03740,s015975585,cpp,294,0,0,0,0,0,0,0,0,0,0,1,0
p03740,s016185420,cpp,188,0,0,0,0,0,0,0,0,0,0,1,0
p03740,s017056897,cpp,232,0,0,0,0,0,0,0,0,0,0,1,0
p03740,s017770775,cpp,228,0,0,0,0,0,0,0,0,0,0,1,0
p03740,s017962883,cpp,2310,0,0,0,0,0,0,0,0,0,0,19,1
p03740,s018345129,cpp,144,0,0,0,0,0,0,0,0,0,0,1,0
p03740,s018424622,cpp,140,0,0,0,0,0,0,0,0,0,0,1,0
p03740,s020016021,cpp,233,0,0,0,0,0,0,0,0,0,0,1,0
p03740,s020919512,cpp,483,0,0,0,0,0,0,0,0,0,0,3,0
p03740,s020972885,cpp,1896,0,0,0,0,0,0,0,0,0,0,6,0
p03740,s021070541,cpp,1339,0,0,0,0,0,0,0,0,0,1,5,0
p03740,s024558562,cpp,1077,0,0,0,0,0,0,0,0,0,0,1,0
p03740,s024842494,cpp,281,0,0,0,0,0,0,0,0,0,0,1,0
p03740,s025809550,cpp,167,0,0,0,0,0,0,0,0,0,0,1,0
p03740,s025836675,cpp,488,0,0,0,0,0,0,0,0,0,0,1,0
p03740,s025922064,cpp,214,0,0,0,0,0,0,0,0,0,0,1,0
p03740,s026505304,cpp,680,0,0,0,0,0,0,0,0,0,0,1,0
p03740,s000080825,python,98,0,0,0,0,0,0,0,0,0,0,0,0
p03740,s004167069,python,96,0,0,0,0,0,0,0,0,0,0,0,0
p03740,s013892506,python,92,0,0,0,0,0,0,0,0,0,0,0,0
p03740,s015900814,python,73,0,0,0,0,0,0,0,0,0,0,0,0
p03740,s016201018,python,95,0,0,0,0,0,0,0,0,0,0,0,0
p03740,s030337349,python,206,0,0,0,0,0,0,0,0,0,0,2,1
p03740,s031210351,python,90,0,0,0,0,0,0,0,0,0,0,0,0
p03740,s034318186,python,88,0,0,0,0,0,0,0,0,0,0,0,0
p03740,s039780772,python,84,0,0,0,0,0,0,0,0,0,0,0,0
p03740,s044781845,python,78,0,0,0,0,0,0,0,0,0,0,0,0
p03740,s046016923,python,90,0,0,0,0,0,0,0,0,0,0,0,0
p03740,s048502356,python,96,0,0,0,0,0,0,0,0,0,0,0,0
p03740,s052953891,python,64,0,0,0,0,0,0,0,0,0,0,0,1
p03740,s058049594,python,83,0,0,0,0,0,0,0,0,0,0,0,0
p03740,s059071492,python,67,0,0,0,0,0,0,0,0,0,0,0,0
p03740,s059288720,python,69,0,0,0,0,0,0,0,0,0,0,0,0
p03740,s059351918,python,75,0,0,0,0,0,0,0,0,0,0,0,0
p03740,s068190099,python,88,0,0,0,0,0,0,0,0,0,0,0,0
p03740,s069432133,python,92,0,0,0,0,0,0,0,0,0,0,0,0
p03740,s071914183,python,83,0,0,0,0,0,0,0,0,0,0,0,0
p03740,s072035993,python,92,0,0,0,0,0,0,0,0,0,0,0,0
p03740,s074685013,python,93,0,0,0,0,0,0,0,0,0,0,0,0
p03740,s075211278,python,87,0,0,0,0,0,0,0,0,0,0,0,0
p03740,s078746187,python,284,0,0,0,0,0,0,0,0,0,0,0,0
p03740,s081871634,python,1255,0,1,0,0,0,0,0,2,1,1,13,8
p03740,s082564760,python,96,0,0,0,0,0,0,0,0,0,0,0,0
p03740,s084493892,python,86,0,0,0,0,0,0,0,0,0,0,0,0
p03740,s086192008,python,294,0,0,0,0,0,0,0,0,0,0,0,0
p03740,s087600799,python,83,0,0,0,0,0,0,0,0,0,0,0,0
p03740,s088460146,python,188,0,0,0,0,0,0,0,0,0,0,0,0
p03742,s001968197,cpp,1735,0,0,0,0,0,0,0,2,1,1,4,0
p03742,s003046927,cpp,1158,0,0,0,0,0,0,0,0,0,0,1,0
p03742,s003167398,cpp,338,0,0,0,0,0,0,0,0,0,0,1,0
p03742,s003891129,cpp,161,0,0,0,0,0,0,0,0,0,0,1,0
p03742,s004582531,cpp,296,0,0,0,0,0,0,0,0,0,0,1,0
p03742,s008004182,cpp,277,0,0,0,0,0,0,0,0,0,0,1,0
p03742,s008660595,cpp,1508,0,0,0,0,0,0,0,1,1,0,2,0
p03742,s008913799,cpp,2640,0,0,0,0,0,0,0,0,0,0,1,0
p03742,s009849647,cpp,2172,0,0,0,0,0,0,0,7,1,1,13,5
p03742,s011038231,cpp,1563,0,0,0,0,0,0,0,6,3,0,1,10
p03742,s014565672,cpp,194,0,0,0,0,0,0,0,0,0,0,1,0
p03742,s014844600,cpp,374,0,0,0,0,0,0,0,0,0,0,1,0
p03742,s015670642,cpp,1187,0,0,0,0,0,0,0,0,0,0,1,0
p03742,s016749955,cpp,916,0,0,0,0,0,0,0,0,0,0,1,0
p03742,s016771811,cpp,639,0,0,0,0,0,0,0,0,0,0,1,0
p03742,s018510199,cpp,226,0,0,0,0,0,0,0,0,0,0,1,0
p03742,s019294129,cpp,1520,0,0,0,0,0,0,0,2,1,1,7,0
p03742,s019622199,cpp,167,0,0,0,0,0,0,0,0,0,0,1,0
p03742,s019722368,cpp,392,0,0,0,0,0,0,0,0,0,0,1,0
p03742,s019784330,cpp,136,0,0,0,0,0,0,0,0,0,0,1,0
p03742,s021740181,cpp,578,0,0,0,0,0,0,0,0,0,1,2,0
p03742,s022194342,cpp,176,0,0,0,0,0,0,0,0,0,0,1,0
p03742,s024015772,cpp,852,0,0,0,0,0,0,0,0,0,0,1,0
p03742,s025923686,cpp,277,0,0,0,0,0,0,0,0,0,0,1,0
p03742,s026582828,cpp,5260,0,0,0,0,0,0,0,2,1,1,11,4
p03742,s026726100,cpp,677,0,0,0,0,0,0,0,6,3,0,1,10
p03742,s027110675,cpp,1412,0,0,0,0,0,0,0,0,0,0,1,0
p03742,s027419994,cpp,541,0,0,0,0,0,0,0,0,0,0,1,0
p03742,s027508757,cpp,172,0,0,0,0,0,0,0,0,0,0,1,0
p03742,s027773501,cpp,1388,0,0,0,0,0,0,0,0,0,0,4,0
p03742,s029259764,python,197,0,0,0,0,0,0,0,0,0,0,0,0
p03742,s058341968,python,91,0,0,0,0,0,0,0,0,0,0,0,0
p03742,s098192005,python,335,0,0,0,0,0,0,0,0,0,0,1,0
p03742,s099517580,python,108,0,0,0,0,0,0,0,0,0,0,0,0
p03742,s107827414,python,181,0,0,0,0,0,0,0,0,0,0,1,0
p03742,s115421882,python,84,0,0,0,0,0,0,0,0,0,0,0,0
p03742,s121070288,python,63,0,0,0,0,0,0,0,0,0,0,0,1
p03742,s150869402,python,96,0,0,0,0,0,0,0,0,0,0,0,0
p03742,s155422294,python,132,0,0,0,0,0,0,0,0,0,0,0,0
p03742,s161244472,python,121,0,0,0,0,0,0,0,0,0,0,0,0
p03742,s192496727,python,73,0,0,0,0,0,0,0,0,0,0,0,0
p03742,s194702728,python,68,0,0,0,0,0,0,0,0,0,0,0,0
p03742,s221181846,python,88,0,0,0,0,0,0,0,0,0,0,0,0
p03742,s221825999,python,107,0,0,0,0,0,0,0,0,0,0,0,0
p03742,s239409159,python,92,0,0,0,0,0,0,0,0,0,0,0,0
p03742,s247890056,python,83,0,0,0,0,0,0,0,0,0,0,0,0
p03742,s251481591,python,667,0,1,0,0,0,0,0,2,1,1,3,2
p03742,s251753626,python,615,0,0,0,0,0,0,0,0,0,0,8,0
p03742,s256402999,python,108,0,0,0,0,0,0,0,0,0,0,0,0
p03742,s264805155,python,99,0,0,0,0,0,0,0,0,0,0,0,0
p03742,s293187902,python,81,0,0,0,0,0,0,0,0,0,0,0,0
p03742,s323348542,python,88,0,0,0,0,0,0,0,0,0,0,0,0
p03742,s345356011,python,85,0,0,0,0,0,0,0,0,0,0,0,0
p03742,s351667604,python,147,0,0,0,0,0,0,0,0,0,0,0,0
p03742,s357313624,python,148,0,0,0,0,0,0,0,0,0,0,1,0
p03742,s371531824,python,80,0,0,0,0,0,0,0,0,0,0,0,0
p03742,s377208408,python,71,0,0,0,0,0,0,0,0,0,0,0,0
p03742,s383193011,python,86,0,0,0,0,0,0,0,0,0,0,0,0
p03742,s385413394,python,113,0,0,0,0,0,0,0,0,0,0,1,0
p03742,s433726095,python,99,0,0,0,0,0,0,0,0,0,0,0,0
p03747,s000833784,cpp,3152,0,0,0,0,0,1,0,3,1,0,4,44
p03747,s001578221,cpp,1462,0,0,0,0,0,1,0,6,1,0,1,28
p03747,s001890891,cpp,656,0,0,0,0,0,0,0,0,0,0,3,13
p03747,s002685083,cpp,799,0,0,0,0,0,1,0,5,2,0,1,2
p03747,s005686087,cpp,790,0,0,0,0,0,1,0,3,1,0,1,9
p03747,s007561272,cpp,1912,0,0,0,0,0,0,0,0,0,0,3,16
p03747,s007639050,cpp,3133,0,0,0,0,0,1,0,2,1,0,9,16
p03747,s007794963,cpp,455,0,0,0,0,0,1,0,3,1,0,1,7
p03747,s008944482,cpp,1258,0,0,0,0,0,0,0,7,1,1,4,9
p03747,s009056102,cpp,1751,0,0,0,0,0,0,0,0,0,0,1,14
p03747,s009591918,cpp,2012,0,0,0,0,0,1,0,7,1,0,10,12
p03747,s010882691,cpp,430,0,0,0,0,0,0,0,0,0,0,2,1
p03747,s011765127,cpp,1431,0,0,0,0,0,1,0,2,1,0,1,2
p03747,s012075014,cpp,2041,0,0,0,0,0,1,0,6,1,0,6,33
p03747,s013102917,cpp,1212,0,0,0,0,0,1,0,7,1,0,1,19
p03747,s015903561,cpp,406,0,0,0,0,0,1,0,3,1,0,1,8
p03747,s017057399,cpp,659,0,0,0,0,0,1,0,3,1,0,1,2
p03747,s022027097,cpp,1567,0,0,0,0,0,1,0,6,1,0,1,17
p03747,s022542163,cpp,890,0,0,0,0,0,1,0,2,1,0,1,4
p03747,s022893082,cpp,1266,0,0,0,0,0,1,0,6,1,0,8,9
p03747,s025268790,cpp,2113,0,0,0,0,0,0,0,0,0,0,4,20
p03747,s026260538,cpp,2234,0,0,0,0,0,0,0,0,0,0,8,2
p03747,s032476989,cpp,1328,0,0,0,0,0,1,0,5,1,0,2,25
p03747,s034696581,cpp,1043,0,0,0,0,0,0,0,0,0,0,3,8
p03747,s036742911,cpp,453,0,0,0,0,0,0,0,0,0,0,2,1
p03747,s037491098,cpp,640,0,0,0,0,0,1,0,4,1,0,1,11
p03747,s038078948,cpp,2380,0,0,0,0,0,0,0,2,1,0,7,15
p03747,s039954820,cpp,3363,0,0,0,0,0,1,0,8,2,0,4,18
p03747,s041416623,cpp,941,0,0,0,0,0,1,0,4,1,0,2,11
p03747,s041585404,cpp,442,0,0,0,0,0,1,0,2,1,0,1,3
p03747,s019111880,python,502,0,0,0,0,0,1,0,2,1,0,1,2
p03747,s026867811,python,262,0,0,0,0,0,1,0,2,1,0,0,2
p03747,s030303384,python,717,0,0,0,0,0,1,0,2,1,0,0,25
p03747,s037409175,python,156,0,0,0,0,0,1,0,2,1,0,0,2
p03747,s055431000,python,596,0,0,0,0,0,1,0,3,1,0,0,14
p03747,s058211569,python,271,0,0,0,0,0,1,0,2,1,0,0,1
p03747,s063740781,python,743,0,0,0,0,0,1,0,2,1,0,1,3
p03747,s071737928,python,941,0,0,0,0,0,1,0,7,1,0,0,18
p03747,s081189260,python,610,0,0,0,0,0,1,0,3,1,0,0,6
p03747,s086409953,python,368,0,0,0,0,0,1,0,3,1,0,0,14
p03747,s102106514,python,1157,0,0,0,0,0,1,0,3,1,0,0,19
p03747,s102638442,python,266,0,0,0,0,0,1,0,2,1,0,0,2
p03747,s125646904,python,851,0,0,0,0,0,1,0,3,1,0,1,4
p03747,s136403361,python,862,0,0,0,0,0,1,0,4,1,0,0,15
p03747,s149952750,python,880,0,0,0,0,0,1,0,3,1,0,0,13
p03747,s150355831,python,712,0,0,0,0,0,1,0,6,1,0,0,28
p03747,s160082488,python,665,0,0,0,0,0,1,0,4,1,0,0,10
p03747,s167135877,python,315,0,0,0,0,0,1,0,2,1,0,2,2
p03747,s168923431,python,389,0,0,0,0,0,1,0,2,1,0,0,3
p03747,s182699566,python,640,0,0,0,0,0,1,0,4,1,0,0,8
p03747,s188665770,python,236,0,0,0,0,0,0,0,1,1,0,0,2
p03747,s197916269,python,1803,0,0,0,0,0,1,0,2,1,0,0,4
p03747,s204939582,python,782,0,0,0,0,0,1,0,2,1,0,0,13
p03747,s216230376,python,878,0,0,0,0,0,1,0,1,1,0,0,9
p03747,s218894596,python,641,0,0,0,0,0,1,0,3,1,0,0,5
p03747,s234024486,python,931,0,0,0,0,0,1,0,8,1,0,0,21
p03747,s237586237,python,371,0,0,0,0,0,0,0,0,0,0,0,2
p03747,s241158579,python,1807,0,0,0,0,0,1,0,5,1,0,6,20
p03747,s272481013,python,1041,0,0,0,0,0,1,0,5,1,0,0,37
p03747,s280382719,python,1069,0,0,0,0,0,1,0,5,1,0,0,35
p03750,s021052132,cpp,3408,0,0,0,0,1,1,0,2,1,0,5,39
p03750,s058869414,cpp,1518,0,0,0,0,0,1,0,11,2,0,4,21
p03750,s073361257,cpp,2691,0,0,0,0,1,1,0,16,2,0,5,65
p03750,s075520116,cpp,3105,0,0,0,0,1,0,0,16,2,1,11,47
p03750,s088321270,cpp,2046,0,0,0,0,1,1,0,11,2,0,2,38
p03750,s101069506,cpp,1943,0,0,0,0,1,1,0,18,3,0,2,48
p03750,s112394918,cpp,2074,0,0,0,0,1,1,0,16,2,0,3,44
p03750,s142980943,cpp,2057,0,0,0,0,1,1,0,12,3,0,1,42
p03750,s153736911,cpp,1746,0,0,0,0,1,1,0,9,2,0,1,28
p03750,s167977526,cpp,3422,1,0,0,0,1,1,0,5,1,0,9,43
p03750,s188876119,cpp,2264,0,0,0,0,1,1,0,16,2,0,3,60
p03750,s205787551,cpp,5583,0,0,0,0,1,1,0,23,2,0,8,54
p03750,s205862940,cpp,2334,0,0,0,0,0,1,0,12,2,0,5,27
p03750,s209522909,cpp,2351,0,0,0,0,0,1,0,7,1,0,8,37
p03750,s209834455,cpp,2314,0,0,0,0,1,1,0,17,3,0,8,58
p03750,s215696309,cpp,8335,1,0,0,0,1,0,0,9,1,1,48,25
p03750,s231335924,cpp,1894,0,0,0,0,0,1,0,8,1,0,5,22
p03750,s233457533,cpp,2441,0,0,0,0,1,1,0,2,1,0,2,49
p03750,s238549415,cpp,3622,0,0,0,0,1,1,0,14,2,0,4,60
p03750,s239133274,cpp,4333,1,0,0,0,0,0,0,15,3,1,8,28
p03750,s239134828,cpp,2283,0,0,0,0,0,1,0,16,2,0,5,46
p03750,s241006143,cpp,3191,0,0,0,0,1,1,0,26,3,0,9,59
p03750,s254511803,cpp,5137,0,0,0,0,0,1,0,10,2,0,32,46
p03750,s264627889,cpp,3983,0,0,0,0,1,1,0,16,2,0,4,27
p03750,s265261581,cpp,2083,0,0,0,0,1,1,0,13,2,0,2,47
p03750,s285826331,cpp,4839,0,0,0,1,1,1,1,23,2,0,11,69
p03750,s288239754,cpp,2044,0,0,0,0,1,1,0,22,3,0,2,52
p03750,s298802521,cpp,4361,0,0,0,0,1,0,0,4,1,1,11,53
p03750,s302510755,cpp,2342,0,0,0,0,1,1,0,22,3,0,1,55
p03750,s308811321,cpp,2281,0,0,0,0,1,1,0,5,1,0,4,50
p03759,s000479552,cpp,318,0,0,0,0,0,0,0,0,0,0,1,0
p03759,s000559989,cpp,201,0,0,0,0,0,0,0,0,0,0,1,0
p03759,s000765625,cpp,170,0,0,0,0,0,0,0,0,0,0,1,0
p03759,s001313161,cpp,185,0,0,0,0,0,0,0,0,0,0,1,0
p03759,s001718245,cpp,231,0,0,0,0,0,0,0,0,0,0,1,0
p03759,s001831968,cpp,417,0,0,0,0,0,0,0,0,0,0,1,0
p03759,s002466581,cpp,179,0,0,0,0,0,0,0,0,0,0,1,0
p03759,s002504873,cpp,415,0,0,0,0,0,0,0,0,0,0,1,0
p03759,s002578590,cpp,1152,0,0,0,0,0,0,0,0,0,1,6,0
p03759,s002732028,cpp,211,0,0,0,0,0,0,0,0,0,0,1,0
p03759,s003331862,cpp,280,0,0,0,0,0,0,0,0,0,0,1,0
p03759,s003898828,cpp,382,0,0,0,0,0,0,0,0,0,0,1,0
p03759,s004249906,cpp,348,0,0,0,0,0,0,0,0,0,0,1,0
p03759,s004507735,cpp,210,0,0,0,0,0,0,0,0,0,0,1,0
p03759,s004752840,cpp,260,0,0,0,0,0,0,0,0,0,0,1,0
p03759,s004782873,cpp,304,0,0,0,0,0,0,0,0,0,0,1,0
p03759,s005178498,cpp,1115,0,0,0,0,0,0,0,0,0,1,3,0
p03759,s005444723,cpp,182,0,0,0,0,0,0,0,0,0,0,1,0
p03759,s005525608,cpp,148,0,0,0,0,0,0,0,0,0,0,1,0
p03759,s005837389,cpp,135,0,0,0,0,0,0,0,0,0,0,1,0
p03759,s006082507,cpp,218,0,0,0,0,0,0,0,0,0,0,1,0
p03759,s006221817,cpp,196,0,0,0,0,0,0,0,0,0,0,1,0
p03759,s006349739,cpp,6664,0,0,0,0,1,0,1,8,2,1,27,42
p03759,s006763422,cpp,668,0,0,0,0,0,0,0,0,0,0,1,0
p03759,s006809101,cpp,198,0,0,0,0,0,0,0,0,0,0,1,0
p03759,s007989900,cpp,253,0,0,0,0,0,0,0,0,0,0,1,0
p03759,s008919919,cpp,1339,0,0,0,0,0,0,0,0,0,0,4,0
p03759,s009027802,cpp,147,0,0,0,0,0,0,0,0,0,0,1,0
p03759,s009054512,cpp,186,0,0,0,0,0,0,0,0,0,0,1,0
p03759,s010015794,cpp,247,0,0,0,0,0,0,0,0,0,0,1,0
p03759,s000575203,python,80,0,0,0,0,0,0,0,0,0,0,0,0
p03759,s002149463,python,89,0,0,0,0,0,0,0,0,0,0,0,0
p03759,s002449977,python,94,0,0,0,0,0,0,0,0,0,0,0,0
p03759,s003188125,python,82,0,0,0,0,0,0,0,0,0,0,0,0
p03759,s004021062,python,92,0,0,0,0,0,0,0,0,0,0,0,0
p03759,s004744109,python,78,0,0,0,0,0,0,0,0,0,0,0,0
p03759,s004810820,python,106,0,0,0,0,0,0,0,0,0,0,0,0
p03759,s005080198,python,65,0,0,0,0,0,0,0,0,0,0,0,0
p03759,s005194372,python,104,0,0,0,0,0,0,0,0,0,0,0,0
p03759,s005741089,python,78,0,0,0,0,0,0,0,0,0,0,0,0
p03759,s006473592,python,89,0,0,0,0,0,0,0,0,0,0,0,0
p03759,s006539475,python,94,0,0,0,0,0,0,0,0,0,0,0,0
p03759,s006809709,python,81,0,0,0,0,0,0,0,0,0,0,0,3
p03759,s006971255,python,181,0,0,0,0,0,0,0,0,0,0,1,0
p03759,s007249394,python,78,0,0,0,0,0,0,0,0,0,0,0,0
p03759,s008705700,python,70,0,0,0,0,0,0,0,0,0,0,0,1
p03759,s009127037,python,65,0,0,0,0,0,0,0,0,0,0,0,0
p03759,s009447895,python,60,0,0,0,0,0,0,0,0,0,0,0,1
p03759,s010759135,python,89,0,0,0,0,0,0,0,0,0,0,0,0
p03759,s012382346,python,79,0,0,0,0,0,0,0,0,0,0,0,0
p03759,s013640277,python,91,0,0,0,0,0,0,0,0,0,0,0,0
p03759,s013834612,python,93,0,0,0,0,0,0,0,0,0,0,0,0
p03759,s014111267,python,101,0,0,0,0,0,0,0,0,0,0,1,0
p03759,s014434413,python,73,0,0,0,0,0,0,0,0,0,0,0,0
p03759,s014616510,python,85,0,0,0,0,0,0,0,0,0,0,0,0
p03759,s016004298,python,89,0,0,0,0,0,0,0,0,0,0,0,0
p03759,s016898813,python,91,0,0,0,0,0,0,0,0,0,0,0,0
p03759,s017100969,python,68,0,0,0,0,0,0,0,0,0,0,0,0
p03759,s017716443,python,71,0,0,0,0,0,0,0,0,0,0,0,1
p03759,s018280026,python,91,0,0,0,0,0,0,0,0,0,0,0,0
p03764,s000263081,cpp,813,0,0,0,0,0,1,0,4,1,0,1,6
p03764,s002380525,cpp,458,0,0,0,0,0,1,0,4,1,0,1,6
p03764,s005525375,cpp,1248,0,0,0,0,0,0,0,0,0,0,1,6
p03764,s007786979,cpp,626,0,0,0,0,0,0,0,0,0,0,2,2
p03764,s008236157,cpp,1997,0,0,0,0,0,0,0,4,1,1,3,14
p03764,s008979954,cpp,1788,0,0,0,0,0,0,0,4,1,0,2,4
p03764,s010135489,cpp,1076,0,0,0,0,0,1,0,4,1,0,1,6
p03764,s010303042,cpp,699,0,0,0,0,0,0,0,6,1,0,1,6
p03764,s010675418,cpp,744,0,0,0,0,0,0,0,0,0,0,1,16
p03764,s011389722,cpp,2505,0,0,0,0,0,0,0,0,0,0,10,6
p03764,s011394684,cpp,527,0,0,0,0,0,0,0,4,1,0,1,4
p03764,s011972185,cpp,966,0,0,0,0,1,0,0,6,1,0,1,28
p03764,s012103666,cpp,1273,0,0,0,0,1,0,0,6,1,0,1,18
p03764,s012178699,cpp,787,0,0,0,0,0,1,0,4,1,0,1,6
p03764,s013028310,cpp,2919,0,0,0,0,0,0,0,1,1,1,9,4
p03764,s014517277,cpp,607,0,0,0,0,0,1,0,4,1,0,1,4
p03764,s016040451,cpp,1788,0,0,0,0,0,0,0,6,1,0,4,4
p03764,s016594342,cpp,694,0,0,0,0,0,0,0,4,1,0,2,4
p03764,s017776767,cpp,865,0,0,0,0,0,0,0,4,1,0,1,10
p03764,s017788045,cpp,1670,0,0,0,0,1,0,0,0,0,0,5,18
p03764,s017964832,cpp,670,0,0,0,0,0,0,0,2,1,0,1,0
p03764,s018218843,cpp,1366,0,0,0,0,1,1,0,2,1,0,1,14
p03764,s018381742,cpp,5276,0,0,0,0,0,0,0,4,1,0,39,0
p03764,s020672091,cpp,2212,0,0,0,0,0,0,0,1,1,0,10,4
p03764,s022742263,cpp,1175,0,0,0,0,0,1,0,1,1,0,5,6
p03764,s027103779,cpp,1578,0,0,0,0,0,0,0,0,0,0,4,6
p03764,s027340442,cpp,651,0,0,0,0,0,0,0,4,1,0,1,6
p03764,s027579205,cpp,2143,0,0,0,0,0,0,0,0,0,0,3,0
p03764,s028826428,cpp,9994,0,0,0,0,1,0,0,10,1,1,54,20
p03764,s029344668,cpp,425,0,0,0,0,0,0,0,2,1,0,1,0
p03764,s002743951,python,346,0,0,0,0,0,0,0,2,1,0,0,4
p03764,s003176894,python,330,0,0,0,0,0,0,0,2,1,0,0,4
p03764,s006316652,python,239,0,0,0,0,0,0,0,2,1,0,0,2
p03764,s020504190,python,325,0,0,0,0,0,0,0,0,0,0,0,4
p03764,s032664070,python,526,0,0,0,0,0,1,0,2,1,0,1,2
p03764,s075657976,python,294,0,0,0,0,0,0,0,2,1,0,0,0
p03764,s091003725,python,520,0,0,0,0,0,0,0,2,1,0,0,6
p03764,s092633879,python,164,0,0,0,0,0,0,0,0,0,0,1,2
p03764,s094413660,python,321,0,0,0,0,0,0,0,2,1,0,0,4
p03764,s096140703,python,477,0,0,0,0,0,0,0,2,1,0,1,4
p03764,s107656999,python,663,0,0,0,0,0,0,0,3,1,0,2,4
p03764,s113747521,python,325,0,0,0,0,0,0,0,2,1,0,0,4
p03764,s115120613,python,300,0,0,0,0,0,0,0,2,1,0,0,4
p03764,s126801841,python,408,0,0,0,0,0,0,0,2,1,0,1,4
p03764,s131960743,python,296,0,0,0,0,0,0,0,0,0,0,0,2
p03764,s134471427,python,1539,0,0,0,0,0,1,0,10,2,0,7,16
p03764,s140751881,python,427,0,0,0,0,0,0,0,4,2,0,0,8
p03764,s150190483,python,356,0,0,0,0,0,0,0,2,1,0,0,2
p03764,s186501497,python,285,0,0,0,0,0,0,0,0,0,0,0,0
p03764,s193395916,python,329,0,0,0,0,0,0,0,2,1,0,0,4
p03764,s196837425,python,273,0,0,0,0,0,0,0,2,1,0,0,2
p03764,s211223019,python,345,0,0,0,0,0,0,0,3,1,0,1,4
p03764,s227066534,python,284,0,0,0,0,0,0,0,2,1,0,0,4
p03764,s244218694,python,242,0,0,0,0,0,0,0,2,1,0,0,2
p03764,s246033028,python,229,0,0,0,0,0,0,0,0,0,0,0,0
p03764,s274466366,python,619,0,0,0,0,0,1,0,2,1,0,0,8
p03764,s278667866,python,369,0,0,0,0,0,0,0,4,1,0,0,4
p03764,s284237076,python,318,0,0,0,0,0,0,0,2,1,0,0,4
p03764,s289029578,python,630,0,0,0,0,0,0,0,1,1,0,4,2
p03764,s289491267,python,323,0,0,0,0,0,0,0,2,1,0,0,4
p03792,s001075960,cpp,1473,0,0,0,0,0,0,0,7,1,0,3,5
p03792,s001255740,cpp,2489,0,0,0,0,0,0,0,0,0,0,1,15
p03792,s001370165,cpp,980,0,0,0,0,0,0,0,6,2,0,1,9
p03792,s003531834,cpp,1518,0,0,0,0,0,0,0,0,0,1,4,14
p03792,s003571074,cpp,932,0,0,0,0,0,0,0,8,2,0,1,9
p03792,s004227529,cpp,2331,0,0,0,0,0,0,0,0,0,0,10,8
p03792,s004408280,cpp,1013,0,0,0,0,0,0,0,0,0,0,2,9
p03792,s005674216,cpp,1398,0,0,0,0,0,0,0,6,2,0,3,12
p03792,s007442600,cpp,854,0,0,0,0,0,0,0,9,2,0,1,11
p03792,s009587484,cpp,1792,0,0,0,0,0,0,0,8,2,0,1,12
p03792,s009774068,cpp,1790,0,0,0,0,0,0,0,1,1,1,8,9
p03792,s010310893,cpp,1260,0,0,0,0,0,0,0,0,0,0,9,16
p03792,s014590272,cpp,645,0,0,0,0,0,0,0,5,2,0,1,14
p03792,s014649533,cpp,1600,0,0,0,0,0,0,0,0,0,1,8,8
p03792,s016231584,cpp,1368,0,0,0,0,0,0,0,0,0,0,9,14
p03792,s017216031,cpp,1174,0,0,0,0,0,0,0,11,3,1,3,15
p03792,s018320242,cpp,1228,0,0,0,0,0,0,0,5,2,0,1,9
p03792,s019794628,cpp,1673,1,0,0,0,1,0,0,12,2,0,2,28
p03792,s020871045,cpp,1042,0,0,0,0,0,0,0,5,2,0,1,12
p03792,s025037167,cpp,1164,0,0,0,0,0,0,0,5,2,0,1,14
p03792,s025603910,cpp,2883,0,0,0,0,0,0,0,5,1,1,15,10
p03792,s027976423,cpp,1005,0,0,0,0,0,0,0,9,2,0,1,14
p03792,s029163407,cpp,723,0,0,0,0,0,0,0,3,2,0,1,6
p03792,s029937452,cpp,1353,0,0,0,0,0,0,0,6,2,0,1,9
p03792,s031760808,cpp,1379,0,0,0,0,0,0,0,0,0,0,10,28
p03792,s033706112,cpp,965,1,0,0,0,1,0,0,11,2,0,2,28
p03792,s035092021,cpp,1732,0,0,0,0,0,0,0,6,2,0,3,9
p03792,s035747540,cpp,1222,0,0,0,0,0,0,0,6,2,0,1,13
p03792,s037336785,cpp,2401,0,0,0,0,0,0,0,1,1,1,8,18
p03792,s038154499,cpp,1196,0,0,0,0,0,0,0,0,0,0,1,14
p03792,s002003063,python,421,0,0,0,0,0,0,0,1,1,0,1,6
p03792,s031264819,python,254,0,0,0,0,0,0,0,0,0,0,0,4
p03792,s033687335,python,201,0,0,0,0,0,0,0,0,0,0,0,2
p03792,s067600903,python,180,0,0,0,0,0,0,0,0,0,0,0,3
p03792,s070576207,python,160,0,0,0,0,0,0,0,0,0,0,0,0
p03792,s072134145,python,345,0,0,0,0,0,0,0,2,2,0,0,3
p03792,s085972321,python,429,0,0,0,0,0,0,0,0,0,0,0,2
p03792,s096458746,python,647,0,0,0,0,0,0,0,1,1,0,0,7
p03792,s111284040,python,734,0,0,0,0,0,0,0,7,2,0,0,7
p03792,s117847690,python,477,0,0,0,0,0,0,0,1,1,0,0,1
p03792,s167682227,python,647,0,0,0,0,0,0,0,4,2,0,0,6
p03792,s195503016,python,188,0,0,0,0,0,0,0,0,0,0,0,3
p03792,s198925532,python,276,0,0,0,0,0,0,0,3,2,0,0,5
p03792,s202955647,python,164,0,0,0,0,0,0,0,0,0,0,0,2
p03792,s236461338,python,740,0,0,0,0,0,0,0,2,1,0,1,5
p03792,s305721029,python,431,0,0,0,0,0,0,0,4,2,0,0,5
p03792,s317267705,python,178,0,0,0,0,0,0,0,0,0,0,0,3
p03792,s325051638,python,625,0,0,0,0,0,0,0,7,2,0,0,8
p03792,s353077392,python,846,0,0,0,0,0,0,0,6,2,0,0,6
p03792,s364071694,python,742,0,0,0,0,0,0,0,6,2,0,0,9
p03792,s400823084,python,512,0,0,0,0,0,0,0,5,2,0,0,9
p03792,s402272601,python,626,0,0,0,0,0,0,0,5,2,0,0,9
p03792,s410278726,python,352,0,0,0,0,0,0,0,2,1,0,0,4
p03792,s430335914,python,346,0,0,0,0,0,0,0,2,1,0,0,5
p03792,s454299380,python,198,0,0,0,0,0,0,0,0,0,0,0,3
p03792,s525745248,python,148,0,0,0,0,0,0,0,0,0,0,0,0
p03792,s537297833,python,628,0,0,0,0,0,0,0,7,2,0,0,8
p03792,s537997650,python,510,0,0,0,0,0,0,0,3,1,0,0,3
p03792,s541909206,python,1007,0,0,0,0,0,0,0,1,1,0,0,0
p03792,s543756421,python,184,0,0,0,0,0,0,0,0,0,0,0,3
p03794,s006637284,cpp,2532,0,0,0,0,0,0,0,2,1,1,9,47
p03794,s020083472,cpp,4858,1,0,1,0,1,0,0,20,3,1,9,95
p03794,s036040265,cpp,2521,1,1,0,0,1,0,0,20,2,1,4,86
p03794,s042791702,cpp,4427,0,1,0,0,1,0,0,20,2,1,11,81
p03794,s059563645,cpp,1572,0,1,0,0,0,0,0,13,5,1,4,41
p03794,s093240446,cpp,1961,0,1,0,0,1,0,0,11,2,1,3,80
p03794,s101426765,cpp,2831,0,1,0,0,0,0,0,7,1,1,5,82
p03794,s115682501,cpp,3458,0,1,0,0,1,0,0,13,2,1,12,61
p03794,s145181572,cpp,8299,0,0,0,0,1,0,0,2,1,1,64,51
p03794,s202833091,cpp,5594,1,0,0,0,1,0,0,18,3,0,10,104
p03794,s204795972,cpp,2520,1,1,0,0,1,0,0,20,2,1,4,86
p03794,s240678486,cpp,2056,0,1,0,0,1,0,0,2,1,1,13,49
p03794,s243349232,cpp,4669,0,1,0,0,1,0,0,15,4,1,4,56
p03794,s245966314,cpp,2301,0,1,0,0,0,0,0,11,1,1,3,41
p03794,s265139289,cpp,4328,0,1,0,0,1,0,0,8,1,1,13,185
p03794,s308688953,cpp,4627,0,0,0,0,1,0,0,15,4,1,4,52
p03794,s369074985,cpp,2818,0,1,0,0,1,0,0,21,2,1,6,100
p03794,s407641633,cpp,7376,0,1,0,0,1,0,0,6,1,1,26,69
p03794,s500759747,cpp,2087,0,1,0,0,0,0,0,13,5,1,4,41
p03794,s508368798,cpp,6411,0,1,0,0,1,0,0,27,3,1,15,103
p03794,s513711798,cpp,6377,1,0,0,0,1,0,0,18,3,0,11,124
p03794,s534296807,cpp,6784,0,1,0,0,1,0,0,6,1,1,55,57
p03794,s561865971,cpp,3442,0,1,0,0,1,0,0,13,2,1,12,61
p03794,s583238316,cpp,1771,0,1,0,0,1,0,0,12,2,1,5,93
p03794,s611031843,cpp,7134,0,1,0,0,1,0,0,46,3,1,21,216
p03794,s631332117,cpp,2412,0,1,0,0,0,0,0,2,1,1,5,29
p03794,s646252516,cpp,1776,0,1,0,0,1,0,0,12,2,1,5,93
p03794,s650316630,cpp,2732,0,1,0,0,1,0,0,20,2,1,6,95
p03794,s718289700,cpp,2409,0,1,0,0,1,0,0,5,1,1,9,52
p03794,s730663679,cpp,3293,0,1,0,0,0,0,0,2,1,1,7,117
p03794,s404688480,python,2587,0,1,0,0,0,0,0,5,2,1,6,16
p03809,s000857012,cpp,897,0,0,0,0,0,0,0,4,1,1,2,13
p03809,s001189937,cpp,1235,0,1,0,0,0,0,0,5,1,1,2,23
p03809,s001607686,cpp,3321,0,0,0,0,0,0,0,4,1,1,10,13
p03809,s001988523,cpp,1507,0,1,0,0,0,0,0,6,1,1,2,18
p03809,s002460900,cpp,1234,0,1,0,0,0,0,0,4,1,1,2,14
p03809,s002532085,cpp,1299,0,1,0,0,0,0,0,4,1,1,2,19
p03809,s004047675,cpp,1253,0,1,0,0,1,0,0,4,1,1,3,34
p03809,s007349400,cpp,1302,0,0,0,0,0,0,0,1,1,1,5,14
p03809,s009295362,cpp,744,0,1,0,0,0,0,0,4,1,1,4,23
p03809,s009779022,cpp,1179,0,0,0,0,0,0,0,5,1,1,3,14
p03809,s010232557,cpp,2753,0,0,0,0,0,0,0,2,1,0,6,18
p03809,s010546622,cpp,1017,0,1,0,0,0,0,0,4,1,1,2,19
p03809,s011490058,cpp,1445,1,0,0,0,0,0,0,3,2,0,2,50
p03809,s012124291,cpp,1255,0,0,0,0,0,0,0,4,1,1,4,12
p03809,s012604023,cpp,744,0,0,0,0,0,0,0,4,1,1,2,19
p03809,s013069697,cpp,4320,0,0,0,0,0,0,0,2,1,1,11,8
p03809,s013123959,cpp,1434,0,1,0,0,0,0,0,4,1,1,3,18
p03809,s013249692,cpp,884,0,0,0,0,0,0,0,1,1,1,3,10
p03809,s013517318,cpp,4165,0,0,0,0,0,0,0,18,1,1,25,25
p03809,s014681813,cpp,2756,0,0,0,0,0,0,0,1,1,1,6,11
p03809,s014753350,cpp,2330,0,1,0,0,0,0,0,4,1,1,6,11
p03809,s014796409,cpp,1214,0,1,0,0,1,0,0,6,1,1,4,36
p03809,s017007188,cpp,958,0,1,0,0,0,0,0,0,0,1,4,26
p03809,s017459061,cpp,1928,0,0,0,0,0,0,0,1,1,1,6,11
p03809,s018665248,cpp,1224,0,1,0,0,0,0,0,3,1,1,4,27
p03809,s018816408,cpp,1170,0,1,0,0,0,0,0,6,1,1,4,25
p03809,s019518735,cpp,1023,0,1,0,0,0,0,0,6,1,1,5,17
p03809,s019574566,cpp,1482,0,0,0,0,0,0,0,0,0,1,2,12
p03809,s022143065,cpp,810,0,1,0,0,0,0,0,4,1,1,2,16
p03809,s022563092,cpp,1105,0,1,0,0,0,0,0,4,1,1,2,16
p03809,s010883707,python,932,0,0,0,0,1,0,0,5,2,0,1,31
p03809,s041887426,python,814,0,0,0,0,0,0,0,3,1,1,1,9
p03809,s045400365,python,1259,1,0,1,0,0,0,0,4,2,0,2,17
p03809,s056819666,python,1818,1,0,1,0,0,0,0,5,2,0,0,29
p03809,s090148134,python,1071,0,0,0,0,0,0,0,2,1,1,1,14
p03809,s144947964,python,2281,0,0,0,0,0,0,0,3,1,1,1,11
p03809,s159867251,python,1757,0,0,0,0,0,0,0,3,1,1,11,6
p03809,s186209047,python,1003,0,1,0,0,0,0,0,3,1,1,2,13
p03809,s215492937,python,2486,0,0,0,0,0,0,0,5,1,1,11,13
p03809,s233997325,python,1147,0,1,0,0,0,0,0,3,1,1,3,32
p03809,s273847553,python,762,0,1,0,0,0,0,0,2,1,1,1,18
p03809,s284798018,python,880,0,0,0,0,0,0,0,3,1,1,1,6
p03809,s297945224,python,1612,1,0,1,0,1,0,0,6,2,0,1,23
p03809,s302869787,python,885,0,0,0,0,0,0,0,3,1,1,1,10
p03809,s345757145,python,1154,0,0,0,1,0,0,0,5,1,1,2,8
p03809,s365392362,python,632,0,0,0,0,0,0,0,2,1,1,1,7
p03809,s367575017,python,793,0,0,0,0,0,0,0,3,1,1,2,8
p03809,s428258844,python,1579,0,1,0,0,0,0,0,4,1,1,7,24
p03809,s530331290,python,1705,0,0,0,0,0,0,0,5,2,0,1,33
p03809,s574792920,python,1672,0,0,0,0,0,0,0,5,2,0,4,25
p03809,s603091017,python,1252,0,0,0,0,0,0,0,3,2,0,1,24
p03809,s610131855,python,2200,0,0,0,0,0,0,0,7,2,0,2,26
p03809,s638280721,python,918,0,1,0,0,1,0,0,5,1,1,1,36
p03809,s640998991,python,1165,0,0,0,0,0,0,0,3,1,1,2,13
p03809,s672204283,python,1410,0,0,0,0,0,0,0,3,1,1,9,7
p03809,s837841097,python,987,0,1,0,0,0,0,0,3,1,1,2,12
p03809,s905900665,python,1002,1,0,1,0,0,0,0,4,2,0,0,27
p03809,s974393380,python,1160,1,0,1,0,0,0,0,4,2,0,0,25
p03809,s998295137,python,615,0,1,0,0,1,0,0,2,1,1,1,12
p03866,s000210005,cpp,1583,1,0,0,0,1,0,0,5,2,0,2,28
p03866,s000680610,cpp,3475,0,0,0,0,1,0,1,7,2,0,4,63
p03866,s001042919,cpp,1646,0,0,0,0,0,0,0,5,2,0,3,12
p03866,s001305225,cpp,18437,1,0,0,1,1,1,0,37,2,0,73,127
p03866,s002544412,cpp,1294,0,0,0,0,1,0,0,7,2,0,2,39
p03866,s002962797,cpp,3233,1,0,0,0,1,0,0,7,2,0,3,40
p03866,s003459551,cpp,1177,0,0,0,0,0,0,0,4,2,0,2,19
p03866,s004832639,cpp,1385,1,0,0,0,1,0,0,8,2,0,5,29
p03866,s005719864,cpp,2359,1,0,0,0,1,0,0,8,2,0,4,35
p03866,s005828391,cpp,1793,1,0,0,0,1,0,0,5,2,0,5,22
p03866,s006668558,cpp,1599,0,0,0,0,1,0,0,8,2,0,2,37
p03866,s007790941,cpp,1098,0,0,0,0,1,0,0,1,1,0,2,24
p03866,s007806921,cpp,1364,0,0,0,0,1,0,0,8,2,0,2,33
p03866,s009386193,cpp,2356,0,0,0,0,1,0,0,2,1,1,9,46
p03866,s009835362,cpp,1481,0,0,0,0,1,0,0,5,2,0,1,49
p03866,s010732691,cpp,1772,0,0,0,0,0,0,0,0,0,1,9,29
p03866,s012141425,cpp,1429,0,0,0,0,1,0,0,8,3,0,1,53
p03866,s013445404,cpp,1543,0,0,0,0,1,0,0,1,1,0,3,39
p03866,s014916600,cpp,2123,0,0,0,0,1,0,0,6,2,0,3,28
p03866,s014995611,cpp,3033,1,0,0,0,0,0,0,2,2,0,10,19
p03866,s016740557,cpp,1106,1,0,0,0,1,0,0,6,2,0,3,35
p03866,s016833361,cpp,1838,1,0,0,0,1,0,0,6,2,0,5,26
p03866,s018180537,cpp,2476,1,0,0,0,1,0,0,3,2,0,6,59
p03866,s018233381,cpp,1875,0,0,0,0,1,0,0,1,1,0,4,18
p03866,s018710376,cpp,2092,0,0,0,0,0,0,0,5,2,0,9,0
p03866,s019815856,cpp,1675,1,0,0,0,0,0,0,1,1,0,1,25
p03866,s019895987,cpp,1457,0,0,0,0,1,0,0,7,2,0,3,30
p03866,s019951613,cpp,6559,0,0,0,0,1,0,0,1,1,0,2,35
p03866,s020515040,cpp,2506,1,0,0,0,1,0,0,2,2,0,2,37
p03866,s020809698,cpp,1129,0,0,0,0,1,0,0,6,3,0,1,58
p03866,s000528773,python,4272,0,0,0,0,1,0,0,5,2,0,11,31
p03866,s009207674,python,1489,0,0,0,0,0,0,0,4,2,0,2,35
p03866,s015137586,python,913,0,0,0,0,1,0,0,2,2,0,4,13
p03866,s048241558,python,1408,0,0,0,0,1,0,0,6,2,0,2,18
p03866,s048401026,python,1204,0,0,0,0,0,0,0,4,2,0,3,20
p03866,s057937707,python,807,0,0,0,0,0,0,0,0,0,0,1,1
p03866,s061783454,python,1494,0,0,0,0,0,0,0,5,2,0,4,32
p03866,s064188557,python,608,0,0,0,0,0,0,0,3,2,0,1,10
p03866,s069416938,python,1773,1,0,1,0,0,0,0,6,2,0,4,30
p03866,s093488698,python,1972,0,0,0,0,0,0,0,5,2,0,4,31
p03866,s094456330,python,511,0,0,0,0,0,0,0,3,2,0,0,17
p03866,s107368554,python,720,0,0,0,0,1,0,0,5,2,0,1,17
p03866,s109127363,python,1773,1,0,1,0,0,0,0,6,2,0,4,30
p03866,s109568353,python,594,0,0,0,0,1,0,0,5,2,0,0,28
p03866,s117545026,python,1140,0,0,0,0,0,0,0,6,2,0,2,24
p03866,s131659177,python,1243,0,0,0,0,0,0,0,5,2,0,1,18
p03866,s133012442,python,742,0,0,0,0,1,0,0,6,2,0,1,23
p03866,s137092862,python,1425,0,0,0,0,0,0,0,5,2,0,6,9
p03866,s147452652,python,2186,0,0,0,0,0,0,0,6,2,0,13,31
p03866,s151873068,python,1163,0,0,0,0,0,0,0,5,2,0,2,15
p03866,s159265203,python,2044,0,0,0,0,0,0,0,5,2,0,13,25
p03866,s178925457,python,1355,0,0,0,0,0,0,0,4,2,0,2,23
p03866,s179191521,python,819,0,0,0,0,1,0,0,5,2,0,2,20
p03866,s185559739,python,1066,0,0,0,0,1,0,0,6,2,0,1,20
p03866,s197013401,python,847,0,0,0,0,0,0,0,3,2,0,1,8
p03866,s210755867,python,1041,0,0,0,0,1,0,0,5,2,0,2,38
p03866,s221242711,python,812,0,0,0,0,0,0,0,5,2,0,1,21
p03866,s227484216,python,2829,0,0,0,0,0,0,0,5,2,0,14,14
p03866,s229035802,python,1078,0,0,0,0,1,0,0,6,2,0,1,28
p03866,s229892839,python,991,0,0,0,0,0,0,0,3,2,0,1,9
p03914,s002502964,cpp,4794,0,1,0,0,1,0,0,3,1,1,41,39
p03914,s003964862,cpp,445817,0,0,0,0,0,0,0,2,2,1,5,1
p03914,s004163281,cpp,2106,0,1,0,0,0,0,0,3,1,1,10,30
p03914,s009237285,cpp,974,0,0,0,0,0,0,0,3,3,0,1,30
p03914,s016555957,cpp,1139,0,0,0,0,0,0,0,4,3,0,1,22
p03914,s021512772,cpp,998,0,0,0,0,0,0,0,4,3,1,5,30
p03914,s021903212,cpp,3757,0,1,0,0,0,0,0,4,1,1,23,27
p03914,s022936531,cpp,17368,1,1,0,1,1,0,0,48,3,1,81,175
p03914,s039351425,cpp,726,0,0,0,0,0,0,0,4,3,0,1,28
p03914,s052826774,cpp,545,0,0,0,0,0,0,0,3,3,0,2,24
p03914,s053076890,cpp,2998,0,0,0,0,0,0,0,5,3,0,17,16
p03914,s055863040,cpp,642,0,1,0,0,0,0,0,0,0,1,2,9
p03914,s057230222,cpp,1909,0,0,0,0,1,0,0,7,3,0,5,33
p03914,s061404271,cpp,6205,1,1,0,0,1,0,0,10,2,1,34,101
p03914,s062786750,cpp,744,0,0,0,0,0,0,0,0,0,1,3,3
p03914,s064290212,cpp,1561,0,0,0,0,1,0,0,11,3,0,6,40
p03914,s066805412,cpp,3835,0,0,0,0,0,0,0,5,3,0,30,16
p03914,s070594148,cpp,569,0,0,0,0,0,0,0,3,3,0,1,27
p03914,s080476503,cpp,1676,0,1,0,0,1,0,0,0,0,1,3,33
p03914,s082642404,cpp,403,0,0,0,0,0,0,0,3,3,0,1,24
p03914,s088973291,cpp,1115,0,0,0,0,0,0,0,3,3,0,1,33
p03914,s094426702,cpp,2732,0,0,0,0,1,0,0,1,1,0,4,42
p03914,s094829581,cpp,3402,0,0,0,0,0,0,0,6,3,0,28,18
p03914,s099641948,cpp,495,0,1,0,0,0,0,0,0,0,1,2,9
p03914,s101287386,cpp,663,0,0,0,0,0,0,0,3,3,0,1,34
p03914,s103602890,cpp,955,0,0,0,0,0,0,0,9,3,0,1,30
p03914,s104327732,cpp,2274,0,0,0,0,0,0,0,2,1,0,19,20
p03914,s105573758,cpp,7969,0,0,0,0,0,0,0,5,1,1,36,35
p03914,s108008264,cpp,3235,0,0,0,0,1,0,0,7,3,1,31,48
p03914,s111454159,cpp,3857,0,1,0,0,0,0,0,8,1,1,14,34
p03914,s108364411,python,789,0,0,0,0,0,0,0,1,1,0,0,12
p03914,s266694525,python,672,0,0,0,0,0,0,0,3,3,0,1,22
p03914,s564685732,python,419,0,0,0,0,0,0,0,3,3,0,0,27
p03914,s718273206,python,584,0,0,0,0,1,0,0,3,3,0,0,28
p03914,s819633817,python,480,0,0,0,0,0,0,0,3,3,0,0,18
p03914,s824725895,python,781,0,0,0,0,0,0,0,3,3,0,0,26
p03919,s000760477,cpp,247,0,0,0,0,0,0,0,2,2,0,1,0
p03919,s001596029,cpp,575,0,0,0,0,0,0,0,0,0,0,2,0
p03919,s003085912,cpp,1160,0,0,0,0,0,0,0,0,0,0,5,0
p03919,s005508844,cpp,2745,0,0,0,0,0,0,0,4,1,0,14,0
p03919,s006131842,cpp,340,0,0,0,0,0,0,0,1,1,0,1,5
p03919,s006295527,cpp,651,0,0,0,0,0,0,0,0,0,0,3,4
p03919,s006503685,cpp,513,0,0,0,0,0,0,0,2,2,0,1,5
p03919,s009306507,cpp,290,0,0,0,0,0,0,0,2,2,0,1,0
p03919,s009582253,cpp,340,0,0,0,0,0,0,0,1,1,0,1,5
p03919,s010824946,cpp,905,0,0,0,0,0,0,0,0,0,0,3,0
p03919,s013529243,cpp,814,0,0,0,0,0,0,0,0,0,0,5,0
p03919,s013903473,cpp,352,0,0,0,0,0,0,0,2,2,0,1,0
p03919,s017085076,cpp,729,0,0,0,0,0,0,0,0,0,0,1,0
p03919,s018960624,cpp,245,0,0,0,0,0,0,0,2,2,0,1,0
p03919,s021360257,cpp,341,0,0,0,0,0,0,0,2,2,0,1,0
p03919,s022538305,cpp,414,0,0,0,0,0,0,0,0,0,0,3,0
p03919,s022539424,cpp,309,0,0,0,0,0,0,0,2,2,0,1,0
p03919,s024119470,cpp,643,0,0,0,0,0,0,0,2,2,0,1,0
p03919,s025259998,cpp,423,0,0,0,0,0,0,0,4,2,0,1,4
p03919,s025408854,cpp,1781,0,0,0,0,0,0,0,2,2,0,3,0
p03919,s025456887,cpp,291,0,0,0,0,0,0,0,2,2,0,1,0
p03919,s027379815,cpp,914,0,0,0,0,0,0,0,0,0,0,1,4
p03919,s027709498,cpp,385,0,0,0,0,0,0,0,2,2,0,1,0
p03919,s031092964,cpp,1084,0,0,0,0,0,0,0,0,0,1,5,0
p03919,s034581506,cpp,658,0,0,0,0,0,0,0,0,0,0,2,0
p03919,s036273005,cpp,4002,0,0,0,0,0,0,0,2,1,1,9,4
p03919,s040868007,cpp,294,0,0,0,0,0,0,0,2,2,0,1,0
p03919,s041195164,cpp,540,0,0,0,0,0,0,0,0,0,0,3,0
p03919,s041936882,cpp,340,0,0,0,0,0,0,0,2,2,0,1,4
p03919,s042018871,cpp,379,0,0,0,0,0,0,0,2,2,0,1,1
p03919,s000601867,python,436,0,0,0,0,0,0,0,2,2,0,1,1
p03919,s004400808,python,251,0,0,0,0,0,0,0,2,2,0,0,0
p03919,s005369539,python,297,0,0,0,0,0,0,0,2,2,0,0,2
p03919,s016661056,python,220,0,0,0,0,0,0,0,1,1,0,0,1
p03919,s018964070,python,220,0,0,0,0,0,0,0,2,2,0,0,0
p03919,s021306938,python,436,0,0,0,0,0,0,0,2,2,0,1,1
p03919,s023740527,python,439,0,0,0,0,0,0,0,1,1,0,1,5
p03919,s024796350,python,141,0,0,0,0,0,0,0,1,1,0,0,0
p03919,s026470036,python,176,0,0,0,0,0,0,0,2,2,0,0,1
p03919,s028988788,python,310,0,0,0,0,0,0,0,2,2,0,0,2
p03919,s029507524,python,112,0,0,0,0,0,0,0,0,0,0,0,1
p03919,s034778559,python,315,0,0,0,0,0,0,0,3,2,0,0,3
p03919,s037181217,python,239,0,0,0,0,0,0,0,2,2,0,0,2
p03919,s040517637,python,213,0,0,0,0,0,0,0,2,2,0,0,0
p03919,s052519348,python,103,0,0,0,0,0,0,0,0,0,0,0,0
p03919,s054979191,python,234,0,0,0,0,0,0,0,2,2,0,0,1
p03919,s061822087,python,207,0,0,0,0,0,0,0,2,2,0,0,1
p03919,s061895824,python,177,0,0,0,0,0,0,0,1,1,0,0,1
p03919,s065227892,python,248,0,0,0,0,0,0,0,3,2,0,0,3
p03919,s067182721,python,219,0,0,0,0,0,0,0,2,2,0,0,3
p03919,s078743486,python,193,0,0,0,0,0,0,0,2,2,0,0,2
p03919,s079317279,python,253,0,0,0,0,0,0,0,2,2,0,0,2
p03919,s079483503,python,112,0,0,0,0,0,0,0,0,0,0,0,1
p03919,s086676349,python,88,0,0,0,0,0,0,0,0,0,0,0,0
p03919,s087807923,python,239,0,0,0,0,0,0,0,2,2,0,0,2
p03919,s092336080,python,276,0,0,0,0,0,0,0,3,2,0,0,3
p03919,s095517271,python,180,0,0,0,0,0,0,0,2,2,0,0,1
p03919,s097229414,python,146,0,0,0,0,0,0,0,0,0,0,0,0
p03919,s097599411,python,311,0,0,0,0,0,0,0,3,2,0,0,5
p03919,s098449535,python,211,0,0,0,0,0,0,0,2,2,0,0,3
p03929,s001153293,cpp,438,0,0,0,0,0,0,0,0,0,0,1,0
p03929,s001434496,cpp,592,0,0,0,0,1,0,0,5,2,0,1,20
p03929,s004334391,cpp,566,0,0,0,0,0,0,0,0,0,0,1,0
p03929,s006399377,cpp,1237,0,0,0,0,0,0,0,6,2,0,1,4
p03929,s007017589,cpp,842,0,0,0,0,0,0,0,0,0,0,3,6
p03929,s011845497,cpp,417,0,0,0,0,0,0,0,2,2,0,1,2
p03929,s027289769,cpp,593,0,0,0,0,0,0,0,2,2,0,1,1
p03929,s036453901,cpp,1398,0,0,0,0,0,0,0,0,0,1,4,2
p03929,s041164512,cpp,810,0,0,0,0,0,0,0,10,4,0,1,6
p03929,s045221980,cpp,355,0,0,0,0,0,0,0,2,2,0,1,0
p03929,s046189885,cpp,482,0,0,0,0,0,0,0,2,2,0,1,2
p03929,s049834758,cpp,22153,0,0,0,0,0,0,0,7,1,1,119,8
p03929,s055862029,cpp,1651,0,0,0,0,1,0,0,5,2,0,8,13
p03929,s060618135,cpp,607,0,0,0,0,0,0,0,3,2,0,1,3
p03929,s064727101,cpp,1168,0,0,0,0,0,0,0,6,2,0,7,0
p03929,s068012162,cpp,3183,0,0,0,0,0,0,0,2,1,1,5,6
p03929,s069184020,cpp,547,0,0,0,0,0,0,0,2,2,0,1,2
p03929,s069913490,cpp,675,0,0,0,0,0,0,0,8,4,0,1,7
p03929,s076336213,cpp,513,0,0,0,0,0,0,0,2,2,0,1,2
p03929,s082444174,cpp,681,0,0,0,0,0,0,0,6,4,0,1,4
p03929,s082498751,cpp,456,0,0,0,0,0,0,0,2,2,0,1,2
p03929,s088051379,cpp,2257,0,0,0,0,1,0,0,0,0,0,1,14
p03929,s088729918,cpp,342,0,0,0,0,0,0,0,2,2,0,1,0
p03929,s093584681,cpp,432,0,0,0,0,1,0,0,2,2,0,1,5
p03929,s096289865,cpp,695,0,0,0,0,0,0,0,3,3,0,1,0
p03929,s096827909,cpp,2422,0,0,0,0,0,0,0,6,2,1,13,1
p03929,s098618154,cpp,486,0,0,0,0,0,0,0,2,2,0,1,2
p03929,s102201858,cpp,723,0,0,0,0,1,0,0,7,2,0,1,14
p03929,s102718824,cpp,1835,0,0,0,0,0,0,0,3,1,1,7,0
p03929,s104909824,cpp,246,0,0,0,0,0,0,0,2,2,0,1,0
p03929,s005125164,python,302,0,0,0,0,0,0,0,2,2,0,0,0
p03929,s023145476,python,228,0,0,0,0,0,0,0,2,2,0,0,0
p03929,s056752305,python,336,0,0,0,0,0,0,0,3,2,0,0,5
p03929,s072118551,python,219,0,0,0,0,0,0,0,2,1,0,0,0
p03929,s081859896,python,127,0,0,0,0,0,0,0,0,0,0,0,1
p03929,s128454267,python,351,0,0,0,0,0,0,0,2,2,0,0,0
p03929,s147354241,python,420,0,0,0,0,0,0,0,3,2,0,0,4
p03929,s202608200,python,234,0,0,0,0,0,0,0,2,2,0,0,0
p03929,s227799986,python,151,0,0,0,0,0,0,0,2,2,0,0,0
p03929,s283935410,python,363,0,0,0,0,0,0,0,2,2,0,0,2
p03929,s314157969,python,229,0,0,0,0,0,0,0,2,2,0,0,0
p03929,s404815305,python,195,0,0,0,0,0,0,0,0,0,0,0,2
p03929,s415214837,python,228,0,0,0,0,0,0,0,2,2,0,0,0
p03929,s423749909,python,659,0,0,0,0,0,0,0,2,2,0,1,4
p03929,s441601557,python,1618,0,0,0,0,0,0,0,2,2,0,0,0
p03929,s518576301,python,447,0,0,0,0,0,0,0,5,4,0,0,3
p03929,s531095523,python,315,0,0,0,0,0,0,0,3,2,0,0,5
p03929,s571664387,python,413,0,0,0,0,0,0,0,3,1,0,0,0
p03929,s572826429,python,200,0,0,0,0,0,0,0,2,2,0,0,0
p03929,s587271855,python,1591,0,0,0,0,1,0,0,6,2,0,9,24
p03929,s654079898,python,2881,0,0,0,0,0,0,0,9,4,0,4,2
p03929,s668808489,python,135,0,0,0,0,0,0,0,0,0,0,0,1
p03929,s670542745,python,343,0,0,0,0,0,0,0,4,2,0,0,0
p03929,s688397736,python,196,0,0,0,0,0,0,0,0,0,0,0,2
p03929,s692254267,python,753,0,0,0,0,0,0,0,3,1,0,0,0
p03929,s694913811,python,1047,0,0,0,0,0,0,0,4,2,0,9,4
p03929,s745980031,python,251,0,0,0,0,0,0,0,3,2,0,0,5
p03929,s770401281,python,231,0,0,0,0,0,0,0,0,0,0,0,1
p03929,s790119734,python,246,0,0,0,0,0,0,0,1,1,0,0,0
p03929,s808805877,python,141,0,0,0,0,0,0,0,0,0,0,0,1
p03949,s001437667,cpp,2419,0,1,0,0,0,0,0,5,1,1,13,17
p03949,s001745631,cpp,1743,0,1,0,0,0,0,0,9,2,1,5,38
p03949,s002029464,cpp,1373,0,1,0,0,1,0,0,6,1,1,5,52
p03949,s002916985,cpp,2957,0,0,0,0,1,0,0,5,2,0,8,34
p03949,s003055496,cpp,5811,1,0,0,0,1,0,0,4,1,1,16,36
p03949,s003531925,cpp,1108,1,0,0,0,1,0,0,4,2,0,1,12
p03949,s003818447,cpp,2013,0,1,0,0,1,0,0,4,1,1,11,26
p03949,s004043175,cpp,1868,0,1,0,0,1,0,0,2,1,1,5,23
p03949,s004139221,cpp,2239,1,0,0,0,1,0,0,7,2,0,2,18
p03949,s004239382,cpp,1746,0,1,0,0,1,0,0,2,1,1,6,42
p03949,s004593254,cpp,1707,0,1,0,0,1,0,0,8,2,1,4,77
p03949,s005179400,cpp,1193,0,1,0,0,1,0,0,9,1,1,6,52
p03949,s006271247,cpp,922,1,0,0,0,1,0,0,5,2,0,2,17
p03949,s007687263,cpp,2340,0,0,0,0,0,0,0,7,1,0,1,21
p03949,s009302311,cpp,6978,0,1,0,0,0,0,0,12,2,1,23,32
p03949,s011745675,cpp,1136,1,0,0,0,0,0,0,7,2,0,4,18
p03949,s011907722,cpp,782,1,0,0,0,1,0,0,7,2,0,1,12
p03949,s013567585,cpp,3755,0,0,0,0,1,0,0,5,1,1,12,47
p03949,s015883658,cpp,2394,1,0,0,0,1,0,0,1,1,0,6,10
p03949,s016858625,cpp,2815,0,0,0,0,1,0,0,6,1,0,4,47
p03949,s017639509,cpp,5727,0,0,0,0,0,0,0,8,1,1,20,23
p03949,s018235315,cpp,2523,0,1,0,0,0,0,0,8,1,1,6,30
p03949,s019331984,cpp,2444,0,1,0,0,1,0,0,6,1,1,3,42
p03949,s021283939,cpp,1425,0,1,0,0,1,0,0,5,1,1,3,36
p03949,s023175916,cpp,1472,1,0,0,0,1,0,0,3,2,0,7,12
p03949,s024682786,cpp,1132,1,0,0,0,0,0,0,5,2,0,1,9
p03949,s026605845,cpp,1723,0,1,0,0,1,0,0,0,0,1,3,43
p03949,s027324297,cpp,4187,0,0,0,0,1,0,0,8,2,1,4,22
p03949,s027497345,cpp,1730,1,0,0,0,1,0,0,9,2,0,6,20
p03949,s027619847,cpp,1991,0,1,0,0,1,0,0,4,1,1,10,49
p03949,s028719055,python,1459,0,1,0,0,1,0,0,8,2,1,2,44
p03949,s030254690,python,1438,1,1,1,0,1,0,0,5,2,1,2,44
p03949,s052196084,python,1083,0,0,0,0,1,0,0,8,2,0,0,25
p03949,s091177403,python,1223,0,1,0,0,1,0,0,5,1,1,4,40
p03949,s143386534,python,1432,1,0,1,0,1,0,0,6,2,0,0,44
p03949,s152760384,python,650,0,0,0,0,0,0,0,7,2,0,0,14
p03949,s209004191,python,929,0,0,0,0,0,0,0,6,2,0,0,12
p03949,s234244831,python,1156,0,1,0,0,1,0,0,5,1,1,2,25
p03949,s252843764,python,888,0,0,0,0,0,0,0,7,2,0,1,33
p03949,s279738301,python,1607,1,1,1,0,0,0,0,6,3,1,1,28
p03949,s366769841,python,1760,0,1,0,0,1,0,0,5,1,1,6,25
p03949,s400699536,python,1303,1,0,1,0,0,0,0,8,2,0,1,17
p03949,s458628409,python,2158,1,0,1,0,0,0,0,7,3,0,1,30
p03949,s460575000,python,1000,0,0,0,0,0,0,0,5,1,1,1,18
p03949,s473842889,python,610,0,0,0,0,0,0,0,7,2,0,0,14
p03949,s477133684,python,1789,0,1,0,0,0,0,0,7,1,1,10,26
p03949,s480572929,python,2048,0,1,0,0,0,0,0,7,3,1,1,33
p03949,s518769891,python,1678,0,1,0,0,0,0,0,4,1,1,2,17
p03949,s529465197,python,1626,0,1,0,0,0,0,0,6,2,1,1,23
p03949,s547736714,python,2177,1,0,1,0,1,0,0,11,2,0,4,45
p03949,s552125549,python,647,0,0,0,0,0,0,0,5,2,0,0,32
p03949,s560001818,python,2613,0,0,0,0,1,0,0,10,3,0,2,48
p03949,s562843583,python,2367,0,1,0,0,1,0,0,10,2,1,9,39
p03949,s584283473,python,2107,0,1,0,0,1,0,0,4,1,1,12,25
p03949,s629917778,python,1390,1,0,1,0,0,0,0,7,3,0,0,32
p03949,s633768356,python,985,0,1,0,0,0,0,0,6,2,1,6,20
p03949,s642540747,python,1593,0,1,0,0,1,0,0,10,2,1,3,45
p03949,s643407522,python,640,0,0,0,0,0,0,0,5,2,0,0,32
p03949,s681784212,python,1343,0,1,0,0,0,0,0,4,1,1,2,23
p03949,s697651821,python,887,0,0,0,0,0,0,0,5,2,0,1,33
p03957,s000284167,cpp,585,0,0,0,0,0,0,0,1,1,0,1,3
p03957,s000465495,cpp,1022,0,0,0,0,0,0,0,2,1,0,3,0
p03957,s000472434,cpp,513,0,0,0,0,0,0,0,0,0,0,1,2
p03957,s000624342,cpp,195,0,0,0,0,0,0,0,0,0,0,1,0
p03957,s000979945,cpp,1039,0,0,0,0,0,0,0,1,1,0,1,2
p03957,s002034797,cpp,220,0,0,0,0,0,0,0,1,1,0,1,2
p03957,s002201862,cpp,325,0,0,0,0,0,0,0,1,1,0,1,2
p03957,s002203549,cpp,2329,0,0,0,0,0,0,0,0,0,1,12,2
p03957,s002288333,cpp,2154,0,0,0,0,1,0,0,4,3,1,11,17
p03957,s002734433,cpp,310,0,0,0,0,0,0,0,0,0,0,1,0
p03957,s002890930,cpp,1599,0,0,0,0,0,0,0,0,0,1,3,2
p03957,s003408315,cpp,287,0,0,0,0,0,0,0,1,1,0,1,2
p03957,s003607639,cpp,471,0,0,0,0,0,0,0,1,1,0,1,1
p03957,s004265796,cpp,306,0,0,0,0,0,0,0,2,1,0,1,2
p03957,s004439852,cpp,697,0,0,0,0,0,0,0,1,1,1,3,2
p03957,s004728015,cpp,1008,0,0,0,0,0,0,0,0,0,0,1,2
p03957,s004761790,cpp,674,0,0,0,0,0,0,0,0,0,0,1,2
p03957,s005011678,cpp,486,0,0,0,0,0,0,0,2,2,0,1,2
p03957,s005136942,cpp,101,0,0,0,0,0,0,0,0,0,0,1,0
p03957,s005498394,cpp,843,0,0,0,0,0,0,0,0,0,0,1,2
p03957,s006558314,cpp,236,0,0,0,0,0,0,0,1,1,0,1,2
p03957,s007326856,cpp,310,0,0,0,0,0,0,0,2,2,0,1,2
p03957,s007369392,cpp,324,0,0,0,0,0,0,0,1,1,0,1,2
p03957,s007413366,cpp,297,0,0,0,0,0,0,0,1,1,0,1,2
p03957,s007593061,cpp,5672,0,0,0,0,0,0,0,10,1,0,26,20
p03957,s008002570,cpp,454,0,0,0,0,0,0,0,2,2,0,1,2
p03957,s009050882,cpp,329,0,0,0,0,0,0,0,2,2,0,1,2
p03957,s009111423,cpp,425,0,0,0,0,0,0,0,2,2,0,1,2
p03957,s009510284,cpp,310,0,0,0,0,0,0,0,0,0,0,1,0
p03957,s009664429,cpp,451,0,0,0,0,0,0,0,2,2,0,1,2
p03957,s001017120,python,148,0,0,0,0,0,0,0,1,1,0,0,0
p03957,s001096039,python,158,0,0,0,0,0,0,0,2,2,0,0,2
p03957,s008417789,python,182,0,0,0,0,0,0,0,0,0,0,0,1
p03957,s008585207,python,203,0,0,0,0,0,0,0,2,1,0,0,2
p03957,s009439837,python,175,0,0,0,0,0,0,0,1,1,0,0,0
p03957,s011282337,python,114,0,0,0,0,0,0,0,0,0,0,0,0
p03957,s013879995,python,248,0,0,0,0,0,0,0,1,1,0,1,1
p03957,s015222005,python,66,0,0,0,0,0,0,0,0,0,0,0,0
p03957,s015718023,python,153,0,0,0,0,0,0,0,1,1,0,0,0
p03957,s018906963,python,119,0,0,0,0,0,0,0,0,0,0,0,2
p03957,s019882724,python,141,0,0,0,0,0,0,0,1,1,0,0,0
p03957,s021487511,python,160,0,0,0,0,0,0,0,1,1,0,0,2
p03957,s021913524,python,192,0,0,0,0,0,0,0,1,1,0,0,0
p03957,s023055292,python,106,0,0,0,0,0,0,0,0,0,0,0,0
p03957,s028396635,python,230,0,0,0,0,0,0,0,1,1,0,0,2
p03957,s029994788,python,107,0,0,0,0,0,0,0,0,0,0,0,1
p03957,s031461984,python,641,0,0,0,0,0,0,0,0,0,0,11,0
p03957,s031990666,python,212,0,0,0,0,0,0,0,1,1,0,0,0
p03957,s032065001,python,233,0,0,0,0,0,0,0,1,1,0,0,2
p03957,s032186172,python,145,0,0,0,0,0,0,0,1,1,0,0,0
p03957,s033235900,python,164,0,0,0,0,0,0,0,1,1,0,0,0
p03957,s033499807,python,236,0,0,0,0,0,0,0,1,1,0,0,0
p03957,s034014295,python,166,0,0,0,0,0,0,0,0,0,0,1,1
p03957,s036632902,python,185,0,0,0,0,0,0,0,1,1,0,0,0
p03957,s039492048,python,156,0,0,0,0,0,0,0,1,1,0,0,0
p03957,s041420548,python,296,0,0,0,0,0,0,0,2,1,0,0,2
p03957,s043694767,python,157,0,0,0,0,0,0,0,2,2,0,0,2
p03957,s049720518,python,201,0,0,0,0,0,0,0,0,0,0,0,0
p03957,s051406579,python,142,0,0,0,0,0,0,0,0,0,0,0,1
p03957,s052271327,python,148,0,0,0,0,0,0,0,1,1,0,0,2
p03959,s000125917,cpp,1355,0,0,0,0,0,0,0,1,1,0,4,0
p03959,s000221905,cpp,2280,0,0,0,0,0,0,0,0,0,0,1,47
p03959,s001092943,cpp,956,0,0,0,0,0,0,0,6,1,0,1,24
p03959,s001452768,cpp,940,0,0,0,0,0,0,0,5,1,0,1,21
p03959,s002197168,cpp,1082,0,0,0,0,0,0,0,6,1,0,1,17
p03959,s003368040,cpp,1609,0,0,0,0,0,0,0,1,1,0,5,30
p03959,s004254482,cpp,6890,0,0,0,0,0,0,0,5,1,1,13,12
p03959,s005291240,cpp,733,0,0,0,0,0,0,0,3,1,0,1,22
p03959,s005880098,cpp,1402,0,0,0,0,0,0,0,4,1,1,2,16
p03959,s005958243,cpp,673,0,0,0,0,0,0,0,5,1,0,2,20
p03959,s005987979,cpp,1053,0,0,0,0,0,0,0,5,1,0,1,26
p03959,s007223765,cpp,1647,0,0,0,0,0,0,0,1,1,0,6,16
p03959,s008415605,cpp,1838,0,0,0,0,0,0,0,13,1,0,1,27
p03959,s009708543,cpp,1106,0,0,0,0,0,0,0,4,1,0,1,22
p03959,s010732063,cpp,2095,0,0,0,0,0,0,0,5,1,0,4,30
p03959,s012735472,cpp,3956,0,0,0,0,0,0,0,0,0,0,24,34
p03959,s012986838,cpp,757,0,0,0,0,0,0,0,5,1,0,1,16
p03959,s013676212,cpp,790,0,0,0,0,0,0,0,0,0,0,1,22
p03959,s013951688,cpp,1907,0,0,0,0,0,0,0,2,1,0,6,21
p03959,s013973211,cpp,914,0,0,0,0,0,0,0,8,1,0,1,27
p03959,s014894637,cpp,1403,0,0,0,0,0,0,0,5,1,0,1,23
p03959,s016082482,cpp,855,0,0,0,0,0,0,0,5,1,0,1,21
p03959,s016460663,cpp,1149,0,0,0,0,0,0,0,5,1,0,1,27
p03959,s017606156,cpp,1108,0,0,0,0,0,0,0,1,1,0,5,28
p03959,s017745543,cpp,1654,0,0,0,0,0,0,0,0,0,0,2,27
p03959,s018088759,cpp,939,0,0,0,0,0,0,0,1,1,0,3,26
p03959,s018191207,cpp,1313,0,0,0,0,0,0,0,1,1,0,3,24
p03959,s019015403,cpp,2169,0,0,0,0,0,0,0,3,1,0,5,19
p03959,s020225500,cpp,912,0,0,0,0,1,0,0,5,1,0,1,30
p03959,s020340748,cpp,2283,0,0,0,0,0,0,0,3,1,0,1,42
p03959,s002476500,python,581,0,0,0,0,0,0,0,3,1,0,0,9
p03959,s002978257,python,466,0,0,0,0,0,1,0,3,1,0,0,20
p03959,s015652534,python,660,0,0,0,0,0,0,0,2,1,0,0,22
p03959,s016410357,python,1003,0,0,0,0,0,0,0,5,1,0,1,26
p03959,s018280100,python,915,0,0,0,0,0,0,0,3,1,0,0,33
p03959,s019402663,python,846,0,0,0,0,0,0,0,1,1,0,0,35
p03959,s026074243,python,1402,0,0,0,0,0,0,0,1,1,0,1,18
p03959,s030764651,python,599,0,0,0,0,0,0,0,2,1,0,1,11
p03959,s041576945,python,1420,0,0,0,0,0,0,0,5,1,0,0,8
p03959,s042675017,python,681,0,0,0,0,0,0,0,5,1,0,0,27
p03959,s046265801,python,586,0,0,0,0,1,0,0,3,1,0,0,16
p03959,s048532313,python,862,0,0,0,0,1,0,0,3,1,0,0,31
p03959,s049077778,python,681,0,0,0,0,0,0,0,3,1,0,0,32
p03959,s049107443,python,593,0,0,0,0,0,0,0,1,1,0,0,11
p03959,s052147014,python,415,0,0,0,0,0,0,0,1,1,0,0,14
p03959,s054446943,python,503,0,0,0,0,0,0,0,2,1,0,0,8
p03959,s056956957,python,722,0,0,0,0,0,0,0,3,1,0,0,24
p03959,s058763730,python,541,0,0,0,0,0,0,0,3,1,0,0,9
p03959,s058873062,python,1363,0,0,0,0,0,0,0,3,1,0,5,9
p03959,s064219431,python,1275,0,0,0,0,0,0,0,3,1,0,2,32
p03959,s073293576,python,434,0,0,0,0,0,0,0,1,1,0,0,12
p03959,s077527684,python,1099,0,0,0,0,0,0,0,5,1,0,1,2
p03959,s079404899,python,721,0,0,0,0,0,0,0,3,1,0,0,23
p03959,s081592610,python,664,0,0,0,0,0,0,0,3,1,0,0,22
p03959,s083265192,python,561,0,0,0,0,0,0,0,1,1,0,0,10
p03959,s083401357,python,697,0,0,0,0,1,0,0,2,1,0,0,19
p03959,s083678732,python,717,0,0,0,0,0,0,0,3,1,0,2,7
p03959,s090817943,python,768,0,0,0,0,0,0,0,3,1,0,0,23
p03959,s091251480,python,736,0,0,0,0,0,0,0,3,1,0,0,6
p03959,s091525696,python,619,0,0,0,0,0,0,0,3,1,0,0,23
p04003,s000618650,cpp,2033,0,0,0,0,0,0,0,2,1,0,7,7
p04003,s001050586,cpp,1822,1,0,0,0,0,0,0,7,2,0,1,37
p04003,s002232577,cpp,1143,1,0,0,0,0,0,0,4,2,0,1,18
p04003,s003859729,cpp,1721,1,0,0,0,0,0,0,5,2,0,1,26
p04003,s004000059,cpp,2253,0,0,0,0,0,0,0,4,2,0,11,29
p04003,s004211474,cpp,1282,1,0,0,0,1,1,0,5,2,0,3,38
p04003,s004418835,cpp,1606,0,1,0,0,1,0,0,13,2,1,5,78
p04003,s005471455,cpp,2098,1,0,0,0,1,0,0,3,2,0,1,31
p04003,s007054518,cpp,2292,0,0,0,0,0,0,0,5,2,0,1,38
p04003,s007473641,cpp,1805,1,0,0,0,0,0,0,3,2,0,4,10
p04003,s007997393,cpp,1252,1,0,0,0,1,0,0,5,2,0,5,27
p04003,s008693352,cpp,1023,1,0,0,0,1,0,0,4,2,0,3,15
p04003,s011241791,cpp,1633,1,0,0,0,0,1,0,8,2,0,6,44
p04003,s011634012,cpp,1407,1,0,0,0,0,0,0,3,2,0,3,21
p04003,s011712899,cpp,2189,1,0,0,0,1,0,0,8,2,1,7,32
p04003,s012193816,cpp,3223,1,1,0,0,1,0,0,17,3,1,6,59
p04003,s012423220,cpp,2857,0,0,0,0,0,0,0,3,2,0,6,22
p04003,s012589011,cpp,4142,1,0,0,0,1,0,0,4,2,0,11,22
p04003,s012942411,cpp,2248,1,0,0,0,1,1,0,2,2,0,4,18
p04003,s013189048,cpp,1819,1,0,0,0,0,0,0,4,2,0,4,13
p04003,s013383222,cpp,1559,1,0,0,0,0,1,0,8,3,0,1,50
p04003,s015664981,cpp,1826,1,0,0,0,0,1,0,8,2,0,1,62
p04003,s015675844,cpp,1659,1,0,0,0,1,1,0,6,4,0,2,26
p04003,s015749195,cpp,3130,1,0,0,0,0,0,0,4,2,0,2,23
p04003,s015793920,cpp,1400,1,0,0,0,0,0,0,4,2,0,1,11
p04003,s017106788,cpp,1906,1,0,0,0,0,0,0,4,2,0,2,16
p04003,s017772844,cpp,1697,1,0,0,0,0,0,0,2,2,0,2,18
p04003,s017872325,cpp,1010,1,0,0,0,1,0,0,3,2,0,4,36
p04003,s018148644,cpp,1555,0,0,0,0,1,1,0,10,4,0,1,45
p04003,s018480286,cpp,1827,1,0,0,0,1,0,0,2,2,0,3,15
p04003,s014781845,python,986,0,0,0,0,0,1,0,4,2,0,1,32
p04003,s036946028,python,1380,0,0,0,0,1,0,0,8,2,0,2,48
p04003,s057243147,python,1109,1,0,0,0,0,0,0,3,2,0,0,17
p04003,s074326715,python,777,1,0,0,0,1,0,0,3,2,0,0,15
p04003,s094481301,python,2935,0,0,0,0,1,0,0,6,2,0,15,28
p04003,s127859092,python,802,1,0,0,0,0,0,0,3,2,0,0,14
p04003,s143634452,python,656,1,0,0,0,0,0,0,3,2,0,0,7
p04003,s150736330,python,1039,0,0,0,0,0,0,0,0,0,0,0,0
p04003,s185272452,python,1308,1,0,0,0,0,0,0,3,2,0,8,14
p04003,s202012230,python,983,1,0,0,0,0,0,0,3,2,0,0,13
p04003,s237963267,python,1138,1,0,0,0,0,0,0,5,3,0,1,9
p04003,s247296884,python,1934,1,0,0,0,1,0,0,7,2,0,5,32
p04003,s289165763,python,1115,1,0,0,0,0,0,0,5,3,0,1,12
p04003,s298925092,python,1212,0,0,0,0,0,1,0,4,2,0,2,16
p04003,s303648504,python,1129,1,0,0,0,0,0,0,3,2,0,0,17
p04003,s304708613,python,1281,1,0,1,0,0,0,0,5,3,0,0,14
p04003,s325267431,python,1129,1,0,0,0,0,0,0,5,3,0,1,11
p04003,s334579000,python,1412,1,1,0,0,0,0,0,5,2,1,2,22
p04003,s341876951,python,1224,1,0,0,0,0,0,0,4,2,0,3,14
p04003,s344114501,python,3166,1,0,0,0,1,0,0,10,3,0,6,43
p04003,s368174819,python,1118,1,0,0,0,0,0,0,5,3,0,1,10
p04003,s378320682,python,994,1,0,0,0,0,0,0,3,2,0,0,13
p04003,s387047640,python,1313,0,0,0,0,0,0,0,6,3,0,0,19
p04003,s409127503,python,971,1,0,0,0,0,0,0,2,1,0,1,10
p04003,s420597540,python,840,1,0,0,0,0,0,0,5,2,0,1,13
p04003,s428951489,python,1194,1,0,0,0,0,0,0,3,2,0,1,13
p04003,s476127556,python,1620,0,0,0,0,1,0,0,7,2,0,2,21
p04003,s480225150,python,2115,1,0,0,0,0,0,0,4,2,0,12,17
p04003,s480748572,python,2115,1,0,0,0,0,0,0,4,2,0,12,17
p04003,s493674568,python,1222,1,0,1,0,0,0,0,5,3,0,0,14
p04009,s000892798,cpp,2618,0,1,0,0,1,0,0,13,4,1,3,41
p04009,s001487347,cpp,1625,0,0,0,0,1,0,0,6,4,0,1,68
p04009,s007940381,cpp,4147,0,0,0,0,1,0,0,0,0,0,18,101
p04009,s008871992,cpp,1793,0,0,0,0,1,0,0,8,4,0,3,75
p04009,s011094934,cpp,3492,0,0,0,0,1,0,0,6,4,0,1,98
p04009,s011830966,cpp,2432,0,0,0,0,1,0,0,9,4,0,2,59
p04009,s013001264,cpp,1936,0,0,0,0,1,0,0,10,4,0,1,93
p04009,s015868984,cpp,4517,0,0,0,0,0,0,0,4,1,1,26,25
p04009,s016656095,cpp,2865,0,0,0,0,0,0,0,3,2,1,10,38
p04009,s022285017,cpp,2627,0,0,0,0,1,0,0,18,4,0,4,88
p04009,s024965594,cpp,1354,0,0,0,0,1,0,0,6,4,0,4,47
p04009,s029110427,cpp,2386,0,0,0,0,1,0,0,6,4,0,4,58
p04009,s031811579,cpp,1165,0,0,0,0,1,0,0,6,4,0,2,68
p04009,s033293848,cpp,1416,0,0,0,0,1,0,0,8,4,0,2,71
p04009,s033499290,cpp,1180,0,0,0,0,1,0,0,6,4,0,2,71
p04009,s034287433,cpp,3172,0,0,0,0,1,0,0,0,0,0,16,51
p04009,s044739741,cpp,2714,0,0,0,0,1,0,0,2,1,1,9,91
p04009,s046149476,cpp,2083,0,0,0,0,1,0,0,2,1,0,5,61
p04009,s054776151,cpp,1932,0,0,0,0,1,0,0,6,4,0,3,61
p04009,s055539471,cpp,1581,0,0,0,0,1,0,0,6,4,0,3,48
p04009,s056724510,cpp,4424,0,0,0,0,1,0,0,9,4,0,4,125
p04009,s057409910,cpp,1820,0,0,0,0,1,0,0,9,4,0,7,67
p04009,s058929432,cpp,1816,0,1,0,0,1,0,0,3,2,1,3,33
p04009,s060035723,cpp,2452,0,0,0,0,1,0,0,8,4,0,4,36
p04009,s063454971,cpp,1813,0,0,0,0,1,0,0,11,4,0,1,82
p04009,s067126597,cpp,1286,0,0,0,0,1,0,0,8,4,0,6,69
p04009,s073617831,cpp,1749,0,0,0,0,1,0,0,8,4,1,4,79
p04009,s074987781,cpp,2592,0,1,0,0,0,0,0,4,4,1,3,93
p04009,s077826624,cpp,1526,0,0,0,0,1,0,0,11,4,0,4,43
p04009,s082939205,cpp,988,0,0,0,0,1,0,0,6,4,0,2,57
p04011,s000517516,cpp,4569,0,0,0,0,0,0,0,6,1,1,15,1
p04011,s000768571,cpp,198,0,0,0,0,0,0,0,0,0,0,1,0
p04011,s000845028,cpp,549,0,0,0,0,0,0,0,1,1,0,1,0
p04011,s000897266,cpp,382,0,0,0,0,0,0,0,0,0,0,1,0
p04011,s000910713,cpp,161,0,0,0,0,0,0,0,0,0,0,1,0
p04011,s001128570,cpp,250,0,0,0,0,0,0,0,0,0,0,1,0
p04011,s001355930,cpp,242,0,0,0,0,0,0,0,0,0,0,1,0
p04011,s001442891,cpp,158,0,0,0,0,0,0,0,0,0,0,1,0
p04011,s001640243,cpp,191,0,0,0,0,0,0,0,0,0,0,1,0
p04011,s001749386,cpp,1994,0,0,0,0,0,0,0,0,0,1,7,0
p04011,s001793310,cpp,1046,0,0,0,0,0,0,0,7,1,0,5,2
p04011,s001821736,cpp,195,0,0,0,0,0,0,0,0,0,0,1,0
p04011,s002580208,cpp,1007,0,0,0,0,0,0,0,0,0,0,4,0
p04011,s002787518,cpp,1555,0,0,0,0,0,0,0,0,0,1,5,0
p04011,s003021247,cpp,330,0,0,0,0,0,0,0,0,0,0,1,0
p04011,s003021720,cpp,242,0,0,0,0,0,0,0,0,0,0,1,0
p04011,s003400827,cpp,763,0,0,0,0,0,0,0,0,0,0,1,0
p04011,s003539828,cpp,407,0,0,0,0,0,0,0,3,1,0,1,0
p04011,s004190258,cpp,1299,0,0,0,0,0,0,0,3,2,1,5,10
p04011,s004728412,cpp,744,0,0,0,0,0,0,0,0,0,0,1,0
p04011,s005211829,cpp,422,0,0,0,0,0,0,0,0,0,0,1,0
p04011,s005328284,cpp,239,0,0,0,0,0,0,0,0,0,0,1,0
p04011,s005541033,cpp,263,0,0,0,0,0,0,0,0,0,0,1,0
p04011,s005686338,cpp,361,0,0,0,0,0,0,0,0,0,0,1,0
p04011,s005712119,cpp,170,0,0,0,0,0,0,0,0,0,0,1,0
p04011,s005791724,cpp,585,0,0,0,0,0,0,0,0,0,0,1,0
p04011,s005967449,cpp,240,0,0,0,0,0,0,0,0,0,0,1,0
p04011,s005990859,cpp,2674,0,0,0,0,1,0,0,2,1,0,14,10
p04011,s006114607,cpp,274,0,0,0,0,0,0,0,0,0,0,1,0
p04011,s006326656,cpp,278,0,0,0,0,0,0,0,0,0,0,1,0
p04011,s000242910,python,98,0,0,0,0,0,0,0,0,0,0,0,0
p04011,s000451169,python,168,0,0,0,0,0,0,0,1,1,0,0,0
p04011,s000567227,python,522,0,0,0,0,0,0,0,0,0,0,0,0
p04011,s000692199,python,121,0,0,0,0,0,0,0,0,0,0,0,0
p04011,s001206578,python,170,0,0,0,0,0,0,0,1,1,0,0,0
p04011,s001225275,python,136,0,0,0,0,0,0,0,0,0,0,0,0
p04011,s001285206,python,126,0,0,0,0,0,0,0,0,0,0,0,0
p04011,s001310706,python,150,0,0,0,0,0,0,0,1,1,0,0,0
p04011,s001583177,python,208,0,0,0,0,0,0,0,1,1,0,0,9
p04011,s001673712,python,101,0,0,0,0,0,0,0,0,0,0,0,0
p04011,s001919236,python,95,0,0,0,0,0,0,0,0,0,0,0,0
p04011,s002199216,python,113,0,0,0,0,0,0,0,0,0,0,0,0
p04011,s002324248,python,115,0,0,0,0,0,0,0,0,0,0,0,0
p04011,s002842038,python,122,0,0,0,0,0,0,0,0,0,0,0,0
p04011,s003148475,python,121,0,0,0,0,0,0,0,0,0,0,0,0
p04011,s003150716,python,132,0,0,0,0,0,0,0,0,0,0,0,0
p04011,s003318333,python,132,0,0,0,0,0,0,0,0,0,0,0,0
p04011,s003857828,python,120,0,0,0,0,0,0,0,0,0,0,0,0
p04011,s003937700,python,295,0,0,0,0,0,0,0,0,0,0,0,0
p04011,s004002955,python,102,0,0,0,0,0,0,0,0,0,0,0,0
p04011,s004496756,python,128,0,0,0,0,0,0,0,0,0,0,0,0
p04011,s004590425,python,131,0,0,0,0,0,0,0,0,0,0,0,0
p04011,s004861579,python,119,0,0,0,0,0,0,0,0,0,0,0,0
p04011,s005676880,python,102,0,0,0,0,0,0,0,0,0,0,0,0
p04011,s005701167,python,146,0,0,0,0,0,0,0,0,0,0,0,0
p04011,s006090138,python,122,0,0,0,0,0,0,0,0,0,0,0,0
p04011,s006759877,python,111,0,0,0,0,0,0,0,0,0,0,0,0
p04011,s006875037,python,189,0,0,0,0,0,0,0,1,1,0,0,0
p04011,s006939612,python,108,0,0,0,0,0,0,0,0,0,0,0,0
p04011,s008300716,python,121,0,0,0,0,0,0,0,0,0,0,0,0
